month,file_month,rank,bank_raw,bank,volume_mn,approved_pct,bd_pct,td_pct,debit_reversal_mn,debit_reversal_success_pct,source_file,month_source,n_member_rows,entity,is_bank,pct_sum
2024-01,2024-01,1,State Bank Of India,State Bank of India,3128.97,95.62,4.19,0.19,11.58,96.85,b637e410-Ecosystem-Statistics-UPI-Top-50-member-performance-2024-Jan-Remitter_2.xlsx,sheet title,1,State Bank of India,True,100.0
2024-01,2024-01,2,HDFC BANK LTD,HDFC Bank,1040.25,96.49,3.51,0.0,3.34,98.84,b637e410-Ecosystem-Statistics-UPI-Top-50-member-performance-2024-Jan-Remitter_2.xlsx,sheet title,1,HDFC Bank,True,100.0
2024-01,2024-01,3,Bank of Baroda,Bank of Baroda,781.72,95.28,4.68,0.04,2.71,98.54,b637e410-Ecosystem-Statistics-UPI-Top-50-member-performance-2024-Jan-Remitter_2.xlsx,sheet title,1,Bank of Baroda,True,100.0
2024-01,2024-01,4,Union Bank of India,Union Bank of India,753.66,94.51,4.34,1.15,7.16,46.76,b637e410-Ecosystem-Statistics-UPI-Top-50-member-performance-2024-Jan-Remitter_2.xlsx,sheet title,1,Union Bank of India,True,100.0
2024-01,2024-01,5,Punjab National Bank,Punjab National Bank,618.95,94.78,4.95,0.27,2.61,88.58,b637e410-Ecosystem-Statistics-UPI-Top-50-member-performance-2024-Jan-Remitter_2.xlsx,sheet title,1,Punjab National Bank,True,100.0
2024-01,2024-01,6,Kotak Mahindra Bank,Kotak Mahindra Bank,600.83,93.64,5.19,1.17,2.08,89.49,b637e410-Ecosystem-Statistics-UPI-Top-50-member-performance-2024-Jan-Remitter_2.xlsx,sheet title,1,Kotak Mahindra Bank,True,100.0
2024-01,2024-01,7,Canara Bank,Canara Bank,572.16,94.18,5.38,0.44,3.02,85.98,b637e410-Ecosystem-Statistics-UPI-Top-50-member-performance-2024-Jan-Remitter_2.xlsx,sheet title,1,Canara Bank,True,100.0
2024-01,2024-01,8,Axis Bank Ltd.,Axis Bank,559.49,96.11,3.58,0.3,2.66,60.21,b637e410-Ecosystem-Statistics-UPI-Top-50-member-performance-2024-Jan-Remitter_2.xlsx,sheet title,1,Axis Bank,True,99.99
2024-01,2024-01,9,ICICI Bank,ICICI Bank,547.55,96.59,3.32,0.08,1.64,95.72,b637e410-Ecosystem-Statistics-UPI-Top-50-member-performance-2024-Jan-Remitter_2.xlsx,sheet title,1,ICICI Bank,True,99.99
2024-01,2024-01,10,Paytm Payments Bank,Paytm Payments Bank,410.06,96.3,3.7,0.01,0.87,98.11,b637e410-Ecosystem-Statistics-UPI-Top-50-member-performance-2024-Jan-Remitter_2.xlsx,sheet title,1,Paytm Payments Bank,True,100.01
2024-01,2024-01,11,Bank of India,Bank of India,389.29,95.33,4.59,0.08,1.48,91.49,b637e410-Ecosystem-Statistics-UPI-Top-50-member-performance-2024-Jan-Remitter_2.xlsx,sheet title,1,Bank of India,True,100.0
2024-01,2024-01,12,Indian Bank,Indian Bank,348.89,95.15,4.47,0.37,1.51,84.37,b637e410-Ecosystem-Statistics-UPI-Top-50-member-performance-2024-Jan-Remitter_2.xlsx,sheet title,1,Indian Bank,True,99.99
2024-01,2024-01,13,Airtel Payments Bank,Airtel Payments Bank,337.05,89.95,8.98,1.07,1.93,69.9,b637e410-Ecosystem-Statistics-UPI-Top-50-member-performance-2024-Jan-Remitter_2.xlsx,sheet title,1,Airtel Payments Bank,True,100.0
2024-01,2024-01,14,India Post Payment Bank,India Post Payments Bank,265.13,82.66,12.2,5.14,1.67,54.81,b637e410-Ecosystem-Statistics-UPI-Top-50-member-performance-2024-Jan-Remitter_2.xlsx,sheet title,1,India Post Payments Bank,True,100.0
2024-01,2024-01,15,Federal Bank,Federal Bank,185.9,95.53,4.28,0.19,0.65,93.72,b637e410-Ecosystem-Statistics-UPI-Top-50-member-performance-2024-Jan-Remitter_2.xlsx,sheet title,1,Federal Bank,True,100.0
2024-01,2024-01,16,Central Bank Of India,Central Bank of India,178.41,85.44,9.38,5.18,4.29,72.15,b637e410-Ecosystem-Statistics-UPI-Top-50-member-performance-2024-Jan-Remitter_2.xlsx,sheet title,1,Central Bank of India,True,100.0
2024-01,2024-01,17,Indian Overseas Bank,Indian Overseas Bank,165.09,94.28,4.41,1.31,0.99,90.36,b637e410-Ecosystem-Statistics-UPI-Top-50-member-performance-2024-Jan-Remitter_2.xlsx,sheet title,1,Indian Overseas Bank,True,100.0
2024-01,2024-01,18,UCO Bank,UCO Bank,152.41,88.37,7.47,4.16,2.33,40.45,b637e410-Ecosystem-Statistics-UPI-Top-50-member-performance-2024-Jan-Remitter_2.xlsx,sheet title,1,UCO Bank,True,100.0
2024-01,2024-01,19,IDBI Bank Limited,IDBI Bank,141.57,92.73,4.28,2.98,1.31,81.4,b637e410-Ecosystem-Statistics-UPI-Top-50-member-performance-2024-Jan-Remitter_2.xlsx,sheet title,1,IDBI Bank,True,99.99
2024-01,2024-01,20,Bank of Maharashtra,Bank of Maharashtra,136.29,94.42,4.61,0.97,0.61,76.33,b637e410-Ecosystem-Statistics-UPI-Top-50-member-performance-2024-Jan-Remitter_2.xlsx,sheet title,1,Bank of Maharashtra,True,100.0
2024-01,2024-01,21,INDUSIND BANK,IndusInd Bank,125.63,93.06,5.97,0.97,0.68,98.66,b637e410-Ecosystem-Statistics-UPI-Top-50-member-performance-2024-Jan-Remitter_2.xlsx,sheet title,1,IndusInd Bank,True,100.0
2024-01,2024-01,22,Fino Payments Bank Limited FIP,Fino Payments Bank,115.14,89.66,9.41,0.93,0.63,67.81,b637e410-Ecosystem-Statistics-UPI-Top-50-member-performance-2024-Jan-Remitter_2.xlsx,sheet title,1,Fino Payments Bank,True,100.0
2024-01,2024-01,23,Karnataka Bank,Karnataka Bank,97.36,91.93,7.49,0.59,0.42,77.55,b637e410-Ecosystem-Statistics-UPI-Top-50-member-performance-2024-Jan-Remitter_2.xlsx,sheet title,1,Karnataka Bank,True,100.01
2024-01,2024-01,24,Yes Bank Ltd,YES Bank,93.47,94.92,4.98,0.1,0.25,93.0,b637e410-Ecosystem-Statistics-UPI-Top-50-member-performance-2024-Jan-Remitter_2.xlsx,sheet title,1,YES Bank,True,100.0
2024-01,2024-01,25,IDFC FIRST Bank,IDFC FIRST Bank,73.92,94.2,5.77,0.03,0.03,0.0,b637e410-Ecosystem-Statistics-UPI-Top-50-member-performance-2024-Jan-Remitter_2.xlsx,sheet title,1,IDFC FIRST Bank,True,100.0
2024-01,2024-01,26,Karur Vysya Bank,Karur Vysya Bank,59.56,94.12,5.54,0.34,0.24,92.86,b637e410-Ecosystem-Statistics-UPI-Top-50-member-performance-2024-Jan-Remitter_2.xlsx,sheet title,1,Karur Vysya Bank,True,100.0
2024-01,2024-01,27,Bandhan Bank,Bandhan Bank,49.22,87.51,6.16,6.32,0.85,68.2,b637e410-Ecosystem-Statistics-UPI-Top-50-member-performance-2024-Jan-Remitter_2.xlsx,sheet title,1,Bandhan Bank,True,99.99
2024-01,2024-01,28,South Indian Bank,South Indian Bank,48.9,96.35,3.55,0.11,0.14,95.97,b637e410-Ecosystem-Statistics-UPI-Top-50-member-performance-2024-Jan-Remitter_2.xlsx,sheet title,1,South Indian Bank,True,100.01
2024-01,2024-01,29,Jammu and Kashmir Bank,Jammu & Kashmir Bank,44.46,91.55,7.21,1.24,0.31,70.87,b637e410-Ecosystem-Statistics-UPI-Top-50-member-performance-2024-Jan-Remitter_2.xlsx,sheet title,1,Jammu & Kashmir Bank,True,100.0
2024-01,2024-01,30,Ujjivan Small Finance Bank,Ujjivan Small Finance Bank,38.33,92.75,5.66,1.59,0.29,53.05,b637e410-Ecosystem-Statistics-UPI-Top-50-member-performance-2024-Jan-Remitter_2.xlsx,sheet title,1,Ujjivan Small Finance Bank,True,100.0
2024-01,2024-01,31,AU small Finance Bank,AU Small Finance Bank,37.48,95.19,4.51,0.29,0.17,95.13,b637e410-Ecosystem-Statistics-UPI-Top-50-member-performance-2024-Jan-Remitter_2.xlsx,sheet title,1,AU Small Finance Bank,True,99.99
2024-01,2024-01,32,Tri O Tech Solutions Private Limited,Tri O Tech Solutions,36.62,100.0,0.0,0.0,0.0,0.0,b637e410-Ecosystem-Statistics-UPI-Top-50-member-performance-2024-Jan-Remitter_2.xlsx,sheet title,1,Tri O Tech Solutions,False,100.0
2024-01,2024-01,33,City Union Bank,City Union Bank,35.87,93.46,6.23,0.32,0.13,94.3,b637e410-Ecosystem-Statistics-UPI-Top-50-member-performance-2024-Jan-Remitter_2.xlsx,sheet title,1,City Union Bank,True,100.01
2024-01,2024-01,34,Tamilnad Mercantile Bank,Tamilnad Mercantile Bank,32.19,92.76,6.99,0.26,0.11,92.37,b637e410-Ecosystem-Statistics-UPI-Top-50-member-performance-2024-Jan-Remitter_2.xlsx,sheet title,1,Tamilnad Mercantile Bank,True,100.01
2024-01,2024-01,35,Punjab and Sind Bank,Punjab & Sind Bank,30.87,93.14,6.1,0.76,0.2,73.5,b637e410-Ecosystem-Statistics-UPI-Top-50-member-performance-2024-Jan-Remitter_2.xlsx,sheet title,1,Punjab & Sind Bank,True,100.0
2024-01,2024-01,36,Equitas Bank,Equitas Small Finance Bank,28.56,93.04,6.96,0.0,0.11,97.83,b637e410-Ecosystem-Statistics-UPI-Top-50-member-performance-2024-Jan-Remitter_2.xlsx,sheet title,1,Equitas Small Finance Bank,True,100.0
2024-01,2024-01,37,Standard Chartered,Standard Chartered Bank,26.21,97.18,2.33,0.5,0.09,77.36,b637e410-Ecosystem-Statistics-UPI-Top-50-member-performance-2024-Jan-Remitter_2.xlsx,sheet title,1,Standard Chartered Bank,True,100.01
2024-01,2024-01,38,Andhra Pradesh Grameena Vikas Bank,Andhra Pradesh Grameena Vikas Bank,25.95,86.69,11.8,1.51,0.18,49.75,b637e410-Ecosystem-Statistics-UPI-Top-50-member-performance-2024-Jan-Remitter_2.xlsx,sheet title,1,Telangana Grameena Bank,True,100.0
2024-01,2024-01,39,DBS Bank India Limited,DBS Bank India,24.57,95.78,4.11,0.11,0.09,77.72,b637e410-Ecosystem-Statistics-UPI-Top-50-member-performance-2024-Jan-Remitter_2.xlsx,sheet title,1,DBS Bank India,True,100.0
2024-01,2024-01,40,Pragathi Krishna Gramin Bank,Karnataka Gramin Bank,24.49,81.75,7.84,10.41,0.3,77.98,b637e410-Ecosystem-Statistics-UPI-Top-50-member-performance-2024-Jan-Remitter_2.xlsx,sheet title,1,Karnataka Gramin Bank,True,100.0
2024-01,2024-01,41,Kerala Gramin Bank,Kerala Gramin Bank,23.61,90.1,5.94,3.96,0.25,66.77,b637e410-Ecosystem-Statistics-UPI-Top-50-member-performance-2024-Jan-Remitter_2.xlsx,sheet title,1,Kerala Gramin Bank,True,100.0
2024-01,2024-01,42,Maharashtra Gramin Bank,Maharashtra Gramin Bank,22.84,84.76,10.98,4.26,0.12,58.1,b637e410-Ecosystem-Statistics-UPI-Top-50-member-performance-2024-Jan-Remitter_2.xlsx,sheet title,1,Maharashtra Gramin Bank,True,100.0
2024-01,2024-01,43,Saraswat Bank,Saraswat Co-operative Bank,21.62,94.6,4.52,0.87,0.11,62.88,b637e410-Ecosystem-Statistics-UPI-Top-50-member-performance-2024-Jan-Remitter_2.xlsx,sheet title,1,Saraswat Co-operative Bank,True,99.99
2024-01,2024-01,44,ESAF Small Finance Bank Ltd.,ESAF Small Finance Bank,20.91,88.57,5.06,6.37,0.37,63.82,b637e410-Ecosystem-Statistics-UPI-Top-50-member-performance-2024-Jan-Remitter_2.xlsx,sheet title,1,ESAF Small Finance Bank,True,100.0
2024-01,2024-01,45,Rajasthan Marudhara Gramin Bank,Rajasthan Marudhara Gramin Bank,20.02,88.02,11.36,0.63,0.09,76.77,b637e410-Ecosystem-Statistics-UPI-Top-50-member-performance-2024-Jan-Remitter_2.xlsx,sheet title,1,Rajasthan Marudhara Gramin Bank,True,100.01
2024-01,2024-01,46,Baroda UP Gramin Bank,Baroda UP Gramin Bank,19.44,54.14,9.55,36.31,1.89,27.81,b637e410-Ecosystem-Statistics-UPI-Top-50-member-performance-2024-Jan-Remitter_2.xlsx,sheet title,1,Baroda UP Gramin Bank,True,100.0
2024-01,2024-01,47,Citibank,Citibank,19.38,96.67,3.07,0.26,0.07,99.19,b637e410-Ecosystem-Statistics-UPI-Top-50-member-performance-2024-Jan-Remitter_2.xlsx,sheet title,1,Citibank,True,100.0
2024-01,2024-01,48,Fincare Small Finance Bank Ltd,Fincare Small Finance Bank,17.51,86.69,12.38,0.92,0.09,86.11,b637e410-Ecosystem-Statistics-UPI-Top-50-member-performance-2024-Jan-Remitter_2.xlsx,sheet title,1,Fincare Small Finance Bank,True,99.99
2024-01,2024-01,49,RBL Bank,RBL Bank,15.89,82.78,5.54,11.68,0.16,69.48,b637e410-Ecosystem-Statistics-UPI-Top-50-member-performance-2024-Jan-Remitter_2.xlsx,sheet title,1,RBL Bank,True,100.0
2024-01,2024-01,50,Sarva Haryana Gramin Bank,Sarva Haryana Gramin Bank,14.96,92.64,6.89,0.47,0.11,60.36,b637e410-Ecosystem-Statistics-UPI-Top-50-member-performance-2024-Jan-Remitter_2.xlsx,sheet title,1,Sarva Haryana Gramin Bank,True,100.0
2024-02,2024-02,1,State Bank Of India,State Bank of India,3135.27,94.83,4.23,0.94,13.94,90.58,d8fcc100-Ecosystem-Statistics-UPI-Top-50-member-performance-2024-Feb-Remitter.xlsx,sheet title,1,State Bank of India,True,100.0
2024-02,2024-02,2,HDFC BANK LTD,HDFC Bank,1049.59,95.71,3.6,0.69,5.35,75.52,d8fcc100-Ecosystem-Statistics-UPI-Top-50-member-performance-2024-Feb-Remitter.xlsx,sheet title,1,HDFC Bank,True,100.0
2024-02,2024-02,3,Bank of Baroda,Bank of Baroda,786.15,93.46,5.51,1.03,3.8,90.07,d8fcc100-Ecosystem-Statistics-UPI-Top-50-member-performance-2024-Feb-Remitter.xlsx,sheet title,1,Bank of Baroda,True,100.0
2024-02,2024-02,4,Union Bank of India,Union Bank of India,754.01,93.8,4.52,1.68,6.41,38.65,d8fcc100-Ecosystem-Statistics-UPI-Top-50-member-performance-2024-Feb-Remitter.xlsx,sheet title,1,Union Bank of India,True,100.0
2024-02,2024-02,5,Punjab National Bank,Punjab National Bank,628.99,94.85,4.9,0.25,2.5,97.32,d8fcc100-Ecosystem-Statistics-UPI-Top-50-member-performance-2024-Feb-Remitter.xlsx,sheet title,1,Punjab National Bank,True,100.0
2024-02,2024-02,6,ICICI Bank,ICICI Bank,539.76,96.39,3.32,0.29,2.21,90.34,d8fcc100-Ecosystem-Statistics-UPI-Top-50-member-performance-2024-Feb-Remitter.xlsx,sheet title,1,ICICI Bank,True,100.0
2024-02,2024-02,7,Axis Bank Ltd.,Axis Bank,558.18,96.29,3.66,0.05,1.95,83.76,d8fcc100-Ecosystem-Statistics-UPI-Top-50-member-performance-2024-Feb-Remitter.xlsx,sheet title,1,Axis Bank,True,100.0
2024-02,2024-02,8,Kotak Mahindra Bank,Kotak Mahindra Bank,609.79,93.1,5.48,1.42,2.22,85.84,d8fcc100-Ecosystem-Statistics-UPI-Top-50-member-performance-2024-Feb-Remitter.xlsx,sheet title,1,Kotak Mahindra Bank,True,100.0
2024-02,2024-02,9,Canara Bank,Canara Bank,578.21,94.12,5.42,0.45,3.13,84.99,d8fcc100-Ecosystem-Statistics-UPI-Top-50-member-performance-2024-Feb-Remitter.xlsx,sheet title,1,Canara Bank,True,99.99
2024-02,2024-02,10,Paytm Payments Bank,Paytm Payments Bank,294.2,94.39,5.6,0.01,0.66,98.3,d8fcc100-Ecosystem-Statistics-UPI-Top-50-member-performance-2024-Feb-Remitter.xlsx,sheet title,1,Paytm Payments Bank,True,100.0
2024-02,2024-02,11,Bank of India,Bank of India,389.19,94.55,4.55,0.9,2.12,67.73,d8fcc100-Ecosystem-Statistics-UPI-Top-50-member-performance-2024-Feb-Remitter.xlsx,sheet title,1,Bank of India,True,100.0
2024-02,2024-02,12,Indian Bank,Indian Bank,354.82,95.1,4.63,0.27,1.34,92.06,d8fcc100-Ecosystem-Statistics-UPI-Top-50-member-performance-2024-Feb-Remitter.xlsx,sheet title,1,Indian Bank,True,100.0
2024-02,2024-02,13,Airtel Payments Bank,Airtel Payments Bank,344.18,91.11,8.65,0.24,1.3,94.3,d8fcc100-Ecosystem-Statistics-UPI-Top-50-member-performance-2024-Feb-Remitter.xlsx,sheet title,1,Airtel Payments Bank,True,100.0
2024-02,2024-02,14,India Post Payment Bank,India Post Payments Bank,271.05,83.2,13.0,3.81,2.05,52.38,d8fcc100-Ecosystem-Statistics-UPI-Top-50-member-performance-2024-Feb-Remitter.xlsx,sheet title,1,India Post Payments Bank,True,100.01
2024-02,2024-02,15,Federal Bank,Federal Bank,187.9,95.3,4.44,0.26,0.69,94.65,d8fcc100-Ecosystem-Statistics-UPI-Top-50-member-performance-2024-Feb-Remitter.xlsx,sheet title,1,Federal Bank,True,100.0
2024-02,2024-02,16,Central Bank Of India,Central Bank of India,179.35,82.62,9.59,7.8,4.98,58.09,d8fcc100-Ecosystem-Statistics-UPI-Top-50-member-performance-2024-Feb-Remitter.xlsx,sheet title,1,Central Bank of India,True,100.01
2024-02,2024-02,17,Indian Overseas Bank,Indian Overseas Bank,168.4,93.49,4.67,1.84,1.15,90.23,d8fcc100-Ecosystem-Statistics-UPI-Top-50-member-performance-2024-Feb-Remitter.xlsx,sheet title,1,Indian Overseas Bank,True,100.0
2024-02,2024-02,18,UCO Bank,UCO Bank,148.69,94.51,5.38,0.11,0.63,87.67,d8fcc100-Ecosystem-Statistics-UPI-Top-50-member-performance-2024-Feb-Remitter.xlsx,sheet title,1,UCO Bank,True,100.0
2024-02,2024-02,19,IDBI Bank Limited,IDBI Bank,138.33,89.05,4.39,6.56,2.3,71.66,d8fcc100-Ecosystem-Statistics-UPI-Top-50-member-performance-2024-Feb-Remitter.xlsx,sheet title,1,IDBI Bank,True,100.0
2024-02,2024-02,20,Bank of Maharashtra,Bank of Maharashtra,135.58,91.92,4.82,3.26,0.92,61.29,d8fcc100-Ecosystem-Statistics-UPI-Top-50-member-performance-2024-Feb-Remitter.xlsx,sheet title,1,Bank of Maharashtra,True,100.0
2024-02,2024-02,21,INDUSIND BANK,IndusInd Bank,129.68,93.37,5.92,0.71,0.91,95.3,d8fcc100-Ecosystem-Statistics-UPI-Top-50-member-performance-2024-Feb-Remitter.xlsx,sheet title,1,IndusInd Bank,True,100.0
2024-02,2024-02,22,Fino Payments Bank Limited,Fino Payments Bank,116.25,90.66,8.85,0.49,0.6,69.94,d8fcc100-Ecosystem-Statistics-UPI-Top-50-member-performance-2024-Feb-Remitter.xlsx,sheet title,1,Fino Payments Bank,True,100.0
2024-02,2024-02,23,Yes Bank Ltd,YES Bank,93.4,94.7,5.06,0.24,0.28,86.09,d8fcc100-Ecosystem-Statistics-UPI-Top-50-member-performance-2024-Feb-Remitter.xlsx,sheet title,1,YES Bank,True,100.0
2024-02,2024-02,24,Karnataka Bank,Karnataka Bank,95.34,93.42,5.76,0.82,0.41,84.09,d8fcc100-Ecosystem-Statistics-UPI-Top-50-member-performance-2024-Feb-Remitter.xlsx,sheet title,1,Karnataka Bank,True,100.0
2024-02,2024-02,25,Karur Vysya Bank,Karur Vysya Bank,60.33,94.05,5.44,0.5,0.25,95.11,d8fcc100-Ecosystem-Statistics-UPI-Top-50-member-performance-2024-Feb-Remitter.xlsx,sheet title,1,Karur Vysya Bank,True,99.99
2024-02,2024-02,26,Bandhan Bank,Bandhan Bank,49.32,89.8,6.16,4.04,0.56,74.85,d8fcc100-Ecosystem-Statistics-UPI-Top-50-member-performance-2024-Feb-Remitter.xlsx,sheet title,1,Bandhan Bank,True,100.0
2024-02,2024-02,27,South Indian Bank,South Indian Bank,48.87,96.05,3.93,0.02,0.14,95.53,d8fcc100-Ecosystem-Statistics-UPI-Top-50-member-performance-2024-Feb-Remitter.xlsx,sheet title,1,South Indian Bank,True,100.0
2024-02,2024-02,28,IDFC FIRST Bank,IDFC FIRST Bank,74.34,93.92,5.96,0.11,0.28,100.0,d8fcc100-Ecosystem-Statistics-UPI-Top-50-member-performance-2024-Feb-Remitter.xlsx,sheet title,1,IDFC FIRST Bank,True,99.99
2024-02,2024-02,29,Jammu and Kashmir Bank,Jammu & Kashmir Bank,46.57,93.54,5.16,1.3,0.46,35.63,d8fcc100-Ecosystem-Statistics-UPI-Top-50-member-performance-2024-Feb-Remitter.xlsx,sheet title,1,Jammu & Kashmir Bank,True,100.0
2024-02,2024-02,30,City Union Bank,City Union Bank,36.62,93.36,6.21,0.43,0.14,98.29,d8fcc100-Ecosystem-Statistics-UPI-Top-50-member-performance-2024-Feb-Remitter.xlsx,sheet title,1,City Union Bank,True,100.0
2024-02,2024-02,31,Ujjivan Small Finance Bank,Ujjivan Small Finance Bank,37.9,93.71,5.66,0.63,0.21,67.81,d8fcc100-Ecosystem-Statistics-UPI-Top-50-member-performance-2024-Feb-Remitter.xlsx,sheet title,1,Ujjivan Small Finance Bank,True,100.0
2024-02,2024-02,32,AU small Finance Bank,AU Small Finance Bank,38.8,95.09,4.54,0.37,0.21,95.33,d8fcc100-Ecosystem-Statistics-UPI-Top-50-member-performance-2024-Feb-Remitter.xlsx,sheet title,1,AU Small Finance Bank,True,100.0
2024-02,2024-02,33,Tamilnad Mercantile Bank,Tamilnad Mercantile Bank,32.68,93.01,6.45,0.54,0.12,84.51,d8fcc100-Ecosystem-Statistics-UPI-Top-50-member-performance-2024-Feb-Remitter.xlsx,sheet title,1,Tamilnad Mercantile Bank,True,100.0
2024-02,2024-02,34,Equitas Bank,Equitas Small Finance Bank,28.88,93.09,6.87,0.04,0.13,96.46,d8fcc100-Ecosystem-Statistics-UPI-Top-50-member-performance-2024-Feb-Remitter.xlsx,sheet title,1,Equitas Small Finance Bank,True,100.0
2024-02,2024-02,35,Standard Chartered,Standard Chartered Bank,26.59,95.99,2.23,1.78,0.14,67.12,d8fcc100-Ecosystem-Statistics-UPI-Top-50-member-performance-2024-Feb-Remitter.xlsx,sheet title,1,Standard Chartered Bank,True,100.0
2024-02,2024-02,36,Punjab and Sind Bank,Punjab & Sind Bank,31.49,90.85,6.0,3.16,0.4,39.67,d8fcc100-Ecosystem-Statistics-UPI-Top-50-member-performance-2024-Feb-Remitter.xlsx,sheet title,1,Punjab & Sind Bank,True,100.01
2024-02,2024-02,37,DBS Bank India Limited,DBS Bank India,24.28,95.35,4.37,0.27,0.09,77.88,d8fcc100-Ecosystem-Statistics-UPI-Top-50-member-performance-2024-Feb-Remitter.xlsx,sheet title,1,DBS Bank India,True,99.99
2024-02,2024-02,38,Andhra Pradesh Grameena Vikas Bank,Andhra Pradesh Grameena Vikas Bank,26.19,83.85,15.19,0.96,0.14,65.48,d8fcc100-Ecosystem-Statistics-UPI-Top-50-member-performance-2024-Feb-Remitter.xlsx,sheet title,1,Telangana Grameena Bank,True,100.0
2024-02,2024-02,39,Pragathi Krishna Gramin Bank,Karnataka Gramin Bank,23.1,88.69,7.67,3.64,0.38,43.13,d8fcc100-Ecosystem-Statistics-UPI-Top-50-member-performance-2024-Feb-Remitter.xlsx,sheet title,1,Karnataka Gramin Bank,True,100.0
2024-02,2024-02,40,CITI Bank,Citibank,18.92,95.17,4.45,0.37,0.07,96.14,d8fcc100-Ecosystem-Statistics-UPI-Top-50-member-performance-2024-Feb-Remitter.xlsx,sheet title,1,Citibank,True,99.99
2024-02,2024-02,41,Maharashtra Gramin Bank,Maharashtra Gramin Bank,22.28,86.73,11.53,1.75,0.09,82.26,d8fcc100-Ecosystem-Statistics-UPI-Top-50-member-performance-2024-Feb-Remitter.xlsx,sheet title,1,Maharashtra Gramin Bank,True,100.01
2024-02,2024-02,42,Kerala Gramin Bank,Kerala Gramin Bank,25.18,90.99,6.13,2.88,0.31,40.08,d8fcc100-Ecosystem-Statistics-UPI-Top-50-member-performance-2024-Feb-Remitter.xlsx,sheet title,1,Kerala Gramin Bank,True,100.0
2024-02,2024-02,43,Saraswat Bank,Saraswat Co-operative Bank,21.03,95.96,3.78,0.25,0.08,83.4,d8fcc100-Ecosystem-Statistics-UPI-Top-50-member-performance-2024-Feb-Remitter.xlsx,sheet title,1,Saraswat Co-operative Bank,True,99.99
2024-02,2024-02,44,Tri O Tech Solutions Private Limited,Tri O Tech Solutions,37.89,100.0,0.0,0.0,0.0,0.0,d8fcc100-Ecosystem-Statistics-UPI-Top-50-member-performance-2024-Feb-Remitter.xlsx,sheet title,1,Tri O Tech Solutions,False,100.0
2024-02,2024-02,45,Rajasthan Marudhara Gramin Bank,Rajasthan Marudhara Gramin Bank,20.23,88.6,10.75,0.66,0.13,70.74,d8fcc100-Ecosystem-Statistics-UPI-Top-50-member-performance-2024-Feb-Remitter.xlsx,sheet title,1,Rajasthan Marudhara Gramin Bank,True,100.01
2024-02,2024-02,46,ESAF Small Finance Bank Ltd.,ESAF Small Finance Bank,20.59,91.09,4.91,3.99,0.24,71.75,d8fcc100-Ecosystem-Statistics-UPI-Top-50-member-performance-2024-Feb-Remitter.xlsx,sheet title,1,ESAF Small Finance Bank,True,99.99
2024-02,2024-02,47,Baroda UP Gramin Bank,Baroda UP Gramin Bank,17.1,79.41,12.4,8.19,0.4,44.55,d8fcc100-Ecosystem-Statistics-UPI-Top-50-member-performance-2024-Feb-Remitter.xlsx,sheet title,1,Baroda UP Gramin Bank,True,100.0
2024-02,2024-02,48,Sarva Haryana Gramin Bank,Sarva Haryana Gramin Bank,14.14,93.02,6.95,0.03,0.06,95.68,d8fcc100-Ecosystem-Statistics-UPI-Top-50-member-performance-2024-Feb-Remitter.xlsx,sheet title,1,Sarva Haryana Gramin Bank,True,100.0
2024-02,2024-02,49,RBL Bank,RBL Bank,15.27,81.63,8.31,10.06,0.26,47.24,d8fcc100-Ecosystem-Statistics-UPI-Top-50-member-performance-2024-Feb-Remitter.xlsx,sheet title,1,RBL Bank,True,100.0
2024-02,2024-02,50,Andhra Pragathi Grameena Bank,Andhra Pragathi Grameena Bank,14.92,87.07,11.97,0.96,0.07,79.19,d8fcc100-Ecosystem-Statistics-UPI-Top-50-member-performance-2024-Feb-Remitter.xlsx,sheet title,1,Andhra Pragathi Grameena Bank,True,100.0
2024-03,2024-03,1,State Bank Of India,State Bank of India,3557.54,94.99,4.7,0.32,16.59,95.04,b350e5b4-Ecosystem-Statistics-UPI-Top-50-member-performance-2024-Mar-Remitter.xlsx,sheet title,1,State Bank of India,True,100.01
2024-03,2024-03,2,HDFC BANK LTD,HDFC Bank,1158.51,96.13,3.86,0.01,4.26,99.6,b350e5b4-Ecosystem-Statistics-UPI-Top-50-member-performance-2024-Mar-Remitter.xlsx,sheet title,1,HDFC Bank,True,100.0
2024-03,2024-03,3,Bank of Baroda,Bank of Baroda,882.82,93.3,6.25,0.45,4.4,96.49,b350e5b4-Ecosystem-Statistics-UPI-Top-50-member-performance-2024-Mar-Remitter.xlsx,sheet title,1,Bank of Baroda,True,100.0
2024-03,2024-03,4,Union Bank of India,Union Bank of India,848.59,93.47,5.14,1.4,6.51,53.92,b350e5b4-Ecosystem-Statistics-UPI-Top-50-member-performance-2024-Mar-Remitter.xlsx,sheet title,1,Union Bank of India,True,100.01
2024-03,2024-03,5,Punjab National Bank,Punjab National Bank,728.08,94.22,5.54,0.23,3.49,99.11,b350e5b4-Ecosystem-Statistics-UPI-Top-50-member-performance-2024-Mar-Remitter.xlsx,sheet title,1,Punjab National Bank,True,99.99
2024-03,2024-03,6,Kotak Mahindra Bank,Kotak Mahindra Bank,703.56,93.66,6.2,0.14,3.28,90.24,b350e5b4-Ecosystem-Statistics-UPI-Top-50-member-performance-2024-Mar-Remitter.xlsx,sheet title,1,Kotak Mahindra Bank,True,100.0
2024-03,2024-03,7,Canara Bank,Canara Bank,642.81,93.72,5.91,0.37,3.68,81.79,b350e5b4-Ecosystem-Statistics-UPI-Top-50-member-performance-2024-Mar-Remitter.xlsx,sheet title,1,Canara Bank,True,100.0
2024-03,2024-03,8,Axis Bank Ltd.,Axis Bank,630.13,96.07,3.93,0.01,2.14,97.72,b350e5b4-Ecosystem-Statistics-UPI-Top-50-member-performance-2024-Mar-Remitter.xlsx,sheet title,1,Axis Bank,True,100.01
2024-03,2024-03,9,ICICI Bank,ICICI Bank,603.62,96.4,3.52,0.09,2.07,95.68,b350e5b4-Ecosystem-Statistics-UPI-Top-50-member-performance-2024-Mar-Remitter.xlsx,sheet title,1,ICICI Bank,True,100.01
2024-03,2024-03,10,Bank of India,Bank of India,434.19,94.63,5.03,0.34,2.23,84.44,b350e5b4-Ecosystem-Statistics-UPI-Top-50-member-performance-2024-Mar-Remitter.xlsx,sheet title,1,Bank of India,True,100.0
2024-03,2024-03,11,Indian Bank,Indian Bank,400.98,94.39,5.4,0.21,2.44,75.2,b350e5b4-Ecosystem-Statistics-UPI-Top-50-member-performance-2024-Mar-Remitter.xlsx,sheet title,1,Indian Bank,True,100.0
2024-03,2024-03,12,Airtel Payments Bank,Airtel Payments Bank,387.91,91.25,8.63,0.12,2.14,95.89,b350e5b4-Ecosystem-Statistics-UPI-Top-50-member-performance-2024-Mar-Remitter.xlsx,sheet title,1,Airtel Payments Bank,True,100.0
2024-03,2024-03,13,India Post Payment Bank,India Post Payments Bank,312.23,80.17,13.85,5.98,3.15,46.99,b350e5b4-Ecosystem-Statistics-UPI-Top-50-member-performance-2024-Mar-Remitter.xlsx,sheet title,1,India Post Payments Bank,True,100.0
2024-03,2024-03,14,Federal Bank,Federal Bank,204.83,94.79,5.01,0.2,0.76,98.04,b350e5b4-Ecosystem-Statistics-UPI-Top-50-member-performance-2024-Mar-Remitter.xlsx,sheet title,1,Federal Bank,True,100.0
2024-03,2024-03,15,Central Bank Of India,Central Bank of India,200.37,85.98,10.69,3.33,2.61,51.15,b350e5b4-Ecosystem-Statistics-UPI-Top-50-member-performance-2024-Mar-Remitter.xlsx,sheet title,1,Central Bank of India,True,100.0
2024-03,2024-03,16,Indian Overseas Bank,Indian Overseas Bank,188.01,92.66,4.92,2.42,1.21,91.57,b350e5b4-Ecosystem-Statistics-UPI-Top-50-member-performance-2024-Mar-Remitter.xlsx,sheet title,1,Indian Overseas Bank,True,100.0
2024-03,2024-03,17,UCO Bank,UCO Bank,171.87,93.19,5.9,0.91,1.34,57.58,b350e5b4-Ecosystem-Statistics-UPI-Top-50-member-performance-2024-Mar-Remitter.xlsx,sheet title,1,UCO Bank,True,100.0
2024-03,2024-03,18,Bank of Maharashtra,Bank of Maharashtra,153.39,89.77,5.41,4.83,1.43,59.23,b350e5b4-Ecosystem-Statistics-UPI-Top-50-member-performance-2024-Mar-Remitter.xlsx,sheet title,1,Bank of Maharashtra,True,100.01
2024-03,2024-03,19,IDBI Bank Limited,IDBI Bank,151.7,93.27,5.26,1.47,0.99,70.17,b350e5b4-Ecosystem-Statistics-UPI-Top-50-member-performance-2024-Mar-Remitter.xlsx,sheet title,1,IDBI Bank,True,100.0
2024-03,2024-03,20,INDUSIND BANK,IndusInd Bank,142.64,92.76,6.76,0.47,0.91,92.7,b350e5b4-Ecosystem-Statistics-UPI-Top-50-member-performance-2024-Mar-Remitter.xlsx,sheet title,1,IndusInd Bank,True,99.99
2024-03,2024-03,21,Fino Payments Bank Limited,Fino Payments Bank,136.77,88.98,9.53,1.48,0.92,70.73,b350e5b4-Ecosystem-Statistics-UPI-Top-50-member-performance-2024-Mar-Remitter.xlsx,sheet title,1,Fino Payments Bank,True,99.99
2024-03,2024-03,22,Karnataka Bank,Karnataka Bank,106.23,92.83,6.07,1.1,0.61,71.09,b350e5b4-Ecosystem-Statistics-UPI-Top-50-member-performance-2024-Mar-Remitter.xlsx,sheet title,1,Karnataka Bank,True,100.0
2024-03,2024-03,23,Yes Bank Ltd,YES Bank,103.43,94.43,5.4,0.17,0.35,95.02,b350e5b4-Ecosystem-Statistics-UPI-Top-50-member-performance-2024-Mar-Remitter.xlsx,sheet title,1,YES Bank,True,100.0
2024-03,2024-03,24,Paytm Payments Bank,Paytm Payments Bank,98.18,89.73,10.25,0.03,0.35,96.43,b350e5b4-Ecosystem-Statistics-UPI-Top-50-member-performance-2024-Mar-Remitter.xlsx,sheet title,1,Paytm Payments Bank,True,100.01
2024-03,2024-03,25,IDFC FIRST Bank,IDFC FIRST Bank,83.3,92.99,6.72,0.28,0.39,82.51,b350e5b4-Ecosystem-Statistics-UPI-Top-50-member-performance-2024-Mar-Remitter.xlsx,sheet title,1,IDFC FIRST Bank,True,99.99
2024-03,2024-03,26,Karur Vysya Bank,Karur Vysya Bank,67.68,91.62,5.87,2.51,0.45,79.24,b350e5b4-Ecosystem-Statistics-UPI-Top-50-member-performance-2024-Mar-Remitter.xlsx,sheet title,1,Karur Vysya Bank,True,100.0
2024-03,2024-03,27,Bandhan Bank,Bandhan Bank,54.03,93.13,5.9,0.97,0.3,98.34,b350e5b4-Ecosystem-Statistics-UPI-Top-50-member-performance-2024-Mar-Remitter.xlsx,sheet title,1,Bandhan Bank,True,100.0
2024-03,2024-03,28,South Indian Bank,South Indian Bank,53.06,95.66,4.3,0.04,0.15,96.38,b350e5b4-Ecosystem-Statistics-UPI-Top-50-member-performance-2024-Mar-Remitter.xlsx,sheet title,1,South Indian Bank,True,100.0
2024-03,2024-03,29,Jammu and Kashmir Bank,Jammu & Kashmir Bank,52.39,94.19,5.01,0.8,0.4,58.67,b350e5b4-Ecosystem-Statistics-UPI-Top-50-member-performance-2024-Mar-Remitter.xlsx,sheet title,1,Jammu & Kashmir Bank,True,100.0
2024-03,2024-03,30,AU small Finance Bank,AU Small Finance Bank,45.2,93.76,5.01,1.23,0.35,91.1,b350e5b4-Ecosystem-Statistics-UPI-Top-50-member-performance-2024-Mar-Remitter.xlsx,sheet title,1,AU Small Finance Bank,True,100.0
2024-03,2024-03,31,Tri O Tech Solutions Private Limited,Tri O Tech Solutions,43.69,100.0,0.0,0.0,0.0,0.0,b350e5b4-Ecosystem-Statistics-UPI-Top-50-member-performance-2024-Mar-Remitter.xlsx,sheet title,1,Tri O Tech Solutions,False,100.0
2024-03,2024-03,32,Ujjivan Small Finance Bank,Ujjivan Small Finance Bank,42.64,94.16,5.62,0.22,0.21,95.46,b350e5b4-Ecosystem-Statistics-UPI-Top-50-member-performance-2024-Mar-Remitter.xlsx,sheet title,1,Ujjivan Small Finance Bank,True,100.0
2024-03,2024-03,33,City Union Bank,City Union Bank,40.7,92.12,7.57,0.31,0.14,99.51,b350e5b4-Ecosystem-Statistics-UPI-Top-50-member-performance-2024-Mar-Remitter.xlsx,sheet title,1,City Union Bank,True,100.0
2024-03,2024-03,34,Punjab and Sind Bank,Punjab & Sind Bank,36.91,88.97,6.85,4.18,0.65,41.18,b350e5b4-Ecosystem-Statistics-UPI-Top-50-member-performance-2024-Mar-Remitter.xlsx,sheet title,1,Punjab & Sind Bank,True,100.0
2024-03,2024-03,35,Tamilnad Mercantile Bank,Tamilnad Mercantile Bank,36.68,91.4,6.86,1.75,0.23,52.03,b350e5b4-Ecosystem-Statistics-UPI-Top-50-member-performance-2024-Mar-Remitter.xlsx,sheet title,1,Tamilnad Mercantile Bank,True,100.01
2024-03,2024-03,36,Equitas Bank,Equitas Small Finance Bank,32.26,92.46,7.26,0.28,0.17,96.21,b350e5b4-Ecosystem-Statistics-UPI-Top-50-member-performance-2024-Mar-Remitter.xlsx,sheet title,1,Equitas Small Finance Bank,True,100.0
2024-03,2024-03,37,Andhra Pradesh Grameena Vikas Bank,Andhra Pradesh Grameena Vikas Bank,28.83,84.18,12.67,3.15,0.3,56.53,b350e5b4-Ecosystem-Statistics-UPI-Top-50-member-performance-2024-Mar-Remitter.xlsx,sheet title,1,Telangana Grameena Bank,True,100.0
2024-03,2024-03,38,Kerala Gramin Bank,Kerala Gramin Bank,27.13,92.84,6.2,0.96,0.15,52.05,b350e5b4-Ecosystem-Statistics-UPI-Top-50-member-performance-2024-Mar-Remitter.xlsx,sheet title,1,Kerala Gramin Bank,True,100.0
2024-03,2024-03,39,DBS Bank India Limited,DBS Bank India,26.67,94.7,5.04,0.26,0.11,81.96,b350e5b4-Ecosystem-Statistics-UPI-Top-50-member-performance-2024-Mar-Remitter.xlsx,sheet title,1,DBS Bank India,True,100.0
2024-03,2024-03,40,Pragathi Krishna Gramin Bank,Karnataka Gramin Bank,26.2,89.82,8.08,2.1,0.3,49.95,b350e5b4-Ecosystem-Statistics-UPI-Top-50-member-performance-2024-Mar-Remitter.xlsx,sheet title,1,Karnataka Gramin Bank,True,100.0
2024-03,2024-03,41,Maharashtra Gramin Bank,Maharashtra Gramin Bank,25.45,87.57,11.61,0.83,0.09,94.05,b350e5b4-Ecosystem-Statistics-UPI-Top-50-member-performance-2024-Mar-Remitter.xlsx,sheet title,1,Maharashtra Gramin Bank,True,100.01
2024-03,2024-03,42,Standard Chartered,Standard Chartered Bank,25.13,97.12,2.69,0.19,0.09,94.8,b350e5b4-Ecosystem-Statistics-UPI-Top-50-member-performance-2024-Mar-Remitter.xlsx,sheet title,1,Standard Chartered Bank,True,100.0
2024-03,2024-03,43,Rajasthan Marudhara Gramin Bank,Rajasthan Marudhara Gramin Bank,24.86,83.35,11.87,4.78,0.29,41.0,b350e5b4-Ecosystem-Statistics-UPI-Top-50-member-performance-2024-Mar-Remitter.xlsx,sheet title,1,Rajasthan Marudhara Gramin Bank,True,100.0
2024-03,2024-03,44,Saraswat Bank,Saraswat Co-operative Bank,23.28,95.74,3.94,0.32,0.1,82.32,b350e5b4-Ecosystem-Statistics-UPI-Top-50-member-performance-2024-Mar-Remitter.xlsx,sheet title,1,Saraswat Co-operative Bank,True,100.0
2024-03,2024-03,45,Baroda UP Gramin Bank,Baroda UP Gramin Bank,22.31,74.22,10.56,15.22,1.02,14.65,b350e5b4-Ecosystem-Statistics-UPI-Top-50-member-performance-2024-Mar-Remitter.xlsx,sheet title,1,Baroda UP Gramin Bank,True,100.0
2024-03,2024-03,46,ESAF Small Finance Bank Ltd.,ESAF Small Finance Bank,21.76,93.86,5.08,1.06,0.13,73.09,b350e5b4-Ecosystem-Statistics-UPI-Top-50-member-performance-2024-Mar-Remitter.xlsx,sheet title,1,ESAF Small Finance Bank,True,100.0
2024-03,2024-03,47,Fincare Small Finance Bank Ltd,Fincare Small Finance Bank,21.32,85.1,14.43,0.47,0.12,94.35,b350e5b4-Ecosystem-Statistics-UPI-Top-50-member-performance-2024-Mar-Remitter.xlsx,sheet title,1,Fincare Small Finance Bank,True,100.0
2024-03,2024-03,48,Citibank,Citibank,20.78,96.61,3.06,0.32,0.09,98.88,b350e5b4-Ecosystem-Statistics-UPI-Top-50-member-performance-2024-Mar-Remitter.xlsx,sheet title,1,Citibank,True,99.99
2024-03,2024-03,49,Sarva Haryana Gramin Bank,Sarva Haryana Gramin Bank,17.71,92.5,7.0,0.5,0.11,82.22,b350e5b4-Ecosystem-Statistics-UPI-Top-50-member-performance-2024-Mar-Remitter.xlsx,sheet title,1,Sarva Haryana Gramin Bank,True,100.0
2024-03,2024-03,50,Andhra Pragathi Grameena Bank,Andhra Pragathi Grameena Bank,17.33,84.52,13.38,2.1,0.14,53.68,b350e5b4-Ecosystem-Statistics-UPI-Top-50-member-performance-2024-Mar-Remitter.xlsx,sheet title,1,Andhra Pragathi Grameena Bank,True,100.0
2024-04,2024-04,1,State Bank Of India,State Bank of India,3581.27,94.1,5.01,0.89,19.18,93.66,edd43220-Ecosystem-Statistics-UPI-Top-50-member-performance-2024-Apr-Remitter.xlsx,sheet title,1,State Bank of India,True,100.0
2024-04,2024-04,2,HDFC BANK LTD,HDFC Bank,1157.04,95.82,4.08,0.09,4.42,98.73,edd43220-Ecosystem-Statistics-UPI-Top-50-member-performance-2024-Apr-Remitter.xlsx,sheet title,1,HDFC Bank,True,99.99
2024-04,2024-04,3,Bank of Baroda,Bank of Baroda,898.17,90.39,8.02,1.59,8.48,81.39,edd43220-Ecosystem-Statistics-UPI-Top-50-member-performance-2024-Apr-Remitter.xlsx,sheet title,1,Bank of Baroda,True,100.0
2024-04,2024-04,4,Union Bank of India,Union Bank of India,837.24,93.13,5.28,1.59,7.04,45.38,edd43220-Ecosystem-Statistics-UPI-Top-50-member-performance-2024-Apr-Remitter.xlsx,sheet title,1,Union Bank of India,True,100.0
2024-04,2024-04,5,Punjab National Bank,Punjab National Bank,741.9,92.96,5.93,1.11,4.1,83.01,edd43220-Ecosystem-Statistics-UPI-Top-50-member-performance-2024-Apr-Remitter.xlsx,sheet title,1,Punjab National Bank,True,100.0
2024-04,2024-04,6,Kotak Mahindra Bank,Kotak Mahindra Bank,725.32,91.77,6.45,1.78,7.04,44.42,edd43220-Ecosystem-Statistics-UPI-Top-50-member-performance-2024-Apr-Remitter.xlsx,sheet title,1,Kotak Mahindra Bank,True,100.0
2024-04,2024-04,7,Canara Bank,Canara Bank,642.1,93.39,5.95,0.66,4.15,72.05,edd43220-Ecosystem-Statistics-UPI-Top-50-member-performance-2024-Apr-Remitter.xlsx,sheet title,1,Canara Bank,True,100.0
2024-04,2024-04,8,Axis Bank Ltd.,Axis Bank,609.02,95.74,4.23,0.03,2.1,96.79,edd43220-Ecosystem-Statistics-UPI-Top-50-member-performance-2024-Apr-Remitter.xlsx,sheet title,1,Axis Bank,True,100.0
2024-04,2024-04,9,ICICI Bank,ICICI Bank,599.22,96.37,3.55,0.08,2.19,91.25,edd43220-Ecosystem-Statistics-UPI-Top-50-member-performance-2024-Apr-Remitter.xlsx,sheet title,1,ICICI Bank,True,100.0
2024-04,2024-04,10,Bank of India,Bank of India,439.7,93.67,5.02,1.31,2.61,70.73,edd43220-Ecosystem-Statistics-UPI-Top-50-member-performance-2024-Apr-Remitter.xlsx,sheet title,1,Bank of India,True,100.0
2024-04,2024-04,11,Indian Bank,Indian Bank,407.28,93.97,5.88,0.15,1.67,93.94,edd43220-Ecosystem-Statistics-UPI-Top-50-member-performance-2024-Apr-Remitter.xlsx,sheet title,1,Indian Bank,True,100.0
2024-04,2024-04,12,Airtel Payments Bank,Airtel Payments Bank,395.64,90.62,8.66,0.72,2.03,95.18,edd43220-Ecosystem-Statistics-UPI-Top-50-member-performance-2024-Apr-Remitter.xlsx,sheet title,1,Airtel Payments Bank,True,100.0
2024-04,2024-04,13,India Post Payment Bank,India Post Payments Bank,270.23,82.88,15.95,1.16,1.9,54.96,edd43220-Ecosystem-Statistics-UPI-Top-50-member-performance-2024-Apr-Remitter.xlsx,sheet title,1,India Post Payments Bank,True,99.99
2024-04,2024-04,14,Federal Bank,Federal Bank,206.55,94.7,5.26,0.04,0.71,99.58,edd43220-Ecosystem-Statistics-UPI-Top-50-member-performance-2024-Apr-Remitter.xlsx,sheet title,1,Federal Bank,True,100.0
2024-04,2024-04,15,Central Bank Of India,Central Bank of India,200.6,85.38,10.79,3.83,3.3,45.28,edd43220-Ecosystem-Statistics-UPI-Top-50-member-performance-2024-Apr-Remitter.xlsx,sheet title,1,Central Bank of India,True,100.0
2024-04,2024-04,16,Indian Overseas Bank,Indian Overseas Bank,187.73,93.24,5.02,1.74,1.25,89.65,edd43220-Ecosystem-Statistics-UPI-Top-50-member-performance-2024-Apr-Remitter.xlsx,sheet title,1,Indian Overseas Bank,True,100.0
2024-04,2024-04,17,UCO Bank,UCO Bank,171.92,93.7,6.14,0.16,1.1,80.12,edd43220-Ecosystem-Statistics-UPI-Top-50-member-performance-2024-Apr-Remitter.xlsx,sheet title,1,UCO Bank,True,100.0
2024-04,2024-04,18,Bank of Maharashtra,Bank of Maharashtra,151.41,93.14,5.47,1.39,0.97,71.96,edd43220-Ecosystem-Statistics-UPI-Top-50-member-performance-2024-Apr-Remitter.xlsx,sheet title,1,Bank of Maharashtra,True,100.0
2024-04,2024-04,19,IDBI Bank Limited,IDBI Bank,151.25,94.24,5.24,0.51,1.38,46.04,edd43220-Ecosystem-Statistics-UPI-Top-50-member-performance-2024-Apr-Remitter.xlsx,sheet title,1,IDBI Bank,True,99.99
2024-04,2024-04,20,INDUSIND BANK,IndusInd Bank,150.57,92.05,7.07,0.89,1.03,93.86,edd43220-Ecosystem-Statistics-UPI-Top-50-member-performance-2024-Apr-Remitter.xlsx,sheet title,1,IndusInd Bank,True,100.01
2024-04,2024-04,21,Fino Payments Bank Limited,Fino Payments Bank,134.12,90.89,8.59,0.51,0.78,75.5,edd43220-Ecosystem-Statistics-UPI-Top-50-member-performance-2024-Apr-Remitter.xlsx,sheet title,1,Fino Payments Bank,True,99.99
2024-04,2024-04,22,Yes Bank Ltd,YES Bank,106.01,92.93,6.53,0.53,0.41,76.06,edd43220-Ecosystem-Statistics-UPI-Top-50-member-performance-2024-Apr-Remitter.xlsx,sheet title,1,YES Bank,True,99.99
2024-04,2024-04,23,Karnataka Bank,Karnataka Bank,105.44,92.61,6.33,1.05,0.62,74.86,edd43220-Ecosystem-Statistics-UPI-Top-50-member-performance-2024-Apr-Remitter.xlsx,sheet title,1,Karnataka Bank,True,99.99
2024-04,2024-04,24,IDFC FIRST Bank,IDFC FIRST Bank,83.34,92.89,6.98,0.13,0.0,0.0,edd43220-Ecosystem-Statistics-UPI-Top-50-member-performance-2024-Apr-Remitter.xlsx,sheet title,1,IDFC FIRST Bank,True,100.0
2024-04,2024-04,25,Karur Vysya Bank,Karur Vysya Bank,65.73,93.97,5.82,0.22,0.29,83.65,edd43220-Ecosystem-Statistics-UPI-Top-50-member-performance-2024-Apr-Remitter.xlsx,sheet title,1,Karur Vysya Bank,True,100.01
2024-04,2024-04,26,Jammu and Kashmir Bank,Jammu & Kashmir Bank,58.65,94.07,4.77,1.16,0.5,40.95,edd43220-Ecosystem-Statistics-UPI-Top-50-member-performance-2024-Apr-Remitter.xlsx,sheet title,1,Jammu & Kashmir Bank,True,100.0
2024-04,2024-04,27,Bandhan Bank,Bandhan Bank,55.96,92.46,5.73,1.81,0.32,96.9,edd43220-Ecosystem-Statistics-UPI-Top-50-member-performance-2024-Apr-Remitter.xlsx,sheet title,1,Bandhan Bank,True,100.0
2024-04,2024-04,28,South Indian Bank,South Indian Bank,52.51,95.4,4.47,0.12,0.16,94.38,edd43220-Ecosystem-Statistics-UPI-Top-50-member-performance-2024-Apr-Remitter.xlsx,sheet title,1,South Indian Bank,True,99.99
2024-04,2024-04,29,Tri O Tech Solutions Private Limited,Tri O Tech Solutions,46.64,100.0,0.0,0.0,0.0,0.0,edd43220-Ecosystem-Statistics-UPI-Top-50-member-performance-2024-Apr-Remitter.xlsx,sheet title,1,Tri O Tech Solutions,False,100.0
2024-04,2024-04,30,AU small Finance Bank,AU Small Finance Bank,45.86,92.76,6.19,1.05,0.3,83.29,edd43220-Ecosystem-Statistics-UPI-Top-50-member-performance-2024-Apr-Remitter.xlsx,sheet title,1,AU Small Finance Bank,True,100.0
2024-04,2024-04,31,Ujjivan Small Finance Bank,Ujjivan Small Finance Bank,42.92,94.15,5.62,0.24,0.2,96.4,edd43220-Ecosystem-Statistics-UPI-Top-50-member-performance-2024-Apr-Remitter.xlsx,sheet title,1,Ujjivan Small Finance Bank,True,100.01
2024-04,2024-04,32,City Union Bank,City Union Bank,39.67,92.8,6.91,0.29,0.14,95.58,edd43220-Ecosystem-Statistics-UPI-Top-50-member-performance-2024-Apr-Remitter.xlsx,sheet title,1,City Union Bank,True,100.0
2024-04,2024-04,33,Tamilnad Mercantile Bank,Tamilnad Mercantile Bank,36.11,91.84,7.57,0.59,0.13,87.6,edd43220-Ecosystem-Statistics-UPI-Top-50-member-performance-2024-Apr-Remitter.xlsx,sheet title,1,Tamilnad Mercantile Bank,True,100.0
2024-04,2024-04,34,Punjab and Sind Bank,Punjab & Sind Bank,34.51,82.94,8.05,9.01,1.29,23.91,edd43220-Ecosystem-Statistics-UPI-Top-50-member-performance-2024-Apr-Remitter.xlsx,sheet title,1,Punjab & Sind Bank,True,100.0
2024-04,2024-04,35,Equitas Bank,Equitas Small Finance Bank,32.32,92.77,7.15,0.07,0.15,96.09,edd43220-Ecosystem-Statistics-UPI-Top-50-member-performance-2024-Apr-Remitter.xlsx,sheet title,1,Equitas Small Finance Bank,True,99.99
2024-04,2024-04,36,Andhra Pradesh Grameena Vikas Bank,Andhra Pradesh Grameena Vikas Bank,29.08,85.16,13.06,1.78,0.19,77.26,edd43220-Ecosystem-Statistics-UPI-Top-50-member-performance-2024-Apr-Remitter.xlsx,sheet title,1,Telangana Grameena Bank,True,100.0
2024-04,2024-04,37,Kerala Gramin Bank,Kerala Gramin Bank,27.5,92.37,6.21,1.42,0.2,59.83,edd43220-Ecosystem-Statistics-UPI-Top-50-member-performance-2024-Apr-Remitter.xlsx,sheet title,1,Kerala Gramin Bank,True,100.0
2024-04,2024-04,38,Pragathi Krishna Gramin Bank,Karnataka Gramin Bank,26.83,88.21,8.07,3.72,0.47,43.83,edd43220-Ecosystem-Statistics-UPI-Top-50-member-performance-2024-Apr-Remitter.xlsx,sheet title,1,Karnataka Gramin Bank,True,100.0
2024-04,2024-04,39,DBS Bank India Limited,DBS Bank India,26.42,94.37,5.46,0.17,0.11,80.06,edd43220-Ecosystem-Statistics-UPI-Top-50-member-performance-2024-Apr-Remitter.xlsx,sheet title,1,DBS Bank India,True,100.0
2024-04,2024-04,40,Maharashtra Gramin Bank,Maharashtra Gramin Bank,25.64,85.76,11.7,2.54,0.14,60.83,edd43220-Ecosystem-Statistics-UPI-Top-50-member-performance-2024-Apr-Remitter.xlsx,sheet title,1,Maharashtra Gramin Bank,True,100.0
2024-04,2024-04,41,Rajasthan Marudhara Gramin Bank,Rajasthan Marudhara Gramin Bank,24.19,86.99,12.02,0.99,0.12,80.01,edd43220-Ecosystem-Statistics-UPI-Top-50-member-performance-2024-Apr-Remitter.xlsx,sheet title,1,Rajasthan Marudhara Gramin Bank,True,100.0
2024-04,2024-04,42,Standard Chartered,Standard Chartered Bank,24.01,96.49,2.85,0.66,0.09,82.3,edd43220-Ecosystem-Statistics-UPI-Top-50-member-performance-2024-Apr-Remitter.xlsx,sheet title,1,Standard Chartered Bank,True,100.0
2024-04,2024-04,43,Saraswat Bank,Saraswat Co-operative Bank,23.34,94.9,4.48,0.62,0.11,75.37,edd43220-Ecosystem-Statistics-UPI-Top-50-member-performance-2024-Apr-Remitter.xlsx,sheet title,1,Saraswat Co-operative Bank,True,100.0
2024-04,2024-04,44,Baroda UP Gramin Bank,Baroda UP Gramin Bank,22.48,75.41,9.17,15.41,0.78,18.33,edd43220-Ecosystem-Statistics-UPI-Top-50-member-performance-2024-Apr-Remitter.xlsx,sheet title,1,Baroda UP Gramin Bank,True,99.99
2024-04,2024-04,45,Fincare Small Finance Bank Ltd,Fincare Small Finance Bank,21.68,84.95,14.46,0.59,0.13,90.47,edd43220-Ecosystem-Statistics-UPI-Top-50-member-performance-2024-Apr-Remitter.xlsx,sheet title,1,Fincare Small Finance Bank,True,100.0
2024-04,2024-04,46,ESAF Small Finance Bank Ltd.,ESAF Small Finance Bank,21.48,94.68,4.92,0.4,0.1,92.16,edd43220-Ecosystem-Statistics-UPI-Top-50-member-performance-2024-Apr-Remitter.xlsx,sheet title,1,ESAF Small Finance Bank,True,100.0
2024-04,2024-04,47,Citi Bank,Citibank,19.73,96.53,3.11,0.36,0.08,98.72,edd43220-Ecosystem-Statistics-UPI-Top-50-member-performance-2024-Apr-Remitter.xlsx,sheet title,1,Citibank,True,100.0
2024-04,2024-04,48,Sarva Haryana Gramin Bank,Sarva Haryana Gramin Bank,18.34,91.76,7.5,0.74,0.12,67.26,edd43220-Ecosystem-Statistics-UPI-Top-50-member-performance-2024-Apr-Remitter.xlsx,sheet title,1,Sarva Haryana Gramin Bank,True,100.0
2024-04,2024-04,49,Andhra Pragathi Grameena Bank,Andhra Pragathi Grameena Bank,18.19,79.51,14.58,5.92,0.23,32.75,edd43220-Ecosystem-Statistics-UPI-Top-50-member-performance-2024-Apr-Remitter.xlsx,sheet title,1,Andhra Pragathi Grameena Bank,True,100.01
2024-04,2024-04,50,RBL Bank Limited,RBL Bank,15.1,89.02,10.26,0.72,0.0,0.0,edd43220-Ecosystem-Statistics-UPI-Top-50-member-performance-2024-Apr-Remitter.xlsx,sheet title,1,RBL Bank,True,100.0
2024-05,2024-05,1,State Bank Of India,State Bank of India,3758.35,94.8,5.01,0.2,13.29,98.55,f5885f02-Ecosystem-Statistics-UPI-Top-50-member-performance-2024-May-Remitter.xlsx,sheet title,1,State Bank of India,True,100.01
2024-05,2024-05,2,HDFC Bank Ltd,HDFC Bank,1211.41,95.75,4.19,0.06,3.69,98.5,f5885f02-Ecosystem-Statistics-UPI-Top-50-member-performance-2024-May-Remitter.xlsx,sheet title,1,HDFC Bank,True,100.0
2024-05,2024-05,3,Bank of Baroda,Bank of Baroda,930.35,92.49,6.56,0.95,4.5,84.38,f5885f02-Ecosystem-Statistics-UPI-Top-50-member-performance-2024-May-Remitter.xlsx,sheet title,1,Bank of Baroda,True,100.0
2024-05,2024-05,4,Union Bank of India,Union Bank of India,876.18,94.38,5.38,0.24,3.38,78.77,f5885f02-Ecosystem-Statistics-UPI-Top-50-member-performance-2024-May-Remitter.xlsx,sheet title,1,Union Bank of India,True,100.0
2024-05,2024-05,5,Punjab National Bank,Punjab National Bank,785.36,93.64,6.05,0.31,3.19,87.42,f5885f02-Ecosystem-Statistics-UPI-Top-50-member-performance-2024-May-Remitter.xlsx,sheet title,1,Punjab National Bank,True,100.0
2024-05,2024-05,6,Kotak Mahindra Bank,Kotak Mahindra Bank,746.83,92.83,6.78,0.39,3.56,63.74,f5885f02-Ecosystem-Statistics-UPI-Top-50-member-performance-2024-May-Remitter.xlsx,sheet title,1,Kotak Mahindra Bank,True,100.0
2024-05,2024-05,7,Canara Bank,Canara Bank,670.33,92.87,6.15,0.98,5.16,72.09,f5885f02-Ecosystem-Statistics-UPI-Top-50-member-performance-2024-May-Remitter.xlsx,sheet title,1,Canara Bank,True,100.0
2024-05,2024-05,8,ICICI Bank,ICICI Bank,627.63,96.33,3.62,0.05,1.65,95.22,f5885f02-Ecosystem-Statistics-UPI-Top-50-member-performance-2024-May-Remitter.xlsx,sheet title,1,ICICI Bank,True,100.0
2024-05,2024-05,9,Axis Bank Ltd.,Axis Bank,627.47,95.6,4.39,0.02,1.77,95.16,f5885f02-Ecosystem-Statistics-UPI-Top-50-member-performance-2024-May-Remitter.xlsx,sheet title,1,Axis Bank,True,100.01
2024-05,2024-05,10,Bank of India,Bank of India,454.54,93.16,5.16,1.68,2.77,61.76,f5885f02-Ecosystem-Statistics-UPI-Top-50-member-performance-2024-May-Remitter.xlsx,sheet title,1,Bank of India,True,100.0
2024-05,2024-05,11,Indian Bank,Indian Bank,427.45,94.11,5.65,0.24,1.53,83.49,f5885f02-Ecosystem-Statistics-UPI-Top-50-member-performance-2024-May-Remitter.xlsx,sheet title,1,Indian Bank,True,100.0
2024-05,2024-05,12,Airtel Payments Bank,Airtel Payments Bank,413.75,91.27,8.2,0.52,1.75,96.34,f5885f02-Ecosystem-Statistics-UPI-Top-50-member-performance-2024-May-Remitter.xlsx,sheet title,1,Airtel Payments Bank,True,99.99
2024-05,2024-05,13,India Post Payment Bank,India Post Payments Bank,317.28,86.84,12.47,0.7,1.34,82.16,f5885f02-Ecosystem-Statistics-UPI-Top-50-member-performance-2024-May-Remitter.xlsx,sheet title,1,India Post Payments Bank,True,100.01
2024-05,2024-05,14,Federal Bank,Federal Bank,212.71,94.09,5.44,0.47,0.75,89.02,f5885f02-Ecosystem-Statistics-UPI-Top-50-member-performance-2024-May-Remitter.xlsx,sheet title,1,Federal Bank,True,100.0
2024-05,2024-05,15,Central Bank Of India,Central Bank of India,206.31,87.26,11.16,1.57,1.59,69.46,f5885f02-Ecosystem-Statistics-UPI-Top-50-member-performance-2024-May-Remitter.xlsx,sheet title,1,Central Bank of India,True,99.99
2024-05,2024-05,16,Indian Overseas Bank,Indian Overseas Bank,197.96,94.32,5.24,0.44,0.75,88.54,f5885f02-Ecosystem-Statistics-UPI-Top-50-member-performance-2024-May-Remitter.xlsx,sheet title,1,Indian Overseas Bank,True,100.0
2024-05,2024-05,17,UCO Bank,UCO Bank,184.22,93.72,6.16,0.11,0.72,87.45,f5885f02-Ecosystem-Statistics-UPI-Top-50-member-performance-2024-May-Remitter.xlsx,sheet title,1,UCO Bank,True,99.99
2024-05,2024-05,18,IDBI Bank Limited,IDBI Bank,159.28,94.4,5.46,0.14,0.55,90.23,f5885f02-Ecosystem-Statistics-UPI-Top-50-member-performance-2024-May-Remitter.xlsx,sheet title,1,IDBI Bank,True,100.0
2024-05,2024-05,19,Bank of Maharashtra,Bank of Maharashtra,152.68,92.45,5.48,2.06,1.14,57.34,f5885f02-Ecosystem-Statistics-UPI-Top-50-member-performance-2024-May-Remitter.xlsx,sheet title,1,Bank of Maharashtra,True,99.99
2024-05,2024-05,20,Indusind Bank,IndusInd Bank,150.37,92.32,7.38,0.31,0.96,97.88,f5885f02-Ecosystem-Statistics-UPI-Top-50-member-performance-2024-May-Remitter.xlsx,sheet title,1,IndusInd Bank,True,100.01
2024-05,2024-05,21,Fino Payments Bank Limited,Fino Payments Bank,140.12,92.59,7.19,0.22,0.66,75.3,f5885f02-Ecosystem-Statistics-UPI-Top-50-member-performance-2024-May-Remitter.xlsx,sheet title,1,Fino Payments Bank,True,100.0
2024-05,2024-05,22,Yes Bank Ltd,YES Bank,121.13,94.05,5.9,0.05,0.3,89.05,f5885f02-Ecosystem-Statistics-UPI-Top-50-member-performance-2024-May-Remitter.xlsx,sheet title,1,YES Bank,True,100.0
2024-05,2024-05,23,Karnataka Bank,Karnataka Bank,110.31,93.24,6.47,0.29,0.41,84.19,f5885f02-Ecosystem-Statistics-UPI-Top-50-member-performance-2024-May-Remitter.xlsx,sheet title,1,Karnataka Bank,True,100.0
2024-05,2024-05,24,IDFC First Bank,IDFC FIRST Bank,87.12,92.89,7.06,0.04,0.27,93.96,f5885f02-Ecosystem-Statistics-UPI-Top-50-member-performance-2024-May-Remitter.xlsx,sheet title,1,IDFC FIRST Bank,True,99.99
2024-05,2024-05,25,Karur Vysya Bank,Karur Vysya Bank,68.36,93.97,5.85,0.18,0.21,93.36,f5885f02-Ecosystem-Statistics-UPI-Top-50-member-performance-2024-May-Remitter.xlsx,sheet title,1,Karur Vysya Bank,True,100.0
2024-05,2024-05,26,Jammu and Kashmir Bank,Jammu & Kashmir Bank,66.17,93.91,4.48,1.6,0.64,32.81,f5885f02-Ecosystem-Statistics-UPI-Top-50-member-performance-2024-May-Remitter.xlsx,sheet title,1,Jammu & Kashmir Bank,True,99.99
2024-05,2024-05,27,Bandhan Bank,Bandhan Bank,59.24,91.7,6.7,1.6,0.27,96.55,f5885f02-Ecosystem-Statistics-UPI-Top-50-member-performance-2024-May-Remitter.xlsx,sheet title,1,Bandhan Bank,True,100.0
2024-05,2024-05,28,South Indian Bank,South Indian Bank,54.78,95.49,4.41,0.1,0.14,90.82,f5885f02-Ecosystem-Statistics-UPI-Top-50-member-performance-2024-May-Remitter.xlsx,sheet title,1,South Indian Bank,True,100.0
2024-05,2024-05,29,Tri O Tech Solutions Private Limited,Tri O Tech Solutions,50.1,100.0,0.0,0.0,0.0,0.0,f5885f02-Ecosystem-Statistics-UPI-Top-50-member-performance-2024-May-Remitter.xlsx,sheet title,1,Tri O Tech Solutions,False,100.0
2024-05,2024-05,30,AU small Finance Bank,AU Small Finance Bank,47.67,93.42,5.75,0.83,0.25,76.77,f5885f02-Ecosystem-Statistics-UPI-Top-50-member-performance-2024-May-Remitter.xlsx,sheet title,1,AU Small Finance Bank,True,100.0
2024-05,2024-05,31,Ujjivan Small Finance Bank,Ujjivan Small Finance Bank,45.1,93.75,5.64,0.61,0.22,70.45,f5885f02-Ecosystem-Statistics-UPI-Top-50-member-performance-2024-May-Remitter.xlsx,sheet title,1,Ujjivan Small Finance Bank,True,100.0
2024-05,2024-05,32,City Union Bank,City Union Bank,41.63,92.9,6.73,0.37,0.14,99.12,f5885f02-Ecosystem-Statistics-UPI-Top-50-member-performance-2024-May-Remitter.xlsx,sheet title,1,City Union Bank,True,100.0
2024-05,2024-05,33,Punjab and Sind Bank,Punjab & Sind Bank,38.16,92.76,6.89,0.36,0.19,82.65,f5885f02-Ecosystem-Statistics-UPI-Top-50-member-performance-2024-May-Remitter.xlsx,sheet title,1,Punjab & Sind Bank,True,100.01
2024-05,2024-05,34,Tamilnad Mercantile Bank,Tamilnad Mercantile Bank,38.01,92.38,7.19,0.44,0.12,79.3,f5885f02-Ecosystem-Statistics-UPI-Top-50-member-performance-2024-May-Remitter.xlsx,sheet title,1,Tamilnad Mercantile Bank,True,100.01
2024-05,2024-05,35,Equitas Small Finance Bank,Equitas Small Finance Bank,33.53,92.55,7.18,0.27,0.15,85.61,f5885f02-Ecosystem-Statistics-UPI-Top-50-member-performance-2024-May-Remitter.xlsx,sheet title,1,Equitas Small Finance Bank,True,100.0
2024-05,2024-05,36,Andhra Pradesh Grameena Vikas Bank,Andhra Pradesh Grameena Vikas Bank,29.8,85.93,12.05,2.02,0.19,69.54,f5885f02-Ecosystem-Statistics-UPI-Top-50-member-performance-2024-May-Remitter.xlsx,sheet title,1,Telangana Grameena Bank,True,100.0
2024-05,2024-05,37,Kerala Gramin Bank,Kerala Gramin Bank,29.05,92.97,5.66,1.37,0.16,62.06,f5885f02-Ecosystem-Statistics-UPI-Top-50-member-performance-2024-May-Remitter.xlsx,sheet title,1,Kerala Gramin Bank,True,100.0
2024-05,2024-05,38,Pragathi Krishna Gramin Bank,Karnataka Gramin Bank,27.76,89.64,7.36,3.0,0.4,55.43,f5885f02-Ecosystem-Statistics-UPI-Top-50-member-performance-2024-May-Remitter.xlsx,sheet title,1,Karnataka Gramin Bank,True,100.0
2024-05,2024-05,39,DBS Bank India Limited,DBS Bank India,27.4,94.26,5.59,0.16,0.09,72.2,f5885f02-Ecosystem-Statistics-UPI-Top-50-member-performance-2024-May-Remitter.xlsx,sheet title,1,DBS Bank India,True,100.01
2024-05,2024-05,40,Maharashtra Gramin Bank,Maharashtra Gramin Bank,26.27,86.04,11.57,2.39,0.12,57.65,f5885f02-Ecosystem-Statistics-UPI-Top-50-member-performance-2024-May-Remitter.xlsx,sheet title,1,Maharashtra Gramin Bank,True,100.0
2024-05,2024-05,41,Rajasthan Marudhara Gramin Bank,Rajasthan Marudhara Gramin Bank,25.55,86.55,11.29,2.16,0.23,36.91,f5885f02-Ecosystem-Statistics-UPI-Top-50-member-performance-2024-May-Remitter.xlsx,sheet title,1,Rajasthan Marudhara Gramin Bank,True,100.0
2024-05,2024-05,42,Standard Chartered,Standard Chartered Bank,25.23,96.94,2.87,0.18,0.07,88.23,f5885f02-Ecosystem-Statistics-UPI-Top-50-member-performance-2024-May-Remitter.xlsx,sheet title,1,Standard Chartered Bank,True,99.99
2024-05,2024-05,43,Saraswat Bank,Saraswat Co-operative Bank,23.75,95.17,4.19,0.64,0.09,71.49,f5885f02-Ecosystem-Statistics-UPI-Top-50-member-performance-2024-May-Remitter.xlsx,sheet title,1,Saraswat Co-operative Bank,True,100.0
2024-05,2024-05,44,Baroda UP Gramin Bank,Baroda UP Gramin Bank,23.63,78.17,9.63,12.2,0.73,18.03,f5885f02-Ecosystem-Statistics-UPI-Top-50-member-performance-2024-May-Remitter.xlsx,sheet title,1,Baroda UP Gramin Bank,True,100.0
2024-05,2024-05,45,ESAF Small Finance Bank Ltd.,ESAF Small Finance Bank,22.91,95.23,4.54,0.23,0.07,98.57,f5885f02-Ecosystem-Statistics-UPI-Top-50-member-performance-2024-May-Remitter.xlsx,sheet title,1,ESAF Small Finance Bank,True,100.0
2024-05,2024-05,46,Fincare Small Finance Bank Ltd,Fincare Small Finance Bank,21.54,85.62,13.92,0.46,0.1,86.35,f5885f02-Ecosystem-Statistics-UPI-Top-50-member-performance-2024-May-Remitter.xlsx,sheet title,1,Fincare Small Finance Bank,True,100.0
2024-05,2024-05,47,Sarva Haryana Gramin Bank,Sarva Haryana Gramin Bank,20.85,86.11,12.06,1.83,0.2,39.45,f5885f02-Ecosystem-Statistics-UPI-Top-50-member-performance-2024-May-Remitter.xlsx,sheet title,1,Sarva Haryana Gramin Bank,True,100.0
2024-05,2024-05,48,Citi Bank,Citibank,20.03,96.49,3.14,0.37,0.07,99.11,f5885f02-Ecosystem-Statistics-UPI-Top-50-member-performance-2024-May-Remitter.xlsx,sheet title,1,Citibank,True,100.0
2024-05,2024-05,49,Andhra Pragathi Grameena Bank,Andhra Pragathi Grameena Bank,18.23,83.62,13.0,3.38,0.28,22.98,f5885f02-Ecosystem-Statistics-UPI-Top-50-member-performance-2024-May-Remitter.xlsx,sheet title,1,Andhra Pragathi Grameena Bank,True,100.0
2024-05,2024-05,50,RBL Bank Limited,RBL Bank,16.38,89.18,9.91,0.92,0.09,54.47,f5885f02-Ecosystem-Statistics-UPI-Top-50-member-performance-2024-May-Remitter.xlsx,sheet title,1,RBL Bank,True,100.01
2024-06,2024-06,1,State Bank of India,State Bank of India,3738.0,94.82,4.95,0.22,10.49,97.78999999999999,3b1e429f-Ecosystem-Statistics-UPI-Top-50-member-performance-2024-Jun-Remitter.xlsx,sheet title,1,State Bank of India,True,99.99
2024-06,2024-06,2,HDFC Bank Ltd,HDFC Bank,1191.85,95.43,4.34,0.23,6.03,36.91,3b1e429f-Ecosystem-Statistics-UPI-Top-50-member-performance-2024-Jun-Remitter.xlsx,sheet title,1,HDFC Bank,True,100.0
2024-06,2024-06,3,Bank of Baroda,Bank of Baroda,912.47,93.28,6.39,0.33,4.43,99.53999999999999,3b1e429f-Ecosystem-Statistics-UPI-Top-50-member-performance-2024-Jun-Remitter.xlsx,sheet title,1,Bank of Baroda,True,100.0
2024-06,2024-06,4,Union Bank of India,Union Bank of India,869.16,93.98,5.74,0.28,3.33,70.38,3b1e429f-Ecosystem-Statistics-UPI-Top-50-member-performance-2024-Jun-Remitter.xlsx,sheet title,1,Union Bank of India,True,100.0
2024-06,2024-06,5,Punjab National Bank,Punjab National Bank,783.7,93.53,6.07,0.4,3.12,76.21,3b1e429f-Ecosystem-Statistics-UPI-Top-50-member-performance-2024-Jun-Remitter.xlsx,sheet title,1,Punjab National Bank,True,100.0
2024-06,2024-06,6,Kotak Mahindra Bank Ltd,Kotak Mahindra Bank,727.46,92.2,6.93,0.86,2.68,95.04,3b1e429f-Ecosystem-Statistics-UPI-Top-50-member-performance-2024-Jun-Remitter.xlsx,sheet title,1,Kotak Mahindra Bank,True,99.99
2024-06,2024-06,7,Canara Bank,Canara Bank,657.78,92.85,6.43,0.72,2.57,97.38,3b1e429f-Ecosystem-Statistics-UPI-Top-50-member-performance-2024-Jun-Remitter.xlsx,sheet title,1,Canara Bank,True,100.0
2024-06,2024-06,8,Axis Bank Ltd.,Axis Bank,651.8,95.59,4.4,0.02,1.92,79.47,3b1e429f-Ecosystem-Statistics-UPI-Top-50-member-performance-2024-Jun-Remitter.xlsx,sheet title,1,Axis Bank,True,100.01
2024-06,2024-06,9,ICICI Bank Ltd,ICICI Bank,620.66,96.19,3.76,0.05,1.67,80.78999999999999,3b1e429f-Ecosystem-Statistics-UPI-Top-50-member-performance-2024-Jun-Remitter.xlsx,sheet title,1,ICICI Bank,True,100.0
2024-06,2024-06,10,Bank Of India,Bank of India,444.39,94.18,5.51,0.32,1.6,60.95,3b1e429f-Ecosystem-Statistics-UPI-Top-50-member-performance-2024-Jun-Remitter.xlsx,sheet title,1,Bank of India,True,100.01
2024-06,2024-06,11,Indian Bank,Indian Bank,423.92,94.06,5.76,0.19,1.56,99.57000000000001,3b1e429f-Ecosystem-Statistics-UPI-Top-50-member-performance-2024-Jun-Remitter.xlsx,sheet title,1,Indian Bank,True,100.01
2024-06,2024-06,12,Airtel Payments Bank Ltd,Airtel Payments Bank,414.12,88.87,10.12,1.01,1.51,95.88,3b1e429f-Ecosystem-Statistics-UPI-Top-50-member-performance-2024-Jun-Remitter.xlsx,sheet title,1,Airtel Payments Bank,True,100.0
2024-06,2024-06,13,India Post Payments Bank Ltd,India Post Payments Bank,319.04,85.95,12.05,2.0,1.44,71.65,3b1e429f-Ecosystem-Statistics-UPI-Top-50-member-performance-2024-Jun-Remitter.xlsx,sheet title,1,India Post Payments Bank,True,100.0
2024-06,2024-06,14,Federal Bank,Federal Bank,205.99,94.34,5.61,0.06,1.25,93.66,3b1e429f-Ecosystem-Statistics-UPI-Top-50-member-performance-2024-Jun-Remitter.xlsx,sheet title,1,Federal Bank,True,100.01
2024-06,2024-06,15,Central Bank of India,Central Bank of India,202.35,86.99,11.27,1.74,1.0,13.58,3b1e429f-Ecosystem-Statistics-UPI-Top-50-member-performance-2024-Jun-Remitter.xlsx,sheet title,1,Central Bank of India,True,100.0
2024-06,2024-06,16,Indian Overseas Bank,Indian Overseas Bank,197.11,92.98,5.54,1.48,0.86,98.72,3b1e429f-Ecosystem-Statistics-UPI-Top-50-member-performance-2024-Jun-Remitter.xlsx,sheet title,1,Indian Overseas Bank,True,100.0
2024-06,2024-06,17,UCO Bank,UCO Bank,184.42,93.38,6.35,0.27,0.84,65.10000000000001,3b1e429f-Ecosystem-Statistics-UPI-Top-50-member-performance-2024-Jun-Remitter.xlsx,sheet title,1,UCO Bank,True,100.0
2024-06,2024-06,18,IDBI Bank,IDBI Bank,155.97,94.24,5.25,0.51,0.78,78.29,3b1e429f-Ecosystem-Statistics-UPI-Top-50-member-performance-2024-Jun-Remitter.xlsx,sheet title,1,IDBI Bank,True,100.0
2024-06,2024-06,19,Indusind Bank Ltd.,IndusInd Bank,155.09,91.86,7.68,0.46,0.73,77.14999999999999,3b1e429f-Ecosystem-Statistics-UPI-Top-50-member-performance-2024-Jun-Remitter.xlsx,sheet title,1,IndusInd Bank,True,100.0
2024-06,2024-06,20,Bank of Maharashtra,Bank of Maharashtra,150.89,93.21,5.77,1.01,0.71,64.69,3b1e429f-Ecosystem-Statistics-UPI-Top-50-member-performance-2024-Jun-Remitter.xlsx,sheet title,1,Bank of Maharashtra,True,99.99
2024-06,2024-06,21,Fino Payments Bank Ltd.,Fino Payments Bank,140.81,92.49,7.16,0.36,0.67,67.82000000000001,3b1e429f-Ecosystem-Statistics-UPI-Top-50-member-performance-2024-Jun-Remitter.xlsx,sheet title,1,Fino Payments Bank,True,100.01
2024-06,2024-06,22,Yes bank Ltd.,YES Bank,118.94,94.04,5.79,0.17,0.56,98.82,3b1e429f-Ecosystem-Statistics-UPI-Top-50-member-performance-2024-Jun-Remitter.xlsx,sheet title,1,YES Bank,True,100.0
2024-06,2024-06,23,Karnataka Bank Ltd,Karnataka Bank,108.5,93.12,6.42,0.46,0.5,35.88,3b1e429f-Ecosystem-Statistics-UPI-Top-50-member-performance-2024-Jun-Remitter.xlsx,sheet title,1,Karnataka Bank,True,100.0
2024-06,2024-06,24,IDFC Bank Ltd.,IDFC FIRST Bank,85.74,93.06,6.88,0.06,0.44,68.83,3b1e429f-Ecosystem-Statistics-UPI-Top-50-member-performance-2024-Jun-Remitter.xlsx,sheet title,1,IDFC FIRST Bank,True,100.0
2024-06,2024-06,25,Karur Vysya Bank,Karur Vysya Bank,67.93,93.39,6.14,0.47,0.4,77.8,3b1e429f-Ecosystem-Statistics-UPI-Top-50-member-performance-2024-Jun-Remitter.xlsx,sheet title,1,Karur Vysya Bank,True,100.0
2024-06,2024-06,26,The Jammu And Kashmir Bank Ltd,Jammu & Kashmir Bank,65.45,93.49,4.86,1.66,0.38,54.06999999999999,3b1e429f-Ecosystem-Statistics-UPI-Top-50-member-performance-2024-Jun-Remitter.xlsx,sheet title,1,Jammu & Kashmir Bank,True,100.01
2024-06,2024-06,27,Bandhan Bank Ltd.,Bandhan Bank,59.26,92.99,6.11,0.9,0.31,4.32,3b1e429f-Ecosystem-Statistics-UPI-Top-50-member-performance-2024-Jun-Remitter.xlsx,sheet title,1,Bandhan Bank,True,100.0
2024-06,2024-06,28,South Indian Bank,South Indian Bank,54.24,94.99,4.95,0.06,0.31,77.2,3b1e429f-Ecosystem-Statistics-UPI-Top-50-member-performance-2024-Jun-Remitter.xlsx,sheet title,1,South Indian Bank,True,100.0
2024-06,2024-06,29,Tri O Tech Solutions Private Limited,Tri O Tech Solutions,50.77,100.0,0.0,0.0,0.31,17.47,3b1e429f-Ecosystem-Statistics-UPI-Top-50-member-performance-2024-Jun-Remitter.xlsx,sheet title,1,Tri O Tech Solutions,False,100.0
2024-06,2024-06,30,AU Small Finance Bank,AU Small Finance Bank,46.74,93.96,6.01,0.02,0.26,90.09,3b1e429f-Ecosystem-Statistics-UPI-Top-50-member-performance-2024-Jun-Remitter.xlsx,sheet title,1,AU Small Finance Bank,True,99.99
2024-06,2024-06,31,Ujjivan Small Finance Bank Limited,Ujjivan Small Finance Bank,44.18,94.17,5.6,0.23,0.25,20.25,3b1e429f-Ecosystem-Statistics-UPI-Top-50-member-performance-2024-Jun-Remitter.xlsx,sheet title,1,Ujjivan Small Finance Bank,True,100.0
2024-06,2024-06,32,City Union Bank Limited,City Union Bank,40.87,93.05,6.69,0.26,0.24,82.69999999999999,3b1e429f-Ecosystem-Statistics-UPI-Top-50-member-performance-2024-Jun-Remitter.xlsx,sheet title,1,City Union Bank,True,100.0
2024-06,2024-06,33,Punjab & Sind Bank,Punjab & Sind Bank,38.32,92.27,7.46,0.27,0.22,89.99000000000001,3b1e429f-Ecosystem-Statistics-UPI-Top-50-member-performance-2024-Jun-Remitter.xlsx,sheet title,1,Punjab & Sind Bank,True,100.0
2024-06,2024-06,34,Tamilnad Mercantile Bank Ltd.,Tamilnad Mercantile Bank,38.2,91.39,7.44,1.17,0.21,97.95,3b1e429f-Ecosystem-Statistics-UPI-Top-50-member-performance-2024-Jun-Remitter.xlsx,sheet title,1,Tamilnad Mercantile Bank,True,100.0
2024-06,2024-06,35,Equitas Small Finance Bank Ltd,Equitas Small Finance Bank,32.46,92.0,7.29,0.71,0.21,76.89,3b1e429f-Ecosystem-Statistics-UPI-Top-50-member-performance-2024-Jun-Remitter.xlsx,sheet title,1,Equitas Small Finance Bank,True,100.0
2024-06,2024-06,36,HDFC Bank Credit Card HCB,HDFC Bank Credit Card HCB,31.15,95.19,4.66,0.15,0.21,23.54,3b1e429f-Ecosystem-Statistics-UPI-Top-50-member-performance-2024-Jun-Remitter.xlsx,sheet title,1,HDFC Bank Credit Card HCB,False,100.0
2024-06,2024-06,37,Andhra Pradesh Grameena Vikas Bank,Andhra Pradesh Grameena Vikas Bank,29.53,85.51,12.21,2.28,0.2,99.07000000000001,3b1e429f-Ecosystem-Statistics-UPI-Top-50-member-performance-2024-Jun-Remitter.xlsx,sheet title,1,Telangana Grameena Bank,True,100.0
2024-06,2024-06,38,Kerala Gramin Bank,Kerala Gramin Bank,29.43,93.72,5.54,0.74,0.17,90.78,3b1e429f-Ecosystem-Statistics-UPI-Top-50-member-performance-2024-Jun-Remitter.xlsx,sheet title,1,Kerala Gramin Bank,True,100.0
2024-06,2024-06,39,Pragathi Krishna Gramin Bank,Karnataka Gramin Bank,26.98,91.24,6.93,1.83,0.17,72.82,3b1e429f-Ecosystem-Statistics-UPI-Top-50-member-performance-2024-Jun-Remitter.xlsx,sheet title,1,Karnataka Gramin Bank,True,100.0
2024-06,2024-06,40,DBS Bank India Limited,DBS Bank India,26.61,94.23,5.72,0.05,0.17,58.209999999999994,3b1e429f-Ecosystem-Statistics-UPI-Top-50-member-performance-2024-Jun-Remitter.xlsx,sheet title,1,DBS Bank India,True,100.0
2024-06,2024-06,41,Rajasthan Marudhara Gramin Bank,Rajasthan Marudhara Gramin Bank,25.44,86.22,11.56,2.22,0.17,58.42,3b1e429f-Ecosystem-Statistics-UPI-Top-50-member-performance-2024-Jun-Remitter.xlsx,sheet title,1,Rajasthan Marudhara Gramin Bank,True,100.0
2024-06,2024-06,42,Maharashtra Gramin Bank,Maharashtra Gramin Bank,25.16,86.97,11.42,1.61,0.17,44.72,3b1e429f-Ecosystem-Statistics-UPI-Top-50-member-performance-2024-Jun-Remitter.xlsx,sheet title,1,Maharashtra Gramin Bank,True,100.0
2024-06,2024-06,43,Standard Chartered Bank,Standard Chartered Bank,24.97,96.93,2.9,0.17,0.16,90.27,3b1e429f-Ecosystem-Statistics-UPI-Top-50-member-performance-2024-Jun-Remitter.xlsx,sheet title,1,Standard Chartered Bank,True,100.0
2024-06,2024-06,44,Baroda Uttar Pradesh Gramin Bank,Baroda UP Gramin Bank,24.09,74.58,10.0,15.42,0.15,88.69,3b1e429f-Ecosystem-Statistics-UPI-Top-50-member-performance-2024-Jun-Remitter.xlsx,sheet title,1,Baroda UP Gramin Bank,True,100.0
2024-06,2024-06,45,Saraswat Co-operative Bank Ltd.,Saraswat Co-operative Bank,23.45,94.86,4.71,0.43,0.15,96.25,3b1e429f-Ecosystem-Statistics-UPI-Top-50-member-performance-2024-Jun-Remitter.xlsx,sheet title,1,Saraswat Co-operative Bank,True,100.0
2024-06,2024-06,46,ESAF Small Finance Bank Ltd.,ESAF Small Finance Bank,22.93,95.04,4.76,0.2,0.14,67.14,3b1e429f-Ecosystem-Statistics-UPI-Top-50-member-performance-2024-Jun-Remitter.xlsx,sheet title,1,ESAF Small Finance Bank,True,100.0
2024-06,2024-06,47,Fincare Small Finance Bank Limited,Fincare Small Finance Bank,20.56,85.12,14.38,0.51,0.13,9.53,3b1e429f-Ecosystem-Statistics-UPI-Top-50-member-performance-2024-Jun-Remitter.xlsx,sheet title,1,Fincare Small Finance Bank,True,100.01
2024-06,2024-06,48,Sarva Haryana Gramin Bank,Sarva Haryana Gramin Bank,19.34,89.85,7.83,2.32,0.13,96.24000000000001,3b1e429f-Ecosystem-Statistics-UPI-Top-50-member-performance-2024-Jun-Remitter.xlsx,sheet title,1,Sarva Haryana Gramin Bank,True,100.0
2024-06,2024-06,49,Andhra Pragathi Grameena Bank,Andhra Pragathi Grameena Bank,18.35,80.76,12.96,6.28,0.13,99.61,3b1e429f-Ecosystem-Statistics-UPI-Top-50-member-performance-2024-Jun-Remitter.xlsx,sheet title,1,Andhra Pragathi Grameena Bank,True,100.0
2024-06,2024-06,50,Jio Payments Bank limited,Jio Payments Bank,16.8,84.8,11.61,3.59,0.11,47.65,3b1e429f-Ecosystem-Statistics-UPI-Top-50-member-performance-2024-Jun-Remitter.xlsx,sheet title,1,Jio Payments Bank,True,100.0
2024-07,2024-07,1,State Bank Of India,State Bank of India,3912.83,94.55,5.31,0.14,12.09,96.94,ebc2277f-Ecosystem-Statistics-UPI-Top-50-member-performance-2024-Jul-Remitter.xlsx,sheet title,1,State Bank of India,True,100.0
2024-07,2024-07,2,HDFC Bank Ltd.,HDFC Bank,1214.73,95.21,4.78,0.0,3.67,98.69,ebc2277f-Ecosystem-Statistics-UPI-Top-50-member-performance-2024-Jul-Remitter.xlsx,sheet title,1,HDFC Bank,True,99.99
2024-07,2024-07,3,Bank of Baroda,Bank of Baroda,954.81,92.35,7.06,0.59,3.76,88.84,ebc2277f-Ecosystem-Statistics-UPI-Top-50-member-performance-2024-Jul-Remitter.xlsx,sheet title,1,Bank of Baroda,True,100.0
2024-07,2024-07,4,Union Bank Of India,Union Bank of India,905.83,94.14,5.76,0.1,3.33,74.06,ebc2277f-Ecosystem-Statistics-UPI-Top-50-member-performance-2024-Jul-Remitter.xlsx,sheet title,1,Union Bank of India,True,100.0
2024-07,2024-07,5,Punjab national Bank,Punjab National Bank,837.23,89.63,10.27,0.1,3.21,93.14,ebc2277f-Ecosystem-Statistics-UPI-Top-50-member-performance-2024-Jul-Remitter.xlsx,sheet title,1,Punjab National Bank,True,100.0
2024-07,2024-07,6,Kotak Mahindra Bank,Kotak Mahindra Bank,746.29,92.59,7.22,0.19,2.58,78.21,ebc2277f-Ecosystem-Statistics-UPI-Top-50-member-performance-2024-Jul-Remitter.xlsx,sheet title,1,Kotak Mahindra Bank,True,100.0
2024-07,2024-07,7,Axis bank Ltd.,Axis Bank,697.05,95.55,4.45,0.0,1.68,97.33,ebc2277f-Ecosystem-Statistics-UPI-Top-50-member-performance-2024-Jul-Remitter.xlsx,sheet title,1,Axis Bank,True,100.0
2024-07,2024-07,8,Canara Bank,Canara Bank,688.87,93.41,6.23,0.36,3.78,70.71,ebc2277f-Ecosystem-Statistics-UPI-Top-50-member-performance-2024-Jul-Remitter.xlsx,sheet title,1,Canara Bank,True,100.0
2024-07,2024-07,9,ICICI Bank Ltd.,ICICI Bank,629.64,96.15,3.83,0.02,1.66,93.07,ebc2277f-Ecosystem-Statistics-UPI-Top-50-member-performance-2024-Jul-Remitter.xlsx,sheet title,1,ICICI Bank,True,100.0
2024-07,2024-07,10,Bank Of India,Bank of India,462.31,93.79,5.4,0.81,2.36,66.06,ebc2277f-Ecosystem-Statistics-UPI-Top-50-member-performance-2024-Jul-Remitter.xlsx,sheet title,1,Bank of India,True,100.0
2024-07,2024-07,11,Indian Bank,Indian Bank,449.31,94.1,5.88,0.02,1.27,94.42,ebc2277f-Ecosystem-Statistics-UPI-Top-50-member-performance-2024-Jul-Remitter.xlsx,sheet title,1,Indian Bank,True,100.0
2024-07,2024-07,12,Airtel Payments Bank Ltd,Airtel Payments Bank,430.92,89.21,10.65,0.14,1.61,93.76,ebc2277f-Ecosystem-Statistics-UPI-Top-50-member-performance-2024-Jul-Remitter.xlsx,sheet title,1,Airtel Payments Bank,True,100.0
2024-07,2024-07,13,India Post Payments Bank Ltd,India Post Payments Bank,336.13,84.74,12.89,2.38,2.23,53.95,ebc2277f-Ecosystem-Statistics-UPI-Top-50-member-performance-2024-Jul-Remitter.xlsx,sheet title,1,India Post Payments Bank,True,100.01
2024-07,2024-07,14,Federal bank Ltd.,Federal Bank,214.6,94.25,5.71,0.04,0.6,97.44,ebc2277f-Ecosystem-Statistics-UPI-Top-50-member-performance-2024-Jul-Remitter.xlsx,sheet title,1,Federal Bank,True,100.0
2024-07,2024-07,15,Central Bank of India,Central Bank of India,211.52,88.33,11.36,0.32,1.0,89.37,ebc2277f-Ecosystem-Statistics-UPI-Top-50-member-performance-2024-Jul-Remitter.xlsx,sheet title,1,Central Bank of India,True,100.01
2024-07,2024-07,16,Indian Overseas Bank,Indian Overseas Bank,210.05,94.08,5.68,0.24,0.78,91.89,ebc2277f-Ecosystem-Statistics-UPI-Top-50-member-performance-2024-Jul-Remitter.xlsx,sheet title,1,Indian Overseas Bank,True,100.0
2024-07,2024-07,17,UCO Bank,UCO Bank,194.92,92.01,7.3,0.68,1.0,78.83,ebc2277f-Ecosystem-Statistics-UPI-Top-50-member-performance-2024-Jul-Remitter.xlsx,sheet title,1,UCO Bank,True,99.99
2024-07,2024-07,18,IDBI Bank,IDBI Bank,161.72,93.74,5.72,0.54,1.02,52.33,ebc2277f-Ecosystem-Statistics-UPI-Top-50-member-performance-2024-Jul-Remitter.xlsx,sheet title,1,IDBI Bank,True,100.0
2024-07,2024-07,19,Indusind Bank Ltd.,IndusInd Bank,161.53,92.09,7.83,0.09,0.81,87.52,ebc2277f-Ecosystem-Statistics-UPI-Top-50-member-performance-2024-Jul-Remitter.xlsx,sheet title,1,IndusInd Bank,True,100.01
2024-07,2024-07,20,Bank of Maharashtra,Bank of Maharashtra,155.62,92.94,5.91,1.15,1.18,64.44,ebc2277f-Ecosystem-Statistics-UPI-Top-50-member-performance-2024-Jul-Remitter.xlsx,sheet title,1,Bank of Maharashtra,True,100.0
2024-07,2024-07,21,Fino Payments Bank Limited,Fino Payments Bank,145.95,92.59,7.23,0.18,0.68,78.5,ebc2277f-Ecosystem-Statistics-UPI-Top-50-member-performance-2024-Jul-Remitter.xlsx,sheet title,1,Fino Payments Bank,True,100.0
2024-07,2024-07,22,Yes Bank Ltd.,YES Bank,123.36,94.1,5.85,0.05,0.31,82.9,ebc2277f-Ecosystem-Statistics-UPI-Top-50-member-performance-2024-Jul-Remitter.xlsx,sheet title,1,YES Bank,True,100.0
2024-07,2024-07,23,Karnataka Bank,Karnataka Bank,113.52,92.56,7.17,0.27,0.48,79.11,ebc2277f-Ecosystem-Statistics-UPI-Top-50-member-performance-2024-Jul-Remitter.xlsx,sheet title,1,Karnataka Bank,True,100.0
2024-07,2024-07,24,IDFC First Bank Ltd,IDFC FIRST Bank,87.5,93.27,6.62,0.11,0.36,70.12,ebc2277f-Ecosystem-Statistics-UPI-Top-50-member-performance-2024-Jul-Remitter.xlsx,sheet title,1,IDFC FIRST Bank,True,100.0
2024-07,2024-07,25,Karur Vysya Bank,Karur Vysya Bank,71.96,93.18,6.38,0.44,0.28,89.14,ebc2277f-Ecosystem-Statistics-UPI-Top-50-member-performance-2024-Jul-Remitter.xlsx,sheet title,1,Karur Vysya Bank,True,100.0
2024-07,2024-07,26,The Jammu & Kashmir Bank Limited,Jammu & Kashmir Bank,68.27,89.99,4.67,5.34,0.74,31.87,ebc2277f-Ecosystem-Statistics-UPI-Top-50-member-performance-2024-Jul-Remitter.xlsx,sheet title,1,Jammu & Kashmir Bank,True,100.0
2024-07,2024-07,27,Bandhan Bank limited,Bandhan Bank,63.78,93.27,5.64,1.1,0.26,96.54,ebc2277f-Ecosystem-Statistics-UPI-Top-50-member-performance-2024-Jul-Remitter.xlsx,sheet title,1,Bandhan Bank,True,100.01
2024-07,2024-07,28,The South Indian Bank Limited,South Indian Bank,56.93,94.92,5.06,0.02,0.23,81.02,ebc2277f-Ecosystem-Statistics-UPI-Top-50-member-performance-2024-Jul-Remitter.xlsx,sheet title,1,South Indian Bank,True,100.0
2024-07,2024-07,29,Tri O Tech Solutions Private Limited,Tri O Tech Solutions,52.1,99.8,0.2,0.0,0.0,0.0,ebc2277f-Ecosystem-Statistics-UPI-Top-50-member-performance-2024-Jul-Remitter.xlsx,sheet title,1,Tri O Tech Solutions,False,100.0
2024-07,2024-07,30,AU Small Finance Bank,AU Small Finance Bank,48.46,93.76,6.23,0.02,0.18,93.22,ebc2277f-Ecosystem-Statistics-UPI-Top-50-member-performance-2024-Jul-Remitter.xlsx,sheet title,1,AU Small Finance Bank,True,100.01
2024-07,2024-07,31,Ujjivan Small Finance Bank Limited,Ujjivan Small Finance Bank,45.78,94.02,5.7,0.28,0.28,59.89,ebc2277f-Ecosystem-Statistics-UPI-Top-50-member-performance-2024-Jul-Remitter.xlsx,sheet title,1,Ujjivan Small Finance Bank,True,100.0
2024-07,2024-07,32,City Union Bank,City Union Bank,43.4,92.8,6.94,0.26,0.12,90.14,ebc2277f-Ecosystem-Statistics-UPI-Top-50-member-performance-2024-Jul-Remitter.xlsx,sheet title,1,City Union Bank,True,100.0
2024-07,2024-07,33,Punjab and Sind Bank,Punjab & Sind Bank,40.75,91.88,7.6,0.52,0.24,83.76,ebc2277f-Ecosystem-Statistics-UPI-Top-50-member-performance-2024-Jul-Remitter.xlsx,sheet title,1,Punjab & Sind Bank,True,100.0
2024-07,2024-07,34,Tamilnad Mercantile Bank Limited,Tamilnad Mercantile Bank,40.33,91.64,8.16,0.2,0.23,57.68,ebc2277f-Ecosystem-Statistics-UPI-Top-50-member-performance-2024-Jul-Remitter.xlsx,sheet title,1,Tamilnad Mercantile Bank,True,100.0
2024-07,2024-07,35,Equitas Small Finance Bank Ltd,Equitas Small Finance Bank,33.37,91.72,7.51,0.77,0.15,81.82,ebc2277f-Ecosystem-Statistics-UPI-Top-50-member-performance-2024-Jul-Remitter.xlsx,sheet title,1,Equitas Small Finance Bank,True,100.0
2024-07,2024-07,36,Kerala Gramin Bank,Kerala Gramin Bank,31.93,92.26,5.89,1.85,0.31,83.44,ebc2277f-Ecosystem-Statistics-UPI-Top-50-member-performance-2024-Jul-Remitter.xlsx,sheet title,1,Kerala Gramin Bank,True,100.0
2024-07,2024-07,37,Karnataka Gramin Bank (Erstwhile Pragathi Krishna Gramin Bank),Karnataka Gramin Bank,28.68,89.64,7.23,3.13,0.42,73.14,ebc2277f-Ecosystem-Statistics-UPI-Top-50-member-performance-2024-Jul-Remitter.xlsx,sheet title,1,Karnataka Gramin Bank,True,100.0
2024-07,2024-07,38,Andhra Pradesh Grameena Vikas Bank - IMPS,Andhra Pradesh Grameena Vikas Bank,27.69,85.15,11.47,3.38,0.13,69.04,ebc2277f-Ecosystem-Statistics-UPI-Top-50-member-performance-2024-Jul-Remitter.xlsx,sheet title,1,Telangana Grameena Bank,True,100.0
2024-07,2024-07,39,DBS Bank India Limited,DBS Bank India,27.67,93.99,5.98,0.03,0.08,95.3,ebc2277f-Ecosystem-Statistics-UPI-Top-50-member-performance-2024-Jul-Remitter.xlsx,sheet title,1,DBS Bank India,True,100.0
2024-07,2024-07,40,Rajasthan Marudhara Gramin Bank,Rajasthan Marudhara Gramin Bank,25.58,79.63,9.9,10.47,0.35,26.42,ebc2277f-Ecosystem-Statistics-UPI-Top-50-member-performance-2024-Jul-Remitter.xlsx,sheet title,1,Rajasthan Marudhara Gramin Bank,True,100.0
2024-07,2024-07,41,Maharashtra Gramin Bank,Maharashtra Gramin Bank,25.52,78.5,10.43,11.07,0.18,33.96,ebc2277f-Ecosystem-Statistics-UPI-Top-50-member-performance-2024-Jul-Remitter.xlsx,sheet title,1,Maharashtra Gramin Bank,True,100.0
2024-07,2024-07,42,Standard Chartered Bank,Standard Chartered Bank,25.11,97.04,2.95,0.01,0.07,93.06,ebc2277f-Ecosystem-Statistics-UPI-Top-50-member-performance-2024-Jul-Remitter.xlsx,sheet title,1,Standard Chartered Bank,True,100.0
2024-07,2024-07,43,ESAF Small Finance Bank Ltd.,ESAF Small Finance Bank,24.06,94.84,4.94,0.22,0.08,93.14,ebc2277f-Ecosystem-Statistics-UPI-Top-50-member-performance-2024-Jul-Remitter.xlsx,sheet title,1,ESAF Small Finance Bank,True,100.0
2024-07,2024-07,44,Saraswat Co-operative Bank,Saraswat Co-operative Bank,23.62,94.54,5.13,0.33,0.12,63.03,ebc2277f-Ecosystem-Statistics-UPI-Top-50-member-performance-2024-Jul-Remitter.xlsx,sheet title,1,Saraswat Co-operative Bank,True,100.0
2024-07,2024-07,45,Baroda U.P. Bank (Erstwhile Baroda Uttar Pradesh Gramin Bank),Baroda UP Gramin Bank,23.44,84.61,9.14,6.25,0.58,18.67,ebc2277f-Ecosystem-Statistics-UPI-Top-50-member-performance-2024-Jul-Remitter.xlsx,sheet title,1,Baroda UP Gramin Bank,True,100.0
2024-07,2024-07,46,AU Small Finance Bank (Erstwhile Fincare),Fincare Small Finance Bank,20.27,85.18,14.37,0.45,0.08,91.52,ebc2277f-Ecosystem-Statistics-UPI-Top-50-member-performance-2024-Jul-Remitter.xlsx,sheet title,1,Fincare Small Finance Bank,True,100.0
2024-07,2024-07,47,Sarva Haryana Gramin Bank,Sarva Haryana Gramin Bank,20.25,90.64,8.39,0.96,0.14,64.2,ebc2277f-Ecosystem-Statistics-UPI-Top-50-member-performance-2024-Jul-Remitter.xlsx,sheet title,1,Sarva Haryana Gramin Bank,True,99.99
2024-07,2024-07,48,Jio Payments Bank limited,Jio Payments Bank,18.37,84.71,13.55,1.75,0.21,94.31,ebc2277f-Ecosystem-Statistics-UPI-Top-50-member-performance-2024-Jul-Remitter.xlsx,sheet title,1,Jio Payments Bank,True,100.01
2024-07,2024-07,49,Andhra Pragathi Grameena Bank,Andhra Pragathi Grameena Bank,17.96,79.8,12.21,7.99,0.08,60.11,ebc2277f-Ecosystem-Statistics-UPI-Top-50-member-performance-2024-Jul-Remitter.xlsx,sheet title,1,Andhra Pragathi Grameena Bank,True,100.0
2024-07,2024-07,50,RBL Bank Ltd.,RBL Bank,17.66,90.29,8.87,0.84,0.1,60.52,ebc2277f-Ecosystem-Statistics-UPI-Top-50-member-performance-2024-Jul-Remitter.xlsx,sheet title,1,RBL Bank,True,100.0
2024-08,2024-08,1,State Bank Of India,State Bank of India,4052.31,94.4,5.39,0.21,11.86,98.58,8ce6d529-Ecosystem-Statistics-UPI-Top-50-member-performance-2024-Aug-Remitter.xlsx,sheet title,1,State Bank of India,True,100.0
2024-08,2024-08,2,HDFC Bank Ltd.,HDFC Bank,1270.59,95.28,4.66,0.06,3.61,99.34,8ce6d529-Ecosystem-Statistics-UPI-Top-50-member-performance-2024-Aug-Remitter.xlsx,sheet title,1,HDFC Bank,True,100.0
2024-08,2024-08,3,Bank of Baroda,Bank of Baroda,985.86,92.45,6.95,0.6,3.26,95.42,8ce6d529-Ecosystem-Statistics-UPI-Top-50-member-performance-2024-Aug-Remitter.xlsx,sheet title,1,Bank of Baroda,True,100.0
2024-08,2024-08,4,Union Bank Of India,Union Bank of India,941.93,93.51,5.83,0.65,3.91,68.43,8ce6d529-Ecosystem-Statistics-UPI-Top-50-member-performance-2024-Aug-Remitter.xlsx,sheet title,1,Union Bank of India,True,99.99
2024-08,2024-08,5,Punjab national Bank,Punjab National Bank,835.0,91.99,7.92,0.09,2.96,95.13,8ce6d529-Ecosystem-Statistics-UPI-Top-50-member-performance-2024-Aug-Remitter.xlsx,sheet title,1,Punjab National Bank,True,100.0
2024-08,2024-08,6,Kotak Mahindra Bank,Kotak Mahindra Bank,772.93,92.43,7.48,0.09,2.03,93.51,8ce6d529-Ecosystem-Statistics-UPI-Top-50-member-performance-2024-Aug-Remitter.xlsx,sheet title,1,Kotak Mahindra Bank,True,100.0
2024-08,2024-08,7,Axis bank Ltd.,Axis Bank,730.47,95.47,4.53,0.0,1.67,98.74,8ce6d529-Ecosystem-Statistics-UPI-Top-50-member-performance-2024-Aug-Remitter.xlsx,sheet title,1,Axis Bank,True,100.0
2024-08,2024-08,8,Canara Bank,Canara Bank,722.42,93.11,6.11,0.78,3.27,85.39,8ce6d529-Ecosystem-Statistics-UPI-Top-50-member-performance-2024-Aug-Remitter.xlsx,sheet title,1,Canara Bank,True,100.0
2024-08,2024-08,9,ICICI Bank Ltd.,ICICI Bank,648.75,96.15,3.76,0.09,1.37,96.47,8ce6d529-Ecosystem-Statistics-UPI-Top-50-member-performance-2024-Aug-Remitter.xlsx,sheet title,1,ICICI Bank,True,100.0
2024-08,2024-08,10,Bank Of India,Bank of India,478.26,93.86,5.61,0.53,2.07,74.34,8ce6d529-Ecosystem-Statistics-UPI-Top-50-member-performance-2024-Aug-Remitter.xlsx,sheet title,1,Bank of India,True,100.0
2024-08,2024-08,11,Indian Bank,Indian Bank,462.16,94.02,5.92,0.06,1.36,95.17,8ce6d529-Ecosystem-Statistics-UPI-Top-50-member-performance-2024-Aug-Remitter.xlsx,sheet title,1,Indian Bank,True,100.0
2024-08,2024-08,12,Airtel Payments Bank Ltd,Airtel Payments Bank,437.93,90.01,9.84,0.15,1.81,97.33,8ce6d529-Ecosystem-Statistics-UPI-Top-50-member-performance-2024-Aug-Remitter.xlsx,sheet title,1,Airtel Payments Bank,True,100.0
2024-08,2024-08,13,India Post Payments Bank Ltd,India Post Payments Bank,349.66,88.27,10.99,0.74,1.73,91.01,8ce6d529-Ecosystem-Statistics-UPI-Top-50-member-performance-2024-Aug-Remitter.xlsx,sheet title,1,India Post Payments Bank,True,100.0
2024-08,2024-08,14,Federal bank Ltd.,Federal Bank,221.37,94.22,5.75,0.03,0.59,99.43,8ce6d529-Ecosystem-Statistics-UPI-Top-50-member-performance-2024-Aug-Remitter.xlsx,sheet title,1,Federal Bank,True,100.0
2024-08,2024-08,15,Central Bank of India,Central Bank of India,218.28,88.36,11.05,0.59,1.08,81.74,8ce6d529-Ecosystem-Statistics-UPI-Top-50-member-performance-2024-Aug-Remitter.xlsx,sheet title,1,Central Bank of India,True,100.0
2024-08,2024-08,16,Indian Overseas Bank,Indian Overseas Bank,217.93,92.44,5.92,1.64,1.05,90.49,8ce6d529-Ecosystem-Statistics-UPI-Top-50-member-performance-2024-Aug-Remitter.xlsx,sheet title,1,Indian Overseas Bank,True,100.0
2024-08,2024-08,17,UCO Bank,UCO Bank,200.84,92.29,7.59,0.12,0.77,89.65,8ce6d529-Ecosystem-Statistics-UPI-Top-50-member-performance-2024-Aug-Remitter.xlsx,sheet title,1,UCO Bank,True,100.0
2024-08,2024-08,18,IDBI Bank,IDBI Bank,166.58,94.17,5.57,0.26,0.75,91.64,8ce6d529-Ecosystem-Statistics-UPI-Top-50-member-performance-2024-Aug-Remitter.xlsx,sheet title,1,IDBI Bank,True,100.0
2024-08,2024-08,19,Indusind Bank Ltd.,IndusInd Bank,165.7,91.49,8.34,0.17,0.67,98.15,8ce6d529-Ecosystem-Statistics-UPI-Top-50-member-performance-2024-Aug-Remitter.xlsx,sheet title,1,IndusInd Bank,True,100.0
2024-08,2024-08,20,Bank of Maharashtra,Bank of Maharashtra,163.62,93.33,6.41,0.25,0.53,84.69,8ce6d529-Ecosystem-Statistics-UPI-Top-50-member-performance-2024-Aug-Remitter.xlsx,sheet title,1,Bank of Maharashtra,True,99.99
2024-08,2024-08,21,Fino Payments Bank Limited,Fino Payments Bank,151.38,92.78,6.83,0.39,0.88,73.49,8ce6d529-Ecosystem-Statistics-UPI-Top-50-member-performance-2024-Aug-Remitter.xlsx,sheet title,1,Fino Payments Bank,True,100.0
2024-08,2024-08,22,Yes Bank Ltd.,YES Bank,126.41,93.91,5.87,0.23,0.33,72.31,8ce6d529-Ecosystem-Statistics-UPI-Top-50-member-performance-2024-Aug-Remitter.xlsx,sheet title,1,YES Bank,True,100.01
2024-08,2024-08,23,Karnataka Bank,Karnataka Bank,117.67,92.78,7.01,0.21,0.39,81.2,8ce6d529-Ecosystem-Statistics-UPI-Top-50-member-performance-2024-Aug-Remitter.xlsx,sheet title,1,Karnataka Bank,True,100.0
2024-08,2024-08,24,IDFC First Bank Ltd,IDFC FIRST Bank,89.97,93.64,6.13,0.23,0.38,61.58,8ce6d529-Ecosystem-Statistics-UPI-Top-50-member-performance-2024-Aug-Remitter.xlsx,sheet title,1,IDFC FIRST Bank,True,100.0
2024-08,2024-08,25,Karur Vysya Bank,Karur Vysya Bank,74.18,92.49,6.22,1.3,0.42,74.66,8ce6d529-Ecosystem-Statistics-UPI-Top-50-member-performance-2024-Aug-Remitter.xlsx,sheet title,1,Karur Vysya Bank,True,100.01
2024-08,2024-08,26,AU small Finance Bank,AU Small Finance Bank,69.4,91.26,8.72,0.02,0.16,97.18,8ce6d529-Ecosystem-Statistics-UPI-Top-50-member-performance-2024-Aug-Remitter.xlsx,sheet title,1,AU Small Finance Bank,True,100.0
2024-08,2024-08,27,The Jammu & Kashmir Bank Limited,Jammu & Kashmir Bank,69.35,92.93,5.02,2.06,0.84,31.42,8ce6d529-Ecosystem-Statistics-UPI-Top-50-member-performance-2024-Aug-Remitter.xlsx,sheet title,1,Jammu & Kashmir Bank,True,100.01
2024-08,2024-08,28,Bandhan Bank limited,Bandhan Bank,66.15,93.24,5.73,1.03,0.29,90.93,8ce6d529-Ecosystem-Statistics-UPI-Top-50-member-performance-2024-Aug-Remitter.xlsx,sheet title,1,Bandhan Bank,True,100.0
2024-08,2024-08,29,The South Indian Bank Limited,South Indian Bank,60.3,95.07,4.88,0.05,0.15,97.96,8ce6d529-Ecosystem-Statistics-UPI-Top-50-member-performance-2024-Aug-Remitter.xlsx,sheet title,1,South Indian Bank,True,100.0
2024-08,2024-08,30,Tri O Tech Solutions Private Limited,Tri O Tech Solutions,57.12,100.0,0.0,0.0,,,8ce6d529-Ecosystem-Statistics-UPI-Top-50-member-performance-2024-Aug-Remitter.xlsx,sheet title,1,Tri O Tech Solutions,False,100.0
2024-08,2024-08,31,Ujjivan Small Finance Bank Limited,Ujjivan Small Finance Bank,45.73,94.25,5.32,0.42,0.17,90.37,8ce6d529-Ecosystem-Statistics-UPI-Top-50-member-performance-2024-Aug-Remitter.xlsx,sheet title,1,Ujjivan Small Finance Bank,True,99.99
2024-08,2024-08,32,City Union Bank,City Union Bank,44.59,92.78,6.73,0.49,0.14,96.77,8ce6d529-Ecosystem-Statistics-UPI-Top-50-member-performance-2024-Aug-Remitter.xlsx,sheet title,1,City Union Bank,True,100.0
2024-08,2024-08,33,Punjab and Sind Bank,Punjab & Sind Bank,42.38,92.12,7.39,0.49,0.24,81.24,8ce6d529-Ecosystem-Statistics-UPI-Top-50-member-performance-2024-Aug-Remitter.xlsx,sheet title,1,Punjab & Sind Bank,True,100.0
2024-08,2024-08,34,Tamilnad Mercantile Bank Limited,Tamilnad Mercantile Bank,41.5,91.74,7.81,0.46,0.14,77.29,8ce6d529-Ecosystem-Statistics-UPI-Top-50-member-performance-2024-Aug-Remitter.xlsx,sheet title,1,Tamilnad Mercantile Bank,True,100.01
2024-08,2024-08,35,Kerala Gramin Bank,Kerala Gramin Bank,34.73,90.77,6.37,2.87,0.39,70.78,8ce6d529-Ecosystem-Statistics-UPI-Top-50-member-performance-2024-Aug-Remitter.xlsx,sheet title,1,Kerala Gramin Bank,True,100.01
2024-08,2024-08,36,Equitas Small Finance Bank Ltd,Equitas Small Finance Bank,32.89,92.09,7.25,0.66,0.12,93.25,8ce6d529-Ecosystem-Statistics-UPI-Top-50-member-performance-2024-Aug-Remitter.xlsx,sheet title,1,Equitas Small Finance Bank,True,100.0
2024-08,2024-08,37,Karnataka Gramin Bank (Erstwhile Pragathi Krishna Gramin Bank),Karnataka Gramin Bank,30.19,84.79,7.38,7.83,0.84,50.55,8ce6d529-Ecosystem-Statistics-UPI-Top-50-member-performance-2024-Aug-Remitter.xlsx,sheet title,1,Karnataka Gramin Bank,True,100.0
2024-08,2024-08,38,Andhra Pradesh Grameena Vikas Bank - IMPS,Andhra Pradesh Grameena Vikas Bank,28.61,86.25,12.84,0.91,0.1,76.11,8ce6d529-Ecosystem-Statistics-UPI-Top-50-member-performance-2024-Aug-Remitter.xlsx,sheet title,1,Telangana Grameena Bank,True,100.0
2024-08,2024-08,39,DBS Bank India Limited,DBS Bank India,28.32,93.8,6.18,0.03,0.08,99.45,8ce6d529-Ecosystem-Statistics-UPI-Top-50-member-performance-2024-Aug-Remitter.xlsx,sheet title,1,DBS Bank India,True,100.01
2024-08,2024-08,40,Standard Chartered Bank,Standard Chartered Bank,26.22,97.09,2.89,0.03,0.06,93.72,8ce6d529-Ecosystem-Statistics-UPI-Top-50-member-performance-2024-Aug-Remitter.xlsx,sheet title,1,Standard Chartered Bank,True,100.01
2024-08,2024-08,41,ESAF Small Finance Bank Ltd.,ESAF Small Finance Bank,25.47,95.08,4.72,0.21,0.09,90.6,8ce6d529-Ecosystem-Statistics-UPI-Top-50-member-performance-2024-Aug-Remitter.xlsx,sheet title,1,ESAF Small Finance Bank,True,100.01
2024-08,2024-08,42,Saraswat Co-operative Bank,Saraswat Co-operative Bank,25.08,95.11,4.76,0.13,0.07,91.58,8ce6d529-Ecosystem-Statistics-UPI-Top-50-member-performance-2024-Aug-Remitter.xlsx,sheet title,1,Saraswat Co-operative Bank,True,100.0
2024-08,2024-08,43,Maharashtra Gramin Bank,Maharashtra Gramin Bank,24.99,86.37,12.27,1.35,0.09,84.89,8ce6d529-Ecosystem-Statistics-UPI-Top-50-member-performance-2024-Aug-Remitter.xlsx,sheet title,1,Maharashtra Gramin Bank,True,99.99
2024-08,2024-08,44,Baroda U.P. Bank (Erstwhile Baroda Uttar Pradesh Gramin Bank),Baroda UP Gramin Bank,24.96,88.53,8.79,2.68,0.25,39.56,8ce6d529-Ecosystem-Statistics-UPI-Top-50-member-performance-2024-Aug-Remitter.xlsx,sheet title,1,Baroda UP Gramin Bank,True,100.0
2024-08,2024-08,45,Rajasthan Marudhara Gramin Bank,Rajasthan Marudhara Gramin Bank,23.83,86.87,10.55,2.58,0.2,56.54,8ce6d529-Ecosystem-Statistics-UPI-Top-50-member-performance-2024-Aug-Remitter.xlsx,sheet title,1,Rajasthan Marudhara Gramin Bank,True,100.0
2024-08,2024-08,46,Sarva Haryana Gramin Bank,Sarva Haryana Gramin Bank,20.33,87.7,6.6,5.7,0.33,52.55,8ce6d529-Ecosystem-Statistics-UPI-Top-50-member-performance-2024-Aug-Remitter.xlsx,sheet title,1,Sarva Haryana Gramin Bank,True,100.0
2024-08,2024-08,47,Jio Payments Bank limited,Jio Payments Bank,20.1,82.02,15.04,2.94,0.23,89.82,8ce6d529-Ecosystem-Statistics-UPI-Top-50-member-performance-2024-Aug-Remitter.xlsx,sheet title,1,Jio Payments Bank,True,100.0
2024-08,2024-08,48,RBL Bank Ltd.,RBL Bank,18.51,90.75,8.85,0.4,0.07,67.86,8ce6d529-Ecosystem-Statistics-UPI-Top-50-member-performance-2024-Aug-Remitter.xlsx,sheet title,1,RBL Bank,True,100.0
2024-08,2024-08,49,NSDL Payments Bank Limited,NSDL Payments Bank,18.11,84.73,11.81,3.47,0.27,17.1,8ce6d529-Ecosystem-Statistics-UPI-Top-50-member-performance-2024-Aug-Remitter.xlsx,sheet title,1,NSDL Payments Bank,True,100.01
2024-08,2024-08,50,Andhra Pragathi Grameena Bank,Andhra Pragathi Grameena Bank,17.78,85.45,12.94,1.61,0.09,61.42,8ce6d529-Ecosystem-Statistics-UPI-Top-50-member-performance-2024-Aug-Remitter.xlsx,sheet title,1,Andhra Pragathi Grameena Bank,True,100.0
2024-09,2024-09,1,State Bank Of India,State Bank of India,4067.05,93.9,5.35,0.75,15.24,95.22,d2f6ddf1-Ecosystem-Statistics-UPI-Top-50-member-performance-2024-Sep-Remitter.xlsx,sheet title,1,State Bank of India,True,100.0
2024-09,2024-09,2,HDFC BANK LTD,HDFC Bank,1267.31,95.36,4.62,0.02,3.28,99.66,d2f6ddf1-Ecosystem-Statistics-UPI-Top-50-member-performance-2024-Sep-Remitter.xlsx,sheet title,1,HDFC Bank,True,100.0
2024-09,2024-09,3,Bank of Baroda,Bank of Baroda,996.46,92.87,7.01,0.11,2.75,98.59,d2f6ddf1-Ecosystem-Statistics-UPI-Top-50-member-performance-2024-Sep-Remitter.xlsx,sheet title,1,Bank of Baroda,True,99.99
2024-09,2024-09,4,Union Bank of India,Union Bank of India,928.3,93.16,6.36,0.47,4.67,53.0,d2f6ddf1-Ecosystem-Statistics-UPI-Top-50-member-performance-2024-Sep-Remitter.xlsx,sheet title,1,Union Bank of India,True,99.99
2024-09,2024-09,5,Punjab National Bank,Punjab National Bank,851.0,92.2,7.69,0.11,2.7,95.21,d2f6ddf1-Ecosystem-Statistics-UPI-Top-50-member-performance-2024-Sep-Remitter.xlsx,sheet title,1,Punjab National Bank,True,100.0
2024-09,2024-09,6,Kotak Mahindra Bank,Kotak Mahindra Bank,771.17,91.78,7.55,0.68,2.13,86.79,d2f6ddf1-Ecosystem-Statistics-UPI-Top-50-member-performance-2024-Sep-Remitter.xlsx,sheet title,1,Kotak Mahindra Bank,True,100.01
2024-09,2024-09,7,Axis Bank Ltd.,Axis Bank,739.08,95.4,4.54,0.05,1.7,99.18,d2f6ddf1-Ecosystem-Statistics-UPI-Top-50-member-performance-2024-Sep-Remitter.xlsx,sheet title,1,Axis Bank,True,99.99
2024-09,2024-09,8,Canara Bank,Canara Bank,724.35,93.23,6.32,0.44,2.5,91.72,d2f6ddf1-Ecosystem-Statistics-UPI-Top-50-member-performance-2024-Sep-Remitter.xlsx,sheet title,1,Canara Bank,True,99.99
2024-09,2024-09,9,ICICI Bank Ltd.,ICICI Bank,642.3,96.31,3.67,0.02,1.43,97.81,d2f6ddf1-Ecosystem-Statistics-UPI-Top-50-member-performance-2024-Sep-Remitter.xlsx,sheet title,1,ICICI Bank,True,100.0
2024-09,2024-09,10,Bank of India,Bank of India,480.33,93.98,5.57,0.45,2.04,72.57,d2f6ddf1-Ecosystem-Statistics-UPI-Top-50-member-performance-2024-Sep-Remitter.xlsx,sheet title,1,Bank of India,True,100.0
2024-09,2024-09,11,Indian Bank,Indian Bank,466.01,94.03,5.87,0.11,1.44,89.97,d2f6ddf1-Ecosystem-Statistics-UPI-Top-50-member-performance-2024-Sep-Remitter.xlsx,sheet title,1,Indian Bank,True,100.01
2024-09,2024-09,12,Airtel Payments Bank Ltd,Airtel Payments Bank,449.25,89.91,9.82,0.27,1.74,97.12,d2f6ddf1-Ecosystem-Statistics-UPI-Top-50-member-performance-2024-Sep-Remitter.xlsx,sheet title,1,Airtel Payments Bank,True,100.0
2024-09,2024-09,13,India Post Payments Bank Ltd,India Post Payments Bank,370.25,87.95,11.48,0.58,1.3,93.3,d2f6ddf1-Ecosystem-Statistics-UPI-Top-50-member-performance-2024-Sep-Remitter.xlsx,sheet title,1,India Post Payments Bank,True,100.01
2024-09,2024-09,14,Indian Overseas Bank,Indian Overseas Bank,221.41,91.62,5.67,2.71,2.53,83.77,d2f6ddf1-Ecosystem-Statistics-UPI-Top-50-member-performance-2024-Sep-Remitter.xlsx,sheet title,1,Indian Overseas Bank,True,100.0
2024-09,2024-09,15,Federal Bank Ltd.,Federal Bank,220.03,94.15,5.81,0.04,0.58,99.0,d2f6ddf1-Ecosystem-Statistics-UPI-Top-50-member-performance-2024-Sep-Remitter.xlsx,sheet title,1,Federal Bank,True,100.0
2024-09,2024-09,16,Central Bank Of India,Central Bank of India,219.42,87.43,11.13,1.45,1.27,84.32,d2f6ddf1-Ecosystem-Statistics-UPI-Top-50-member-performance-2024-Sep-Remitter.xlsx,sheet title,1,Central Bank of India,True,100.01
2024-09,2024-09,17,UCO Bank,UCO Bank,202.25,91.83,7.48,0.7,0.81,74.19,d2f6ddf1-Ecosystem-Statistics-UPI-Top-50-member-performance-2024-Sep-Remitter.xlsx,sheet title,1,UCO Bank,True,100.01
2024-09,2024-09,18,IDBI Bank,IDBI Bank,167.82,93.46,5.98,0.55,0.75,80.34,d2f6ddf1-Ecosystem-Statistics-UPI-Top-50-member-performance-2024-Sep-Remitter.xlsx,sheet title,1,IDBI Bank,True,99.99
2024-09,2024-09,19,INDUSIND BANK Ltd.,IndusInd Bank,165.88,91.52,8.37,0.11,0.66,93.54,d2f6ddf1-Ecosystem-Statistics-UPI-Top-50-member-performance-2024-Sep-Remitter.xlsx,sheet title,1,IndusInd Bank,True,100.0
2024-09,2024-09,20,Bank of Maharashtra,Bank of Maharashtra,165.0,93.33,6.37,0.3,0.6,72.66,d2f6ddf1-Ecosystem-Statistics-UPI-Top-50-member-performance-2024-Sep-Remitter.xlsx,sheet title,1,Bank of Maharashtra,True,100.0
2024-09,2024-09,21,Fino Payments Bank Limited,Fino Payments Bank,154.66,92.79,7.09,0.12,0.62,90.32,d2f6ddf1-Ecosystem-Statistics-UPI-Top-50-member-performance-2024-Sep-Remitter.xlsx,sheet title,1,Fino Payments Bank,True,100.0
2024-09,2024-09,22,Yes Bank Ltd.,YES Bank,131.04,94.14,5.69,0.16,0.33,73.57,d2f6ddf1-Ecosystem-Statistics-UPI-Top-50-member-performance-2024-Sep-Remitter.xlsx,sheet title,1,YES Bank,True,99.99
2024-09,2024-09,23,Karnataka Bank,Karnataka Bank,117.35,93.35,6.47,0.18,0.35,89.55,d2f6ddf1-Ecosystem-Statistics-UPI-Top-50-member-performance-2024-Sep-Remitter.xlsx,sheet title,1,Karnataka Bank,True,100.0
2024-09,2024-09,24,IDFC First Bank Ltd,IDFC FIRST Bank,89.72,93.65,6.14,0.22,0.4,60.52,d2f6ddf1-Ecosystem-Statistics-UPI-Top-50-member-performance-2024-Sep-Remitter.xlsx,sheet title,1,IDFC FIRST Bank,True,100.01
2024-09,2024-09,25,Karur Vysya Bank,Karur Vysya Bank,73.53,92.19,6.56,1.25,0.37,81.06,d2f6ddf1-Ecosystem-Statistics-UPI-Top-50-member-performance-2024-Sep-Remitter.xlsx,sheet title,1,Karur Vysya Bank,True,100.0
2024-09,2024-09,26,AU small Finance Bank,AU Small Finance Bank,69.23,91.09,8.74,0.17,0.18,90.37,d2f6ddf1-Ecosystem-Statistics-UPI-Top-50-member-performance-2024-Sep-Remitter.xlsx,sheet title,1,AU Small Finance Bank,True,100.0
2024-09,2024-09,27,The Jammu & Kashmir Bank Limited,Jammu & Kashmir Bank,69.03,92.85,5.24,1.9,0.76,28.28,d2f6ddf1-Ecosystem-Statistics-UPI-Top-50-member-performance-2024-Sep-Remitter.xlsx,sheet title,1,Jammu & Kashmir Bank,True,99.99
2024-09,2024-09,28,Bandhan Bank Limited,Bandhan Bank,68.05,92.88,5.45,1.67,0.4,76.7,d2f6ddf1-Ecosystem-Statistics-UPI-Top-50-member-performance-2024-Sep-Remitter.xlsx,sheet title,1,Bandhan Bank,True,100.0
2024-09,2024-09,29,Tri O Tech Solutions Private Limited,Tri O Tech Solutions,61.0,100.0,0.0,0.0,,,d2f6ddf1-Ecosystem-Statistics-UPI-Top-50-member-performance-2024-Sep-Remitter.xlsx,sheet title,1,Tri O Tech Solutions,False,100.0
2024-09,2024-09,30,The South Indian Bank Limited,South Indian Bank,60.27,95.12,4.8,0.09,0.15,99.29,d2f6ddf1-Ecosystem-Statistics-UPI-Top-50-member-performance-2024-Sep-Remitter.xlsx,sheet title,1,South Indian Bank,True,100.01
2024-09,2024-09,31,Ujjivan Small Finance Bank Limited,Ujjivan Small Finance Bank,45.35,94.46,5.22,0.32,0.15,92.62,d2f6ddf1-Ecosystem-Statistics-UPI-Top-50-member-performance-2024-Sep-Remitter.xlsx,sheet title,1,Ujjivan Small Finance Bank,True,100.0
2024-09,2024-09,32,City Union Bank,City Union Bank,44.3,92.88,6.54,0.58,0.16,90.24,d2f6ddf1-Ecosystem-Statistics-UPI-Top-50-member-performance-2024-Sep-Remitter.xlsx,sheet title,1,City Union Bank,True,100.0
2024-09,2024-09,33,Punjab and Sind Bank,Punjab & Sind Bank,43.54,91.88,7.47,0.65,0.24,77.0,d2f6ddf1-Ecosystem-Statistics-UPI-Top-50-member-performance-2024-Sep-Remitter.xlsx,sheet title,1,Punjab & Sind Bank,True,100.0
2024-09,2024-09,34,Tamilnad Mercantile Bank Limited,Tamilnad Mercantile Bank,41.41,92.63,7.01,0.36,0.14,78.15,d2f6ddf1-Ecosystem-Statistics-UPI-Top-50-member-performance-2024-Sep-Remitter.xlsx,sheet title,1,Tamilnad Mercantile Bank,True,100.0
2024-09,2024-09,35,Kerala Gramin Bank,Kerala Gramin Bank,35.02,91.51,6.35,2.15,0.31,80.81,d2f6ddf1-Ecosystem-Statistics-UPI-Top-50-member-performance-2024-Sep-Remitter.xlsx,sheet title,1,Kerala Gramin Bank,True,100.01
2024-09,2024-09,36,Equitas Small Finance Bank Ltd,Equitas Small Finance Bank,32.2,92.96,6.98,0.06,0.11,95.27,d2f6ddf1-Ecosystem-Statistics-UPI-Top-50-member-performance-2024-Sep-Remitter.xlsx,sheet title,1,Equitas Small Finance Bank,True,100.0
2024-09,2024-09,37,Andhra Pradesh Grameena Vikas Bank,Andhra Pradesh Grameena Vikas Bank,29.88,86.57,12.21,1.23,0.13,63.57,d2f6ddf1-Ecosystem-Statistics-UPI-Top-50-member-performance-2024-Sep-Remitter.xlsx,sheet title,1,Telangana Grameena Bank,True,100.01
2024-09,2024-09,38,Pragathi Krishna Gramin Bank,Karnataka Gramin Bank,28.74,88.68,7.74,3.57,0.42,70.44,d2f6ddf1-Ecosystem-Statistics-UPI-Top-50-member-performance-2024-Sep-Remitter.xlsx,sheet title,1,Karnataka Gramin Bank,True,99.99
2024-09,2024-09,39,DBS Bank India Limited,DBS Bank India,27.93,93.71,6.27,0.02,0.08,98.09,d2f6ddf1-Ecosystem-Statistics-UPI-Top-50-member-performance-2024-Sep-Remitter.xlsx,sheet title,1,DBS Bank India,True,100.0
2024-09,2024-09,40,Baroda UP Gramin Bank,Baroda UP Gramin Bank,26.48,92.16,7.56,0.28,0.1,91.42,d2f6ddf1-Ecosystem-Statistics-UPI-Top-50-member-performance-2024-Sep-Remitter.xlsx,sheet title,1,Baroda UP Gramin Bank,True,100.0
2024-09,2024-09,41,Maharashtra Gramin Bank,Maharashtra Gramin Bank,25.95,86.61,12.16,1.23,0.1,76.44,d2f6ddf1-Ecosystem-Statistics-UPI-Top-50-member-performance-2024-Sep-Remitter.xlsx,sheet title,1,Maharashtra Gramin Bank,True,100.0
2024-09,2024-09,42,Rajasthan Marudhara Gramin Bank,Rajasthan Marudhara Gramin Bank,25.85,86.65,10.52,2.83,0.16,65.99,d2f6ddf1-Ecosystem-Statistics-UPI-Top-50-member-performance-2024-Sep-Remitter.xlsx,sheet title,1,Rajasthan Marudhara Gramin Bank,True,100.0
2024-09,2024-09,43,ESAF Small Finance Bank Ltd.,ESAF Small Finance Bank,25.76,95.46,4.43,0.11,0.09,94.77,d2f6ddf1-Ecosystem-Statistics-UPI-Top-50-member-performance-2024-Sep-Remitter.xlsx,sheet title,1,ESAF Small Finance Bank,True,100.0
2024-09,2024-09,44,Standard Chartered Bank,Standard Chartered Bank,25.65,96.49,2.95,0.56,0.14,51.96,d2f6ddf1-Ecosystem-Statistics-UPI-Top-50-member-performance-2024-Sep-Remitter.xlsx,sheet title,1,Standard Chartered Bank,True,100.0
2024-09,2024-09,45,Saraswat Co-operative Bank,Saraswat Co-operative Bank,24.88,94.11,5.24,0.66,0.1,64.81,d2f6ddf1-Ecosystem-Statistics-UPI-Top-50-member-performance-2024-Sep-Remitter.xlsx,sheet title,1,Saraswat Co-operative Bank,True,100.01
2024-09,2024-09,46,Jio Payments Bank Limited,Jio Payments Bank,22.56,88.72,10.15,1.13,0.23,96.15,d2f6ddf1-Ecosystem-Statistics-UPI-Top-50-member-performance-2024-Sep-Remitter.xlsx,sheet title,1,Jio Payments Bank,True,100.0
2024-09,2024-09,47,NSDL Payments Bank Limited,NSDL Payments Bank,20.08,83.05,11.47,5.49,0.38,9.08,d2f6ddf1-Ecosystem-Statistics-UPI-Top-50-member-performance-2024-Sep-Remitter.xlsx,sheet title,1,NSDL Payments Bank,True,100.01
2024-09,2024-09,48,Sarva Haryana Gramin Bank,Sarva Haryana Gramin Bank,19.79,89.36,6.17,4.47,0.32,28.04,d2f6ddf1-Ecosystem-Statistics-UPI-Top-50-member-performance-2024-Sep-Remitter.xlsx,sheet title,1,Sarva Haryana Gramin Bank,True,100.0
2024-09,2024-09,49,Andhra Pragathi Grameena Bank,Andhra Pragathi Grameena Bank,18.96,83.63,11.69,4.68,0.27,27.01,d2f6ddf1-Ecosystem-Statistics-UPI-Top-50-member-performance-2024-Sep-Remitter.xlsx,sheet title,1,Andhra Pragathi Grameena Bank,True,100.0
2024-09,2024-09,50,RBL Bank Limited,RBL Bank,18.87,91.45,8.1,0.44,0.08,67.16,d2f6ddf1-Ecosystem-Statistics-UPI-Top-50-member-performance-2024-Sep-Remitter.xlsx,sheet title,1,RBL Bank,True,99.99
2024-10,2024-10,1,State Bank Of India,State Bank of India,4478.41,92.1,6.29,1.61,17.29,97.03,4d527d64-Ecosystem-Statistics-UPI-Top-50-member-performance-2024-Oct-Remitter.xlsx,sheet title,1,State Bank of India,True,100.0
2024-10,2024-10,2,HDFC BANK LTD.,HDFC Bank,1409.32,94.74,5.24,0.02,4.26,99.83999999999999,4d527d64-Ecosystem-Statistics-UPI-Top-50-member-performance-2024-Oct-Remitter.xlsx,sheet title,1,HDFC Bank,True,100.0
2024-10,2024-10,3,Bank of Baroda,Bank of Baroda,1116.59,92.54,7.41,0.06,3.5,97.89999999999999,4d527d64-Ecosystem-Statistics-UPI-Top-50-member-performance-2024-Oct-Remitter.xlsx,sheet title,1,Bank of Baroda,True,100.01
2024-10,2024-10,4,Union Bank of India,Union Bank of India,1043.89,93.16,6.69,0.15,3.77,86.00999999999999,4d527d64-Ecosystem-Statistics-UPI-Top-50-member-performance-2024-Oct-Remitter.xlsx,sheet title,1,Union Bank of India,True,100.0
2024-10,2024-10,5,Punjab National Bank,Punjab National Bank,955.82,90.92,8.9,0.18,3.29,96.59,4d527d64-Ecosystem-Statistics-UPI-Top-50-member-performance-2024-Oct-Remitter.xlsx,sheet title,1,Punjab National Bank,True,100.0
2024-10,2024-10,6,Kotak Mahindra Bank,Kotak Mahindra Bank,863.59,91.32,8.58,0.1,2.81,87.86,4d527d64-Ecosystem-Statistics-UPI-Top-50-member-performance-2024-Oct-Remitter.xlsx,sheet title,1,Kotak Mahindra Bank,True,100.0
2024-10,2024-10,7,Axis Bank Ltd.,Axis Bank,827.97,94.82,5.13,0.06,2.3,95.7,4d527d64-Ecosystem-Statistics-UPI-Top-50-member-performance-2024-Oct-Remitter.xlsx,sheet title,1,Axis Bank,True,100.01
2024-10,2024-10,8,Canara Bank,Canara Bank,795.21,92.55,7.16,0.29,3.31,89.25999999999999,4d527d64-Ecosystem-Statistics-UPI-Top-50-member-performance-2024-Oct-Remitter.xlsx,sheet title,1,Canara Bank,True,100.0
2024-10,2024-10,9,ICICI Bank Ltd.,ICICI Bank,709.27,95.76,4.2,0.04,1.91,98.22999999999999,4d527d64-Ecosystem-Statistics-UPI-Top-50-member-performance-2024-Oct-Remitter.xlsx,sheet title,1,ICICI Bank,True,100.0
2024-10,2024-10,10,Bank of India,Bank of India,538.24,93.54,5.93,0.54,2.5,77.09,4d527d64-Ecosystem-Statistics-UPI-Top-50-member-performance-2024-Oct-Remitter.xlsx,sheet title,1,Bank of India,True,100.01
2024-10,2024-10,11,Indian Bank,Indian Bank,513.28,93.41,6.42,0.18,1.87,87.2,4d527d64-Ecosystem-Statistics-UPI-Top-50-member-performance-2024-Oct-Remitter.xlsx,sheet title,1,Indian Bank,True,100.01
2024-10,2024-10,12,Airtel Payments Bank Limited,Airtel Payments Bank,500.76,89.46,10.35,0.19,2.2,97.31,4d527d64-Ecosystem-Statistics-UPI-Top-50-member-performance-2024-Oct-Remitter.xlsx,sheet title,1,Airtel Payments Bank,True,100.0
2024-10,2024-10,13,India Post Payments Bank Limited,India Post Payments Bank,434.48,87.51,11.24,1.25,1.84,81.21000000000001,4d527d64-Ecosystem-Statistics-UPI-Top-50-member-performance-2024-Oct-Remitter.xlsx,sheet title,1,India Post Payments Bank,True,100.0
2024-10,2024-10,14,Indian Overseas Bank,Indian Overseas Bank,244.05,91.68,6.13,2.19,1.74,87.53999999999999,4d527d64-Ecosystem-Statistics-UPI-Top-50-member-performance-2024-Oct-Remitter.xlsx,sheet title,1,Indian Overseas Bank,True,100.0
2024-10,2024-10,15,Central Bank Of India,Central Bank of India,241.37,86.85,12.22,0.92,1.1,84.13000000000001,4d527d64-Ecosystem-Statistics-UPI-Top-50-member-performance-2024-Oct-Remitter.xlsx,sheet title,1,Central Bank of India,True,99.99
2024-10,2024-10,16,Federal Bank Ltd.,Federal Bank,238.16,92.59,7.1,0.31,0.69,97.63,4d527d64-Ecosystem-Statistics-UPI-Top-50-member-performance-2024-Oct-Remitter.xlsx,sheet title,1,Federal Bank,True,100.0
2024-10,2024-10,17,UCO Bank,UCO Bank,220.3,92.16,7.68,0.16,0.85,90.84,4d527d64-Ecosystem-Statistics-UPI-Top-50-member-performance-2024-Oct-Remitter.xlsx,sheet title,1,UCO Bank,True,100.0
2024-10,2024-10,18,Bank of Maharashtra,Bank of Maharashtra,187.72,92.94,6.64,0.42,0.76,76.92999999999999,4d527d64-Ecosystem-Statistics-UPI-Top-50-member-performance-2024-Oct-Remitter.xlsx,sheet title,1,Bank of Maharashtra,True,100.0
2024-10,2024-10,19,IDBI Bank Ltd.,IDBI Bank,186.35,93.67,6.15,0.18,0.71,92.38,4d527d64-Ecosystem-Statistics-UPI-Top-50-member-performance-2024-Oct-Remitter.xlsx,sheet title,1,IDBI Bank,True,100.0
2024-10,2024-10,20,INDUSIND BANK Ltd.,IndusInd Bank,184.41,90.46,9.32,0.22,0.77,90.97,4d527d64-Ecosystem-Statistics-UPI-Top-50-member-performance-2024-Oct-Remitter.xlsx,sheet title,1,IndusInd Bank,True,100.0
2024-10,2024-10,21,Fino Payments Bank Ltd.,Fino Payments Bank,173.06,92.76,7.17,0.07,0.79,94.78,4d527d64-Ecosystem-Statistics-UPI-Top-50-member-performance-2024-Oct-Remitter.xlsx,sheet title,1,Fino Payments Bank,True,100.0
2024-10,2024-10,22,Yes Bank Ltd.,YES Bank,165.55,85.65,14.14,0.21,0.54,69.34,4d527d64-Ecosystem-Statistics-UPI-Top-50-member-performance-2024-Oct-Remitter.xlsx,sheet title,1,YES Bank,True,100.0
2024-10,2024-10,23,Karnataka Bank,Karnataka Bank,126.09,92.63,6.87,0.5,0.48,84.1,4d527d64-Ecosystem-Statistics-UPI-Top-50-member-performance-2024-Oct-Remitter.xlsx,sheet title,1,Karnataka Bank,True,100.0
2024-10,2024-10,24,IDFC Bank Ltd.,IDFC FIRST Bank,99.72,92.41,7.14,0.44,0.71,42.29,4d527d64-Ecosystem-Statistics-UPI-Top-50-member-performance-2024-Oct-Remitter.xlsx,sheet title,1,IDFC FIRST Bank,True,99.99
2024-10,2024-10,25,Karur Vysya Bank,Karur Vysya Bank,79.62,92.99,6.72,0.29,0.31,93.92,4d527d64-Ecosystem-Statistics-UPI-Top-50-member-performance-2024-Oct-Remitter.xlsx,sheet title,1,Karur Vysya Bank,True,100.0
2024-10,2024-10,26,The Jammu & Kashmir Bank Limited,Jammu & Kashmir Bank,78.02,89.55,5.02,5.43,1.82,13.780000000000001,4d527d64-Ecosystem-Statistics-UPI-Top-50-member-performance-2024-Oct-Remitter.xlsx,sheet title,1,Jammu & Kashmir Bank,True,100.0
2024-10,2024-10,27,AU small Finance Bank,AU Small Finance Bank,76.76,90.05,9.88,0.07,0.29,94.71000000000001,4d527d64-Ecosystem-Statistics-UPI-Top-50-member-performance-2024-Oct-Remitter.xlsx,sheet title,1,AU Small Finance Bank,True,100.0
2024-10,2024-10,28,Bandhan Bank Limited,Bandhan Bank,74.83,93.87,5.29,0.84,0.34,94.37,4d527d64-Ecosystem-Statistics-UPI-Top-50-member-performance-2024-Oct-Remitter.xlsx,sheet title,1,Bandhan Bank,True,100.0
2024-10,2024-10,29,Tri O Tech Solutions Private Limited,Tri O Tech Solutions,69.79,100.0,0.0,0.0,0.0,0.0,4d527d64-Ecosystem-Statistics-UPI-Top-50-member-performance-2024-Oct-Remitter.xlsx,sheet title,1,Tri O Tech Solutions,False,100.0
2024-10,2024-10,30,The South Indian Bank Limited,South Indian Bank,64.32,94.61,5.25,0.14,0.18,98.72,4d527d64-Ecosystem-Statistics-UPI-Top-50-member-performance-2024-Oct-Remitter.xlsx,sheet title,1,South Indian Bank,True,100.0
2024-10,2024-10,31,Ujjivan Small Finance Bank Limited,Ujjivan Small Finance Bank,48.67,94.65,4.98,0.37,0.19,86.83999999999999,4d527d64-Ecosystem-Statistics-UPI-Top-50-member-performance-2024-Oct-Remitter.xlsx,sheet title,1,Ujjivan Small Finance Bank,True,100.0
2024-10,2024-10,32,Punjab and Sind Bank,Punjab & Sind Bank,47.91,91.97,7.83,0.2,0.22,92.65,4d527d64-Ecosystem-Statistics-UPI-Top-50-member-performance-2024-Oct-Remitter.xlsx,sheet title,1,Punjab & Sind Bank,True,100.0
2024-10,2024-10,33,City Union Bank,City Union Bank,47.69,93.04,6.83,0.14,0.13,99.75,4d527d64-Ecosystem-Statistics-UPI-Top-50-member-performance-2024-Oct-Remitter.xlsx,sheet title,1,City Union Bank,True,100.01
2024-10,2024-10,34,Tamilnad Mercantile Bank Limited,Tamilnad Mercantile Bank,44.76,92.22,7.41,0.38,0.16,77.33,4d527d64-Ecosystem-Statistics-UPI-Top-50-member-performance-2024-Oct-Remitter.xlsx,sheet title,1,Tamilnad Mercantile Bank,True,100.01
2024-10,2024-10,35,Kerala Gramin Bank,Kerala Gramin Bank,38.22,92.47,6.68,0.85,0.23,86.92999999999999,4d527d64-Ecosystem-Statistics-UPI-Top-50-member-performance-2024-Oct-Remitter.xlsx,sheet title,1,Kerala Gramin Bank,True,100.0
2024-10,2024-10,36,Equitas Small Finance Bank,Equitas Small Finance Bank,34.5,92.52,7.45,0.03,0.12,97.83,4d527d64-Ecosystem-Statistics-UPI-Top-50-member-performance-2024-Oct-Remitter.xlsx,sheet title,1,Equitas Small Finance Bank,True,100.0
2024-10,2024-10,37,Andhra Pradesh Grameena Vikas Bank,Andhra Pradesh Grameena Vikas Bank,32.92,85.99,12.62,1.39,0.04,0.0,4d527d64-Ecosystem-Statistics-UPI-Top-50-member-performance-2024-Oct-Remitter.xlsx,sheet title,1,Telangana Grameena Bank,True,100.0
2024-10,2024-10,38,Baroda UP Gramin Bank,Baroda UP Gramin Bank,31.14,92.41,6.1,1.48,0.0,0.0,4d527d64-Ecosystem-Statistics-UPI-Top-50-member-performance-2024-Oct-Remitter.xlsx,sheet title,1,Baroda UP Gramin Bank,True,99.99
2024-10,2024-10,39,Karnataka Gramin Bank,Karnataka Gramin Bank,30.87,89.6,8.27,2.13,0.36,79.23,4d527d64-Ecosystem-Statistics-UPI-Top-50-member-performance-2024-Oct-Remitter.xlsx,sheet title,1,Karnataka Gramin Bank,True,100.0
2024-10,2024-10,40,DBS Bank India Limited,DBS Bank India,30.17,92.6,7.25,0.15,0.11,87.46000000000001,4d527d64-Ecosystem-Statistics-UPI-Top-50-member-performance-2024-Oct-Remitter.xlsx,sheet title,1,DBS Bank India,True,100.0
2024-10,2024-10,41,Maharashtra Gramin Bank,Maharashtra Gramin Bank,29.85,85.61,12.12,2.27,0.18,53.89000000000001,4d527d64-Ecosystem-Statistics-UPI-Top-50-member-performance-2024-Oct-Remitter.xlsx,sheet title,1,Maharashtra Gramin Bank,True,100.0
2024-10,2024-10,42,Rajasthan Marudhara Gramin Bank,Rajasthan Marudhara Gramin Bank,29.28,84.14,10.95,4.91,0.37,26.640000000000004,4d527d64-Ecosystem-Statistics-UPI-Top-50-member-performance-2024-Oct-Remitter.xlsx,sheet title,1,Rajasthan Marudhara Gramin Bank,True,100.0
2024-10,2024-10,43,Saraswat Co-operative Bank,Saraswat Co-operative Bank,28.5,94.07,5.72,0.21,0.1,88.12,4d527d64-Ecosystem-Statistics-UPI-Top-50-member-performance-2024-Oct-Remitter.xlsx,sheet title,1,Saraswat Co-operative Bank,True,100.0
2024-10,2024-10,44,Jio Payments Bank Ltd,Jio Payments Bank,28.23,88.59,10.18,1.23,0.26,99.35000000000001,4d527d64-Ecosystem-Statistics-UPI-Top-50-member-performance-2024-Oct-Remitter.xlsx,sheet title,1,Jio Payments Bank,True,100.0
2024-10,2024-10,45,Standard Chartered Bank,Standard Chartered Bank,27.97,95.45,3.31,1.24,0.17,53.65,4d527d64-Ecosystem-Statistics-UPI-Top-50-member-performance-2024-Oct-Remitter.xlsx,sheet title,1,Standard Chartered Bank,True,100.0
2024-10,2024-10,46,ESAF Small Finance Bank Ltd,ESAF Small Finance Bank,27.91,95.35,4.55,0.1,0.1,96.78,4d527d64-Ecosystem-Statistics-UPI-Top-50-member-performance-2024-Oct-Remitter.xlsx,sheet title,1,ESAF Small Finance Bank,True,100.0
2024-10,2024-10,47,NSDL Payments Bank Limited,NSDL Payments Bank,24.07,84.64,11.55,3.81,0.37,3.94,4d527d64-Ecosystem-Statistics-UPI-Top-50-member-performance-2024-Oct-Remitter.xlsx,sheet title,1,NSDL Payments Bank,True,100.0
2024-10,2024-10,48,RBL Bank Ltd.,RBL Bank,23.06,92.36,7.33,0.31,0.1,76.64999999999999,4d527d64-Ecosystem-Statistics-UPI-Top-50-member-performance-2024-Oct-Remitter.xlsx,sheet title,1,RBL Bank,True,100.0
2024-10,2024-10,49,Andhra Pragathi Grameena Bank,Andhra Pragathi Grameena Bank,21.92,78.27,10.39,11.34,0.64,36.42,4d527d64-Ecosystem-Statistics-UPI-Top-50-member-performance-2024-Oct-Remitter.xlsx,sheet title,1,Andhra Pragathi Grameena Bank,True,100.0
2024-10,2024-10,50,Sarva Haryana Gramin Bank,Sarva Haryana Gramin Bank,21.22,93.23,6.41,0.36,0.09,87.26,4d527d64-Ecosystem-Statistics-UPI-Top-50-member-performance-2024-Oct-Remitter.xlsx,sheet title,1,Sarva Haryana Gramin Bank,True,100.0
2024-11,2024-11,1,State Bank of India,State Bank of India,4182.13,93.11,6.32,0.57,11.62,95.24,863a6774-Ecosystem-Statistics-UPI-Top-50-member-performance-2024-Nov-Remitter.xlsx,sheet title,1,State Bank of India,True,100.0
2024-11,2024-11,2,HDFC Bank Ltd.,HDFC Bank,1305.92,94.07,5.83,0.09,3.64,98.16,863a6774-Ecosystem-Statistics-UPI-Top-50-member-performance-2024-Nov-Remitter.xlsx,sheet title,1,HDFC Bank,True,99.99
2024-11,2024-11,3,Bank of Baroda,Bank of Baroda,1035.67,92.1,7.85,0.04,2.98,97.92,863a6774-Ecosystem-Statistics-UPI-Top-50-member-performance-2024-Nov-Remitter.xlsx,sheet title,1,Bank of Baroda,True,99.99
2024-11,2024-11,4,Union Bank Of India,Union Bank of India,990.08,92.48,7.29,0.23,3.33,79.15,863a6774-Ecosystem-Statistics-UPI-Top-50-member-performance-2024-Nov-Remitter.xlsx,sheet title,1,Union Bank of India,True,100.0
2024-11,2024-11,5,Punjab national Bank,Punjab National Bank,881.89,91.05,8.85,0.1,2.69,98.84,863a6774-Ecosystem-Statistics-UPI-Top-50-member-performance-2024-Nov-Remitter.xlsx,sheet title,1,Punjab National Bank,True,100.0
2024-11,2024-11,6,Kotak Mahindra Bank,Kotak Mahindra Bank,804.07,90.49,9.28,0.23,2.31,90.77,863a6774-Ecosystem-Statistics-UPI-Top-50-member-performance-2024-Nov-Remitter.xlsx,sheet title,1,Kotak Mahindra Bank,True,100.0
2024-11,2024-11,7,Axis Bank Ltd.,Axis Bank,764.59,94.2,5.78,0.01,1.93,98.27,863a6774-Ecosystem-Statistics-UPI-Top-50-member-performance-2024-Nov-Remitter.xlsx,sheet title,1,Axis Bank,True,99.99
2024-11,2024-11,8,Canara Bank,Canara Bank,760.29,92.32,7.25,0.43,2.87,79.06,863a6774-Ecosystem-Statistics-UPI-Top-50-member-performance-2024-Nov-Remitter.xlsx,sheet title,1,Canara Bank,True,100.0
2024-11,2024-11,9,ICICI Bank Ltd.,ICICI Bank,651.55,95.26,4.56,0.18,1.65,96.03,863a6774-Ecosystem-Statistics-UPI-Top-50-member-performance-2024-Nov-Remitter.xlsx,sheet title,1,ICICI Bank,True,100.0
2024-11,2024-11,10,Bank Of India,Bank of India,497.26,91.8,6.55,1.65,3.73,46.64,863a6774-Ecosystem-Statistics-UPI-Top-50-member-performance-2024-Nov-Remitter.xlsx,sheet title,1,Bank of India,True,100.0
2024-11,2024-11,11,Indian Bank,Indian Bank,484.6,92.78,7.05,0.17,1.58,84.18,863a6774-Ecosystem-Statistics-UPI-Top-50-member-performance-2024-Nov-Remitter.xlsx,sheet title,1,Indian Bank,True,100.0
2024-11,2024-11,12,Airtel Payments Bank Ltd.,Airtel Payments Bank,471.39,87.28,11.79,0.93,2.74,82.86,863a6774-Ecosystem-Statistics-UPI-Top-50-member-performance-2024-Nov-Remitter.xlsx,sheet title,1,Airtel Payments Bank,True,100.0
2024-11,2024-11,13,India Post Payments Bank Ltd.,India Post Payments Bank,410.33,86.44,11.98,1.58,1.8,68.2,863a6774-Ecosystem-Statistics-UPI-Top-50-member-performance-2024-Nov-Remitter.xlsx,sheet title,1,India Post Payments Bank,True,100.0
2024-11,2024-11,14,Indian Overseas Bank,Indian Overseas Bank,232.93,93.11,6.67,0.22,0.88,91.2,863a6774-Ecosystem-Statistics-UPI-Top-50-member-performance-2024-Nov-Remitter.xlsx,sheet title,1,Indian Overseas Bank,True,100.0
2024-11,2024-11,15,Federal Bank Ltd.,Federal Bank,230.2,91.8,8.01,0.19,0.57,97.78,863a6774-Ecosystem-Statistics-UPI-Top-50-member-performance-2024-Nov-Remitter.xlsx,sheet title,1,Federal Bank,True,100.0
2024-11,2024-11,16,Central Bank of India,Central Bank of India,223.46,86.59,12.34,1.07,0.9,80.64,863a6774-Ecosystem-Statistics-UPI-Top-50-member-performance-2024-Nov-Remitter.xlsx,sheet title,1,Central Bank of India,True,100.0
2024-11,2024-11,17,UCO Bank,UCO Bank,206.37,91.88,8.02,0.1,0.68,89.84,863a6774-Ecosystem-Statistics-UPI-Top-50-member-performance-2024-Nov-Remitter.xlsx,sheet title,1,UCO Bank,True,100.0
2024-11,2024-11,18,Indusind Bank Ltd.,IndusInd Bank,172.82,88.99,10.73,0.29,0.64,88.52,863a6774-Ecosystem-Statistics-UPI-Top-50-member-performance-2024-Nov-Remitter.xlsx,sheet title,1,IndusInd Bank,True,100.01
2024-11,2024-11,19,IDBI Bank Ltd.,IDBI Bank,171.56,93.05,6.79,0.16,0.57,91.58,863a6774-Ecosystem-Statistics-UPI-Top-50-member-performance-2024-Nov-Remitter.xlsx,sheet title,1,IDBI Bank,True,100.0
2024-11,2024-11,20,Bank of Maharashtra,Bank of Maharashtra,167.64,92.54,7.31,0.15,0.49,89.66,863a6774-Ecosystem-Statistics-UPI-Top-50-member-performance-2024-Nov-Remitter.xlsx,sheet title,1,Bank of Maharashtra,True,100.0
2024-11,2024-11,21,Fino Payments Bank Ltd.,Fino Payments Bank,161.47,92.82,7.06,0.12,0.69,90.58,863a6774-Ecosystem-Statistics-UPI-Top-50-member-performance-2024-Nov-Remitter.xlsx,sheet title,1,Fino Payments Bank,True,100.0
2024-11,2024-11,22,YES Bank Ltd.,YES Bank,155.3,83.24,16.36,0.4,0.52,58.31,863a6774-Ecosystem-Statistics-UPI-Top-50-member-performance-2024-Nov-Remitter.xlsx,sheet title,1,YES Bank,True,100.0
2024-11,2024-11,23,Karnataka Bank,Karnataka Bank,122.37,91.67,7.33,1.01,0.56,66.08,863a6774-Ecosystem-Statistics-UPI-Top-50-member-performance-2024-Nov-Remitter.xlsx,sheet title,1,Karnataka Bank,True,100.01
2024-11,2024-11,24,IDFC Bank Ltd.,IDFC FIRST Bank,93.14,91.39,8.41,0.2,0.16,0.29,863a6774-Ecosystem-Statistics-UPI-Top-50-member-performance-2024-Nov-Remitter.xlsx,sheet title,1,IDFC FIRST Bank,True,100.0
2024-11,2024-11,25,The Jammu & Kashmir Bank Limited,Jammu & Kashmir Bank,76.44,90.29,5.42,4.29,1.42,17.72,863a6774-Ecosystem-Statistics-UPI-Top-50-member-performance-2024-Nov-Remitter.xlsx,sheet title,1,Jammu & Kashmir Bank,True,100.0
2024-11,2024-11,26,Karur Vysya Bank,Karur Vysya Bank,76.29,92.7,7.11,0.19,0.21,95.76,863a6774-Ecosystem-Statistics-UPI-Top-50-member-performance-2024-Nov-Remitter.xlsx,sheet title,1,Karur Vysya Bank,True,100.0
2024-11,2024-11,27,Bandhan Bank limited,Bandhan Bank,70.96,93.36,5.09,1.55,0.39,88.49,863a6774-Ecosystem-Statistics-UPI-Top-50-member-performance-2024-Nov-Remitter.xlsx,sheet title,1,Bandhan Bank,True,100.0
2024-11,2024-11,28,AU Small Finance Bank,AU Small Finance Bank,70.55,88.57,11.23,0.2,0.22,97.17,863a6774-Ecosystem-Statistics-UPI-Top-50-member-performance-2024-Nov-Remitter.xlsx,sheet title,1,AU Small Finance Bank,True,100.0
2024-11,2024-11,29,Tri O Tech Solutions Private Limited,Tri O Tech Solutions,67.2,100.0,0.0,0.0,,,863a6774-Ecosystem-Statistics-UPI-Top-50-member-performance-2024-Nov-Remitter.xlsx,sheet title,1,Tri O Tech Solutions,False,100.0
2024-11,2024-11,30,The South Indian Bank Limited,South Indian Bank,62.85,94.65,5.28,0.07,0.13,99.31,863a6774-Ecosystem-Statistics-UPI-Top-50-member-performance-2024-Nov-Remitter.xlsx,sheet title,1,South Indian Bank,True,100.0
2024-11,2024-11,31,Punjab and Sind Bank,Punjab & Sind Bank,45.44,91.51,8.4,0.1,0.18,97.14,863a6774-Ecosystem-Statistics-UPI-Top-50-member-performance-2024-Nov-Remitter.xlsx,sheet title,1,Punjab & Sind Bank,True,100.01
2024-11,2024-11,32,Ujjivan Small Finance Bank Limited,Ujjivan Small Finance Bank,45.21,94.64,4.99,0.38,0.17,81.7,863a6774-Ecosystem-Statistics-UPI-Top-50-member-performance-2024-Nov-Remitter.xlsx,sheet title,1,Ujjivan Small Finance Bank,True,100.01
2024-11,2024-11,33,City Union Bank,City Union Bank,44.74,92.56,7.28,0.16,0.1,99.52,863a6774-Ecosystem-Statistics-UPI-Top-50-member-performance-2024-Nov-Remitter.xlsx,sheet title,1,City Union Bank,True,100.0
2024-11,2024-11,34,Tamilnad Mercantile Bank Limited,Tamilnad Mercantile Bank,42.47,91.84,7.7,0.46,0.13,75.6,863a6774-Ecosystem-Statistics-UPI-Top-50-member-performance-2024-Nov-Remitter.xlsx,sheet title,1,Tamilnad Mercantile Bank,True,100.0
2024-11,2024-11,35,Kerala Gramin Bank,Kerala Gramin Bank,39.89,87.74,6.37,5.89,0.74,64.31,863a6774-Ecosystem-Statistics-UPI-Top-50-member-performance-2024-Nov-Remitter.xlsx,sheet title,1,Kerala Gramin Bank,True,100.0
2024-11,2024-11,36,Equitas Small Finance Bank,Equitas Small Finance Bank,31.78,91.99,7.98,0.03,0.1,98.07,863a6774-Ecosystem-Statistics-UPI-Top-50-member-performance-2024-Nov-Remitter.xlsx,sheet title,1,Equitas Small Finance Bank,True,100.0
2024-11,2024-11,37,Andhra Pradesh Grameena Vikas Bank,Andhra Pradesh Grameena Vikas Bank,31.66,82.74,11.59,5.67,0.36,65.41,863a6774-Ecosystem-Statistics-UPI-Top-50-member-performance-2024-Nov-Remitter.xlsx,sheet title,1,Telangana Grameena Bank,True,100.0
2024-11,2024-11,38,Karnataka Gramin Bank,Karnataka Gramin Bank,30.31,88.07,8.52,3.41,0.38,72.85,863a6774-Ecosystem-Statistics-UPI-Top-50-member-performance-2024-Nov-Remitter.xlsx,sheet title,1,Karnataka Gramin Bank,True,100.0
2024-11,2024-11,39,Baroda U.P. Bank,Baroda UP Gramin Bank,29.74,91.65,6.65,1.69,0.28,44.05,863a6774-Ecosystem-Statistics-UPI-Top-50-member-performance-2024-Nov-Remitter.xlsx,sheet title,1,Baroda UP Gramin Bank,True,99.99
2024-11,2024-11,40,JIO Payments Bank Ltd,Jio Payments Bank,28.8,87.77,10.99,1.24,0.21,99.25,863a6774-Ecosystem-Statistics-UPI-Top-50-member-performance-2024-Nov-Remitter.xlsx,sheet title,1,Jio Payments Bank,True,100.0
2024-11,2024-11,41,DBS Bank India Limited,DBS Bank India,28.24,92.03,7.53,0.44,0.11,71.54,863a6774-Ecosystem-Statistics-UPI-Top-50-member-performance-2024-Nov-Remitter.xlsx,sheet title,1,DBS Bank India,True,100.0
2024-11,2024-11,42,ESAF Small Finance Bank Ltd,ESAF Small Finance Bank,27.19,95.5,4.39,0.11,0.08,98.12,863a6774-Ecosystem-Statistics-UPI-Top-50-member-performance-2024-Nov-Remitter.xlsx,sheet title,1,ESAF Small Finance Bank,True,100.0
2024-11,2024-11,43,Rajasthan Marudhara Gramin Bank,Rajasthan Marudhara Gramin Bank,26.47,85.94,11.8,2.26,0.11,81.31,863a6774-Ecosystem-Statistics-UPI-Top-50-member-performance-2024-Nov-Remitter.xlsx,sheet title,1,Rajasthan Marudhara Gramin Bank,True,100.0
2024-11,2024-11,44,Standard Chartered Bank,Standard Chartered Bank,25.87,95.57,3.79,0.64,0.08,81.38,863a6774-Ecosystem-Statistics-UPI-Top-50-member-performance-2024-Nov-Remitter.xlsx,sheet title,1,Standard Chartered Bank,True,100.0
2024-11,2024-11,45,Maharashtra Gramin Bank,Maharashtra Gramin Bank,25.8,86.35,12.55,1.09,0.11,64.26,863a6774-Ecosystem-Statistics-UPI-Top-50-member-performance-2024-Nov-Remitter.xlsx,sheet title,1,Maharashtra Gramin Bank,True,99.99
2024-11,2024-11,46,Saraswat Co-operative Bank,Saraswat Co-operative Bank,25.49,93.87,5.99,0.14,0.08,87.37,863a6774-Ecosystem-Statistics-UPI-Top-50-member-performance-2024-Nov-Remitter.xlsx,sheet title,1,Saraswat Co-operative Bank,True,100.0
2024-11,2024-11,47,NSDL Payments Bank Limited,NSDL Payments Bank,24.28,86.08,12.61,1.31,0.2,6.11,863a6774-Ecosystem-Statistics-UPI-Top-50-member-performance-2024-Nov-Remitter.xlsx,sheet title,1,NSDL Payments Bank,True,100.0
2024-11,2024-11,48,RBL Bank Ltd.,RBL Bank,23.47,91.69,7.95,0.35,0.09,63.63,863a6774-Ecosystem-Statistics-UPI-Top-50-member-performance-2024-Nov-Remitter.xlsx,sheet title,1,RBL Bank,True,99.99
2024-11,2024-11,49,Andhra Pragathi Grameena Bank,Andhra Pragathi Grameena Bank,21.61,83.33,10.78,5.89,0.38,53.99,863a6774-Ecosystem-Statistics-UPI-Top-50-member-performance-2024-Nov-Remitter.xlsx,sheet title,1,Andhra Pragathi Grameena Bank,True,100.0
2024-11,2024-11,50,Sarva Haryana Gramin Bank,Sarva Haryana Gramin Bank,20.09,93.42,6.14,0.44,0.11,68.48,863a6774-Ecosystem-Statistics-UPI-Top-50-member-performance-2024-Nov-Remitter.xlsx,sheet title,1,Sarva Haryana Gramin Bank,True,100.0
2024-12,2024-12,1,State Bank of India,State Bank of India,4540.13,92.94,6.58,0.48,13.76,93.82,e40aea2f-Ecosystem-Statistics-UPI-Top-50-member-performance-2024-Dec-Remitter.xlsx,sheet title,1,State Bank of India,True,100.0
2024-12,2024-12,2,HDFC Bank Ltd.,HDFC Bank,1403.46,93.89,6.02,0.09,4.4,99.79,e40aea2f-Ecosystem-Statistics-UPI-Top-50-member-performance-2024-Dec-Remitter.xlsx,sheet title,1,HDFC Bank,True,100.0
2024-12,2024-12,3,Bank of Baroda,Bank of Baroda,1125.93,91.71,8.19,0.1,3.32,98.96,e40aea2f-Ecosystem-Statistics-UPI-Top-50-member-performance-2024-Dec-Remitter.xlsx,sheet title,1,Bank of Baroda,True,100.0
2024-12,2024-12,4,Union Bank of India,Union Bank of India,1070.69,91.91,7.96,0.13,3.4,83.49,e40aea2f-Ecosystem-Statistics-UPI-Top-50-member-performance-2024-Dec-Remitter.xlsx,sheet title,1,Union Bank of India,True,100.0
2024-12,2024-12,5,Punjab National Bank,Punjab National Bank,954.15,89.81,9.28,0.91,3.59,88.47,e40aea2f-Ecosystem-Statistics-UPI-Top-50-member-performance-2024-Dec-Remitter.xlsx,sheet title,1,Punjab National Bank,True,100.0
2024-12,2024-12,6,Kotak Mahindra Bank,Kotak Mahindra Bank,872.07,90.25,9.7,0.05,2.31,93.59,e40aea2f-Ecosystem-Statistics-UPI-Top-50-member-performance-2024-Dec-Remitter.xlsx,sheet title,1,Kotak Mahindra Bank,True,100.0
2024-12,2024-12,7,Canara Bank,Canara Bank,818.65,91.7,7.62,0.68,3.6,68.86,e40aea2f-Ecosystem-Statistics-UPI-Top-50-member-performance-2024-Dec-Remitter.xlsx,sheet title,1,Canara Bank,True,100.0
2024-12,2024-12,8,Axis Bank Ltd.,Axis Bank,810.01,93.8,6.17,0.03,1.93,98.02,e40aea2f-Ecosystem-Statistics-UPI-Top-50-member-performance-2024-Dec-Remitter.xlsx,sheet title,1,Axis Bank,True,100.0
2024-12,2024-12,9,ICICI Bank Ltd.,ICICI Bank,700.67,95.17,4.72,0.11,1.69,94.66,e40aea2f-Ecosystem-Statistics-UPI-Top-50-member-performance-2024-Dec-Remitter.xlsx,sheet title,1,ICICI Bank,True,100.0
2024-12,2024-12,10,Bank Of India,Bank of India,540.44,93.08,6.82,0.11,1.75,92.16,e40aea2f-Ecosystem-Statistics-UPI-Top-50-member-performance-2024-Dec-Remitter.xlsx,sheet title,1,Bank of India,True,100.01
2024-12,2024-12,11,Indian Bank,Indian Bank,524.93,92.51,7.36,0.13,1.91,82.89,e40aea2f-Ecosystem-Statistics-UPI-Top-50-member-performance-2024-Dec-Remitter.xlsx,sheet title,1,Indian Bank,True,100.0
2024-12,2024-12,12,Airtel Payments Bank Limited,Airtel Payments Bank,521.02,87.15,12.67,0.18,2.05,97.38,e40aea2f-Ecosystem-Statistics-UPI-Top-50-member-performance-2024-Dec-Remitter.xlsx,sheet title,1,Airtel Payments Bank,True,100.0
2024-12,2024-12,13,India Post Payments Bank Ltd.,India Post Payments Bank,459.83,82.62,13.15,4.22,4.54,32.85,e40aea2f-Ecosystem-Statistics-UPI-Top-50-member-performance-2024-Dec-Remitter.xlsx,sheet title,1,India Post Payments Bank,True,99.99
2024-12,2024-12,14,Indian Overseas Bank,Indian Overseas Bank,257.21,92.36,6.99,0.65,0.97,95.86,e40aea2f-Ecosystem-Statistics-UPI-Top-50-member-performance-2024-Dec-Remitter.xlsx,sheet title,1,Indian Overseas Bank,True,100.0
2024-12,2024-12,15,Federal Bank Ltd.,Federal Bank,245.26,91.87,8.07,0.06,0.56,98.82,e40aea2f-Ecosystem-Statistics-UPI-Top-50-member-performance-2024-Dec-Remitter.xlsx,sheet title,1,Federal Bank,True,100.0
2024-12,2024-12,16,Central Bank of India,Central Bank of India,244.52,85.92,13.64,0.43,0.84,93.32,e40aea2f-Ecosystem-Statistics-UPI-Top-50-member-performance-2024-Dec-Remitter.xlsx,sheet title,1,Central Bank of India,True,99.99
2024-12,2024-12,17,UCO Bank,UCO Bank,225.35,91.63,8.24,0.12,0.8,88.67,e40aea2f-Ecosystem-Statistics-UPI-Top-50-member-performance-2024-Dec-Remitter.xlsx,sheet title,1,UCO Bank,True,99.99
2024-12,2024-12,18,Bank of Maharashtra,Bank of Maharashtra,188.42,92.05,7.48,0.48,0.76,69.76,e40aea2f-Ecosystem-Statistics-UPI-Top-50-member-performance-2024-Dec-Remitter.xlsx,sheet title,1,Bank of Maharashtra,True,100.01
2024-12,2024-12,19,IDBI Bank Ltd.,IDBI Bank,186.2,92.96,6.78,0.26,0.67,79.53,e40aea2f-Ecosystem-Statistics-UPI-Top-50-member-performance-2024-Dec-Remitter.xlsx,sheet title,1,IDBI Bank,True,100.0
2024-12,2024-12,20,Indusind Bank Ltd.,IndusInd Bank,185.78,88.29,11.53,0.18,0.73,79.14,e40aea2f-Ecosystem-Statistics-UPI-Top-50-member-performance-2024-Dec-Remitter.xlsx,sheet title,1,IndusInd Bank,True,100.0
2024-12,2024-12,21,Fino Payments Bank Ltd.,Fino Payments Bank,175.75,92.78,7.14,0.08,0.69,93.93,e40aea2f-Ecosystem-Statistics-UPI-Top-50-member-performance-2024-Dec-Remitter.xlsx,sheet title,1,Fino Payments Bank,True,100.0
2024-12,2024-12,22,Yes Bank Ltd.,YES Bank,167.84,83.65,15.97,0.37,0.6,54.97,e40aea2f-Ecosystem-Statistics-UPI-Top-50-member-performance-2024-Dec-Remitter.xlsx,sheet title,1,YES Bank,True,99.99
2024-12,2024-12,23,Karnataka Bank,Karnataka Bank,132.76,92.27,7.65,0.08,0.36,98.5,e40aea2f-Ecosystem-Statistics-UPI-Top-50-member-performance-2024-Dec-Remitter.xlsx,sheet title,1,Karnataka Bank,True,100.0
2024-12,2024-12,24,IDFC Bank Ltd.,IDFC FIRST Bank,100.59,90.89,9.08,0.03,0.27,95.77,e40aea2f-Ecosystem-Statistics-UPI-Top-50-member-performance-2024-Dec-Remitter.xlsx,sheet title,1,IDFC FIRST Bank,True,100.0
2024-12,2024-12,25,Karur Vysya Bank,Karur Vysya Bank,83.14,92.16,7.44,0.39,0.24,87.62,e40aea2f-Ecosystem-Statistics-UPI-Top-50-member-performance-2024-Dec-Remitter.xlsx,sheet title,1,Karur Vysya Bank,True,99.99
2024-12,2024-12,26,The Jammu & Kashmir Bank Limited,Jammu & Kashmir Bank,81.64,90.33,5.78,3.89,1.36,51.28,e40aea2f-Ecosystem-Statistics-UPI-Top-50-member-performance-2024-Dec-Remitter.xlsx,sheet title,1,Jammu & Kashmir Bank,True,100.0
2024-12,2024-12,27,Bandhan Bank limited,Bandhan Bank,76.61,92.36,5.3,2.34,0.66,63.34,e40aea2f-Ecosystem-Statistics-UPI-Top-50-member-performance-2024-Dec-Remitter.xlsx,sheet title,1,Bandhan Bank,True,100.0
2024-12,2024-12,28,Tri O Tech Solutions Private Limited,Tri O Tech Solutions,75.47,100.0,0.0,0.0,0.0,0.0,e40aea2f-Ecosystem-Statistics-UPI-Top-50-member-performance-2024-Dec-Remitter.xlsx,sheet title,1,Tri O Tech Solutions,False,100.0
2024-12,2024-12,29,AU Small Finance Bank,AU Small Finance Bank,74.62,85.93,13.75,0.32,0.33,69.12,e40aea2f-Ecosystem-Statistics-UPI-Top-50-member-performance-2024-Dec-Remitter.xlsx,sheet title,1,AU Small Finance Bank,True,100.0
2024-12,2024-12,30,The South Indian Bank Limited,South Indian Bank,66.9,94.45,5.46,0.09,0.15,98.66,e40aea2f-Ecosystem-Statistics-UPI-Top-50-member-performance-2024-Dec-Remitter.xlsx,sheet title,1,South Indian Bank,True,100.0
2024-12,2024-12,31,Punjab and Sind Bank,Punjab & Sind Bank,49.27,90.85,8.92,0.23,0.23,91.75,e40aea2f-Ecosystem-Statistics-UPI-Top-50-member-performance-2024-Dec-Remitter.xlsx,sheet title,1,Punjab & Sind Bank,True,100.0
2024-12,2024-12,32,City Union Bank,City Union Bank,48.89,92.29,7.58,0.13,0.1,99.74,e40aea2f-Ecosystem-Statistics-UPI-Top-50-member-performance-2024-Dec-Remitter.xlsx,sheet title,1,City Union Bank,True,100.0
2024-12,2024-12,33,Ujjivan Small Finance Bank Limited,Ujjivan Small Finance Bank,48.39,94.34,4.94,0.72,0.23,67.99,e40aea2f-Ecosystem-Statistics-UPI-Top-50-member-performance-2024-Dec-Remitter.xlsx,sheet title,1,Ujjivan Small Finance Bank,True,100.0
2024-12,2024-12,34,Tamilnad Mercantile Bank Limited,Tamilnad Mercantile Bank,46.51,92.08,7.65,0.27,0.12,82.67,e40aea2f-Ecosystem-Statistics-UPI-Top-50-member-performance-2024-Dec-Remitter.xlsx,sheet title,1,Tamilnad Mercantile Bank,True,100.0
2024-12,2024-12,35,Kerala Gramin Bank,Kerala Gramin Bank,41.21,88.28,6.77,4.95,0.67,56.93,e40aea2f-Ecosystem-Statistics-UPI-Top-50-member-performance-2024-Dec-Remitter.xlsx,sheet title,1,Kerala Gramin Bank,True,100.0
2024-12,2024-12,36,JIO Payments Bank Ltd,Jio Payments Bank,33.99,87.33,11.83,0.83,0.18,97.31,e40aea2f-Ecosystem-Statistics-UPI-Top-50-member-performance-2024-Dec-Remitter.xlsx,sheet title,1,Jio Payments Bank,True,99.99
2024-12,2024-12,37,Baroda U.P. Bank,Baroda UP Gramin Bank,33.15,91.84,6.86,1.29,0.22,64.08,e40aea2f-Ecosystem-Statistics-UPI-Top-50-member-performance-2024-Dec-Remitter.xlsx,sheet title,1,Baroda UP Gramin Bank,True,99.99
2024-12,2024-12,38,Equitas Small Finance Bank,Equitas Small Finance Bank,32.91,91.17,8.77,0.06,0.1,97.59,e40aea2f-Ecosystem-Statistics-UPI-Top-50-member-performance-2024-Dec-Remitter.xlsx,sheet title,1,Equitas Small Finance Bank,True,100.0
2024-12,2024-12,39,Karnataka Gramin Bank,Karnataka Gramin Bank,32.82,86.77,8.87,4.36,0.51,50.11,e40aea2f-Ecosystem-Statistics-UPI-Top-50-member-performance-2024-Dec-Remitter.xlsx,sheet title,1,Karnataka Gramin Bank,True,100.0
2024-12,2024-12,40,DBS Bank India Limited,DBS Bank India,30.61,92.52,7.38,0.1,0.08,96.48,e40aea2f-Ecosystem-Statistics-UPI-Top-50-member-performance-2024-Dec-Remitter.xlsx,sheet title,1,DBS Bank India,True,100.0
2024-12,2024-12,41,Andhra Pradesh Grameena Vikas Bank,Andhra Pradesh Grameena Vikas Bank,29.81,84.21,14.15,1.64,0.2,54.38,e40aea2f-Ecosystem-Statistics-UPI-Top-50-member-performance-2024-Dec-Remitter.xlsx,sheet title,1,Telangana Grameena Bank,True,100.0
2024-12,2024-12,42,ESAF Small Finance Bank Ltd,ESAF Small Finance Bank,29.55,95.4,4.57,0.03,0.08,98.59,e40aea2f-Ecosystem-Statistics-UPI-Top-50-member-performance-2024-Dec-Remitter.xlsx,sheet title,1,ESAF Small Finance Bank,True,100.0
2024-12,2024-12,43,Maharashtra Gramin Bank,Maharashtra Gramin Bank,29.54,84.9,12.07,3.03,0.16,53.16,e40aea2f-Ecosystem-Statistics-UPI-Top-50-member-performance-2024-Dec-Remitter.xlsx,sheet title,1,Maharashtra Gramin Bank,True,100.0
2024-12,2024-12,44,Rajasthan Marudhara Gramin Bank,Rajasthan Marudhara Gramin Bank,29.43,85.89,12.33,1.79,0.18,62.47,e40aea2f-Ecosystem-Statistics-UPI-Top-50-member-performance-2024-Dec-Remitter.xlsx,sheet title,1,Rajasthan Marudhara Gramin Bank,True,100.01
2024-12,2024-12,45,RBL Bank Ltd.,RBL Bank,28.58,92.56,7.22,0.22,0.09,71.83,e40aea2f-Ecosystem-Statistics-UPI-Top-50-member-performance-2024-Dec-Remitter.xlsx,sheet title,1,RBL Bank,True,100.0
2024-12,2024-12,46,NSDL Payments Bank Limited,NSDL Payments Bank,28.19,85.11,13.49,1.4,0.24,56.65,e40aea2f-Ecosystem-Statistics-UPI-Top-50-member-performance-2024-Dec-Remitter.xlsx,sheet title,1,NSDL Payments Bank,True,100.0
2024-12,2024-12,47,Saraswat Co-operative Bank,Saraswat Co-operative Bank,28.07,93.6,6.03,0.37,0.11,72.6,e40aea2f-Ecosystem-Statistics-UPI-Top-50-member-performance-2024-Dec-Remitter.xlsx,sheet title,1,Saraswat Co-operative Bank,True,100.0
2024-12,2024-12,48,Standard Chartered Bank,Standard Chartered Bank,27.55,94.79,3.92,1.3,0.07,84.7,e40aea2f-Ecosystem-Statistics-UPI-Top-50-member-performance-2024-Dec-Remitter.xlsx,sheet title,1,Standard Chartered Bank,True,100.01
2024-12,2024-12,49,Andhra Pragathi Grameena Bank,Andhra Pragathi Grameena Bank,26.11,75.39,13.44,11.16,1.03,69.79,e40aea2f-Ecosystem-Statistics-UPI-Top-50-member-performance-2024-Dec-Remitter.xlsx,sheet title,1,Andhra Pragathi Grameena Bank,True,99.99
2024-12,2024-12,50,Sarva Haryana Gramin Bank,Sarva Haryana Gramin Bank,21.42,89.43,6.11,4.46,0.38,60.41,e40aea2f-Ecosystem-Statistics-UPI-Top-50-member-performance-2024-Dec-Remitter.xlsx,sheet title,1,Sarva Haryana Gramin Bank,True,100.0
2025-01,2025-01,1,State Bank of India,State Bank of India,4664.49,91.22,7.93,0.84,15.63,97.06,0c22f71c-Ecosystem-Statistics-UPI-Top-50-member-performance-2025-Jan-Remitter_2.xlsx,sheet title,1,State Bank of India,True,99.99
2025-01,2025-01,2,HDFC Bank Ltd.,HDFC Bank,1419.33,93.64,6.279999999999999,0.08,4.12,98.91,0c22f71c-Ecosystem-Statistics-UPI-Top-50-member-performance-2025-Jan-Remitter_2.xlsx,sheet title,1,HDFC Bank,True,100.0
2025-01,2025-01,3,Bank of Baroda,Bank of Baroda,1159.99,91.22,8.5,0.27999999999999997,3.31,97.33000000000001,0c22f71c-Ecosystem-Statistics-UPI-Top-50-member-performance-2025-Jan-Remitter_2.xlsx,sheet title,1,Bank of Baroda,True,100.0
2025-01,2025-01,4,Union Bank of India,Union Bank of India,1086.26,91.25,8.07,0.6799999999999999,5.11,56.75,0c22f71c-Ecosystem-Statistics-UPI-Top-50-member-performance-2025-Jan-Remitter_2.xlsx,sheet title,1,Union Bank of India,True,100.0
2025-01,2025-01,5,Punjab National Bank,Punjab National Bank,976.62,89.56,10.31,0.13,2.99,98.61,0c22f71c-Ecosystem-Statistics-UPI-Top-50-member-performance-2025-Jan-Remitter_2.xlsx,sheet title,1,Punjab National Bank,True,100.0
2025-01,2025-01,6,Kotak Mahindra Bank,Kotak Mahindra Bank,889.41,89.73,10.22,0.06,2.24,89.53999999999999,0c22f71c-Ecosystem-Statistics-UPI-Top-50-member-performance-2025-Jan-Remitter_2.xlsx,sheet title,1,Kotak Mahindra Bank,True,100.01
2025-01,2025-01,7,Canara Bank,Canara Bank,835.68,91.83,7.8,0.37,3.08,79.91,0c22f71c-Ecosystem-Statistics-UPI-Top-50-member-performance-2025-Jan-Remitter_2.xlsx,sheet title,1,Canara Bank,True,100.0
2025-01,2025-01,8,Axis Bank Ltd.,Axis Bank,821.68,93.47,6.510000000000001,0.02,1.83,95.14,0c22f71c-Ecosystem-Statistics-UPI-Top-50-member-performance-2025-Jan-Remitter_2.xlsx,sheet title,1,Axis Bank,True,100.0
2025-01,2025-01,9,ICICI Bank Ltd.,ICICI Bank,692.71,94.98,4.96,0.06,1.36,98.36,0c22f71c-Ecosystem-Statistics-UPI-Top-50-member-performance-2025-Jan-Remitter_2.xlsx,sheet title,1,ICICI Bank,True,100.0
2025-01,2025-01,10,Bank Of India,Bank of India,556.22,92.58,7.049999999999999,0.37,2.28,72.53,0c22f71c-Ecosystem-Statistics-UPI-Top-50-member-performance-2025-Jan-Remitter_2.xlsx,sheet title,1,Bank of India,True,100.0
2025-01,2025-01,11,Airtel Payments Bank Limited,Airtel Payments Bank,553.22,85.84,13.719999999999999,0.44999999999999996,2.47,93.67999999999999,0c22f71c-Ecosystem-Statistics-UPI-Top-50-member-performance-2025-Jan-Remitter_2.xlsx,sheet title,1,Airtel Payments Bank,True,100.01
2025-01,2025-01,12,Indian Bank,Indian Bank,539.83,91.9,8.04,0.06,1.33,93.95,0c22f71c-Ecosystem-Statistics-UPI-Top-50-member-performance-2025-Jan-Remitter_2.xlsx,sheet title,1,Indian Bank,True,100.0
2025-01,2025-01,13,India Post Payments Bank Ltd.,India Post Payments Bank,496.43,83.69,14.799999999999999,1.51,2.6,57.91,0c22f71c-Ecosystem-Statistics-UPI-Top-50-member-performance-2025-Jan-Remitter_2.xlsx,sheet title,1,India Post Payments Bank,True,100.0
2025-01,2025-01,14,Indian Overseas Bank,Indian Overseas Bank,264.2,92.14,7.55,0.31,0.74,97.0,0c22f71c-Ecosystem-Statistics-UPI-Top-50-member-performance-2025-Jan-Remitter_2.xlsx,sheet title,1,Indian Overseas Bank,True,100.0
2025-01,2025-01,15,Federal Bank Ltd.,Federal Bank,250.01,91.29,8.469999999999999,0.24,0.5,99.71,0c22f71c-Ecosystem-Statistics-UPI-Top-50-member-performance-2025-Jan-Remitter_2.xlsx,sheet title,1,Federal Bank,True,100.0
2025-01,2025-01,16,Central Bank of India,Central Bank of India,246.28,85.69,13.459999999999999,0.8500000000000001,1.18,75.51,0c22f71c-Ecosystem-Statistics-UPI-Top-50-member-performance-2025-Jan-Remitter_2.xlsx,sheet title,1,Central Bank of India,True,100.0
2025-01,2025-01,17,UCO Bank,UCO Bank,231.83,90.85,8.99,0.16,0.8,89.97,0c22f71c-Ecosystem-Statistics-UPI-Top-50-member-performance-2025-Jan-Remitter_2.xlsx,sheet title,1,UCO Bank,True,100.0
2025-01,2025-01,18,Bank of Maharashtra,Bank of Maharashtra,194.89,92.30000000000001,7.61,0.09,0.56,89.99000000000001,0c22f71c-Ecosystem-Statistics-UPI-Top-50-member-performance-2025-Jan-Remitter_2.xlsx,sheet title,1,Bank of Maharashtra,True,100.0
2025-01,2025-01,19,Indusind Bank Ltd.,IndusInd Bank,191.69,87.62,12.19,0.19,0.75,76.62,0c22f71c-Ecosystem-Statistics-UPI-Top-50-member-performance-2025-Jan-Remitter_2.xlsx,sheet title,1,IndusInd Bank,True,100.0
2025-01,2025-01,20,IDBI Bank Ltd.,IDBI Bank,188.22,92.25999999999999,7.489999999999999,0.25,0.6,89.75999999999999,0c22f71c-Ecosystem-Statistics-UPI-Top-50-member-performance-2025-Jan-Remitter_2.xlsx,sheet title,1,IDBI Bank,True,100.0
2025-01,2025-01,21,Fino Payments Bank Ltd.,Fino Payments Bank,185.4,91.8,8.05,0.13999999999999999,0.75,92.17,0c22f71c-Ecosystem-Statistics-UPI-Top-50-member-performance-2025-Jan-Remitter_2.xlsx,sheet title,1,Fino Payments Bank,True,99.99
2025-01,2025-01,22,Yes Bank Ltd.,YES Bank,168.5,84.22,15.590000000000002,0.19,0.51,56.269999999999996,0c22f71c-Ecosystem-Statistics-UPI-Top-50-member-performance-2025-Jan-Remitter_2.xlsx,sheet title,1,YES Bank,True,100.0
2025-01,2025-01,23,Karnataka Bank,Karnataka Bank,136.62,90.2,9.67,0.13999999999999999,0.4,74.39,0c22f71c-Ecosystem-Statistics-UPI-Top-50-member-performance-2025-Jan-Remitter_2.xlsx,sheet title,1,Karnataka Bank,True,100.01
2025-01,2025-01,24,IDFC Bank Ltd.,IDFC FIRST Bank,104.47,90.66,9.31,0.03,0.26,95.78999999999999,0c22f71c-Ecosystem-Statistics-UPI-Top-50-member-performance-2025-Jan-Remitter_2.xlsx,sheet title,1,IDFC FIRST Bank,True,100.0
2025-01,2025-01,25,Karur Vysya Bank,Karur Vysya Bank,84.1,92.02,7.64,0.33999999999999997,0.26,72.72,0c22f71c-Ecosystem-Statistics-UPI-Top-50-member-performance-2025-Jan-Remitter_2.xlsx,sheet title,1,Karur Vysya Bank,True,100.0
2025-01,2025-01,26,The Jammu & Kashmir Bank Limited,Jammu & Kashmir Bank,82.35,93.47999999999999,6.3100000000000005,0.21,0.39,81.26,0c22f71c-Ecosystem-Statistics-UPI-Top-50-member-performance-2025-Jan-Remitter_2.xlsx,sheet title,1,Jammu & Kashmir Bank,True,100.0
2025-01,2025-01,27,Tri O Tech Solutions Private Limited,Tri O Tech Solutions,78.71,100.0,0.0,0.0,,0.0,0c22f71c-Ecosystem-Statistics-UPI-Top-50-member-performance-2025-Jan-Remitter_2.xlsx,sheet title,1,Tri O Tech Solutions,False,100.0
2025-01,2025-01,28,Bandhan Bank limited,Bandhan Bank,78.53,92.71000000000001,5.28,2.01,0.42,89.0,0c22f71c-Ecosystem-Statistics-UPI-Top-50-member-performance-2025-Jan-Remitter_2.xlsx,sheet title,1,Bandhan Bank,True,100.0
2025-01,2025-01,29,AU Small Finance Bank,AU Small Finance Bank,69.84,86.6,12.25,1.15,0.48,60.62,0c22f71c-Ecosystem-Statistics-UPI-Top-50-member-performance-2025-Jan-Remitter_2.xlsx,sheet title,1,AU Small Finance Bank,True,100.0
2025-01,2025-01,30,The South Indian Bank Limited,South Indian Bank,67.76,94.1,5.64,0.26,0.16,86.88,0c22f71c-Ecosystem-Statistics-UPI-Top-50-member-performance-2025-Jan-Remitter_2.xlsx,sheet title,1,South Indian Bank,True,100.0
2025-01,2025-01,31,Punjab and Sind Bank,Punjab & Sind Bank,50.26,90.33,9.39,0.27999999999999997,0.23,88.46000000000001,0c22f71c-Ecosystem-Statistics-UPI-Top-50-member-performance-2025-Jan-Remitter_2.xlsx,sheet title,1,Punjab & Sind Bank,True,100.0
2025-01,2025-01,32,City Union Bank,City Union Bank,49.76,91.73,8.110000000000001,0.16,0.1,97.37,0c22f71c-Ecosystem-Statistics-UPI-Top-50-member-performance-2025-Jan-Remitter_2.xlsx,sheet title,1,City Union Bank,True,100.0
2025-01,2025-01,33,Ujjivan Small Finance Bank Limited,Ujjivan Small Finance Bank,49.3,94.67999999999999,4.95,0.38,0.17,88.78,0c22f71c-Ecosystem-Statistics-UPI-Top-50-member-performance-2025-Jan-Remitter_2.xlsx,sheet title,1,Ujjivan Small Finance Bank,True,100.01
2025-01,2025-01,34,Tamilnad Mercantile Bank Limited,Tamilnad Mercantile Bank,47.41,91.51,8.309999999999999,0.18,0.1,85.72999999999999,0c22f71c-Ecosystem-Statistics-UPI-Top-50-member-performance-2025-Jan-Remitter_2.xlsx,sheet title,1,Tamilnad Mercantile Bank,True,100.0
2025-01,2025-01,35,Kerala Gramin Bank,Kerala Gramin Bank,41.85,91.60000000000001,7.39,1.01,0.23,68.36,0c22f71c-Ecosystem-Statistics-UPI-Top-50-member-performance-2025-Jan-Remitter_2.xlsx,sheet title,1,Kerala Gramin Bank,True,100.0
2025-01,2025-01,36,JIO Payments Bank Ltd,Jio Payments Bank,38.84,86.00999999999999,12.36,1.63,0.22,89.24,0c22f71c-Ecosystem-Statistics-UPI-Top-50-member-performance-2025-Jan-Remitter_2.xlsx,sheet title,1,Jio Payments Bank,True,100.0
2025-01,2025-01,37,Baroda U.P. Bank,Baroda UP Gramin Bank,35.83,90.53999999999999,6.23,3.2300000000000004,0.44,32.519999999999996,0c22f71c-Ecosystem-Statistics-UPI-Top-50-member-performance-2025-Jan-Remitter_2.xlsx,sheet title,1,Baroda UP Gramin Bank,True,100.0
2025-01,2025-01,38,Karnataka Gramin Bank,Karnataka Gramin Bank,33.43,86.15,9.39,4.46,0.52,72.43,0c22f71c-Ecosystem-Statistics-UPI-Top-50-member-performance-2025-Jan-Remitter_2.xlsx,sheet title,1,Karnataka Gramin Bank,True,100.0
2025-01,2025-01,39,Rajasthan Marudhara Gramin Bank,Rajasthan Marudhara Gramin Bank,31.82,81.67999999999999,12.9,5.43,0.51,29.98,0c22f71c-Ecosystem-Statistics-UPI-Top-50-member-performance-2025-Jan-Remitter_2.xlsx,sheet title,1,Rajasthan Marudhara Gramin Bank,True,100.01
2025-01,2025-01,40,Maharashtra Gramin Bank,Maharashtra Gramin Bank,31.62,86.2,12.11,1.69,0.12,69.86,0c22f71c-Ecosystem-Statistics-UPI-Top-50-member-performance-2025-Jan-Remitter_2.xlsx,sheet title,1,Maharashtra Gramin Bank,True,100.0
2025-01,2025-01,41,Equitas Small Finance Bank,Equitas Small Finance Bank,31.07,90.38000000000001,9.51,0.1,0.09,98.66,0c22f71c-Ecosystem-Statistics-UPI-Top-50-member-performance-2025-Jan-Remitter_2.xlsx,sheet title,1,Equitas Small Finance Bank,True,99.99
2025-01,2025-01,42,DBS Bank India Limited,DBS Bank India,30.85,92.01,7.920000000000001,0.06999999999999999,0.08,96.1,0c22f71c-Ecosystem-Statistics-UPI-Top-50-member-performance-2025-Jan-Remitter_2.xlsx,sheet title,1,DBS Bank India,True,100.0
2025-01,2025-01,43,ESAF Small Finance Bank Ltd,ESAF Small Finance Bank,30.15,95.22,4.46,0.31,0.09,96.73,0c22f71c-Ecosystem-Statistics-UPI-Top-50-member-performance-2025-Jan-Remitter_2.xlsx,sheet title,1,ESAF Small Finance Bank,True,99.99
2025-01,2025-01,44,RBL Bank Ltd.,RBL Bank,29.51,91.9,7.7299999999999995,0.37,0.1,66.25,0c22f71c-Ecosystem-Statistics-UPI-Top-50-member-performance-2025-Jan-Remitter_2.xlsx,sheet title,1,RBL Bank,True,100.0
2025-01,2025-01,45,NSDL Payments Bank Limited,NSDL Payments Bank,29.28,74.94,20.06,5.0,0.47,34.88,0c22f71c-Ecosystem-Statistics-UPI-Top-50-member-performance-2025-Jan-Remitter_2.xlsx,sheet title,1,NSDL Payments Bank,True,100.0
2025-01,2025-01,46,Saraswat Co-operative Bank,Saraswat Co-operative Bank,28.32,93.24,6.419999999999999,0.33999999999999997,0.1,67.53,0c22f71c-Ecosystem-Statistics-UPI-Top-50-member-performance-2025-Jan-Remitter_2.xlsx,sheet title,1,Saraswat Co-operative Bank,True,100.0
2025-01,2025-01,47,Standard Chartered Bank,Standard Chartered Bank,26.87,95.22,4.22,0.5599999999999999,0.06,82.54,0c22f71c-Ecosystem-Statistics-UPI-Top-50-member-performance-2025-Jan-Remitter_2.xlsx,sheet title,1,Standard Chartered Bank,True,100.0
2025-01,2025-01,48,Telangana Grameena Bank,Telangana Grameena Bank,26.64,79.06,15.809999999999999,5.13,0.58,41.27,0c22f71c-Ecosystem-Statistics-UPI-Top-50-member-performance-2025-Jan-Remitter_2.xlsx,sheet title,1,Telangana Grameena Bank,True,100.0
2025-01,2025-01,49,Andhra Pragathi Grameena Bank,Andhra Pragathi Grameena Bank,25.58,76.03,11.899999999999999,12.07,0.98,30.56,0c22f71c-Ecosystem-Statistics-UPI-Top-50-member-performance-2025-Jan-Remitter_2.xlsx,sheet title,1,Andhra Pragathi Grameena Bank,True,100.0
2025-01,2025-01,50,Sarva Haryana Gramin Bank,Sarva Haryana Gramin Bank,21.26,94.63000000000001,4.63,0.73,0.12,69.44,0c22f71c-Ecosystem-Statistics-UPI-Top-50-member-performance-2025-Jan-Remitter_2.xlsx,sheet title,1,Sarva Haryana Gramin Bank,True,99.99
2025-02,2025-02,1,State Bank of India,State Bank of India,4400.89,92.13,7.53,0.33999999999999997,12.56,94.16,3889421d-Ecosystem-Statistics-UPI-Top-50-member-performance-2025-Feb-Remitter.xlsx,sheet title,1,State Bank of India,True,100.0
2025-02,2025-02,2,HDFC Bank Ltd.,HDFC Bank,1335.84,93.74,6.2,0.06,3.56,98.71,3889421d-Ecosystem-Statistics-UPI-Top-50-member-performance-2025-Feb-Remitter.xlsx,sheet title,1,HDFC Bank,True,100.0
2025-02,2025-02,3,Bank of Baroda,Bank of Baroda,1107.47,90.78,9.16,0.06,2.98,94.41000000000001,3889421d-Ecosystem-Statistics-UPI-Top-50-member-performance-2025-Feb-Remitter.xlsx,sheet title,1,Bank of Baroda,True,100.0
2025-02,2025-02,4,Union Bank of India,Union Bank of India,1035.24,91.72,8.05,0.22,2.9,89.12,3889421d-Ecosystem-Statistics-UPI-Top-50-member-performance-2025-Feb-Remitter.xlsx,sheet title,1,Union Bank of India,True,99.99
2025-02,2025-02,5,Punjab National Bank,Punjab National Bank,925.01,89.74,10.12,0.13999999999999999,2.77,96.09,3889421d-Ecosystem-Statistics-UPI-Top-50-member-performance-2025-Feb-Remitter.xlsx,sheet title,1,Punjab National Bank,True,100.0
2025-02,2025-02,6,Kotak Mahindra Bank,Kotak Mahindra Bank,838.1,89.58,10.23,0.19,2.07,2.75,3889421d-Ecosystem-Statistics-UPI-Top-50-member-performance-2025-Feb-Remitter.xlsx,sheet title,1,Kotak Mahindra Bank,True,100.0
2025-02,2025-02,7,Canara Bank,Canara Bank,799.21,90.86,8.7,0.44,2.65,77.52,3889421d-Ecosystem-Statistics-UPI-Top-50-member-performance-2025-Feb-Remitter.xlsx,sheet title,1,Canara Bank,True,100.0
2025-02,2025-02,8,Axis Bank Ltd.,Axis Bank,774.8,93.21000000000001,6.78,0.02,1.61,97.96000000000001,3889421d-Ecosystem-Statistics-UPI-Top-50-member-performance-2025-Feb-Remitter.xlsx,sheet title,1,Axis Bank,True,100.01
2025-02,2025-02,9,ICICI Bank Ltd.,ICICI Bank,646.14,94.86,5.08,0.06,1.29,92.36,3889421d-Ecosystem-Statistics-UPI-Top-50-member-performance-2025-Feb-Remitter.xlsx,sheet title,1,ICICI Bank,True,100.0
2025-02,2025-02,10,Bank Of India,Bank of India,524.43,92.0,7.17,0.83,2.6,63.53,3889421d-Ecosystem-Statistics-UPI-Top-50-member-performance-2025-Feb-Remitter.xlsx,sheet title,1,Bank of India,True,100.0
2025-02,2025-02,11,Indian Bank,Indian Bank,517.21,91.86999999999999,8.08,0.05,1.27,93.38,3889421d-Ecosystem-Statistics-UPI-Top-50-member-performance-2025-Feb-Remitter.xlsx,sheet title,1,Indian Bank,True,100.0
2025-02,2025-02,12,Airtel Payments Bank Limited,Airtel Payments Bank,494.58,79.75,17.84,2.41,2.16,82.8,3889421d-Ecosystem-Statistics-UPI-Top-50-member-performance-2025-Feb-Remitter.xlsx,sheet title,1,Airtel Payments Bank,True,100.0
2025-02,2025-02,13,India Post Payments Bank Ltd.,India Post Payments Bank,488.27,84.83000000000001,14.04,1.13,1.76,85.35000000000001,3889421d-Ecosystem-Statistics-UPI-Top-50-member-performance-2025-Feb-Remitter.xlsx,sheet title,1,India Post Payments Bank,True,100.0
2025-02,2025-02,14,Indian Overseas Bank,Indian Overseas Bank,257.53,91.88,7.93,0.19,0.67,97.18,3889421d-Ecosystem-Statistics-UPI-Top-50-member-performance-2025-Feb-Remitter.xlsx,sheet title,1,Indian Overseas Bank,True,100.0
2025-02,2025-02,15,Central Bank of India,Central Bank of India,234.96,85.99,13.489999999999998,0.52,0.85,92.17999999999999,3889421d-Ecosystem-Statistics-UPI-Top-50-member-performance-2025-Feb-Remitter.xlsx,sheet title,1,Central Bank of India,True,100.0
2025-02,2025-02,16,Federal Bank Ltd.,Federal Bank,234.23,91.53999999999999,8.32,0.13999999999999999,0.48,97.98,3889421d-Ecosystem-Statistics-UPI-Top-50-member-performance-2025-Feb-Remitter.xlsx,sheet title,1,Federal Bank,True,100.0
2025-02,2025-02,17,UCO Bank,UCO Bank,222.51,90.4,9.22,0.38,0.79,83.8,3889421d-Ecosystem-Statistics-UPI-Top-50-member-performance-2025-Feb-Remitter.xlsx,sheet title,1,UCO Bank,True,100.0
2025-02,2025-02,18,Bank of Maharashtra,Bank of Maharashtra,183.07,92.04,7.470000000000001,0.5,0.71,62.29,3889421d-Ecosystem-Statistics-UPI-Top-50-member-performance-2025-Feb-Remitter.xlsx,sheet title,1,Bank of Maharashtra,True,100.01
2025-02,2025-02,19,Fino Payments Bank Ltd.,Fino Payments Bank,182.03,89.88000000000001,9.89,0.22,0.82,83.43,3889421d-Ecosystem-Statistics-UPI-Top-50-member-performance-2025-Feb-Remitter.xlsx,sheet title,1,Fino Payments Bank,True,99.99
2025-02,2025-02,20,Indusind Bank Ltd.,IndusInd Bank,180.68,87.51,12.120000000000001,0.37,0.81,61.519999999999996,3889421d-Ecosystem-Statistics-UPI-Top-50-member-performance-2025-Feb-Remitter.xlsx,sheet title,1,IndusInd Bank,True,100.0
2025-02,2025-02,21,IDBI Bank Ltd.,IDBI Bank,177.38,92.32000000000001,7.340000000000001,0.33999999999999997,0.62,87.66000000000001,3889421d-Ecosystem-Statistics-UPI-Top-50-member-performance-2025-Feb-Remitter.xlsx,sheet title,1,IDBI Bank,True,100.0
2025-02,2025-02,22,Yes Bank Ltd.,YES Bank,150.13,86.99,12.770000000000001,0.22999999999999998,0.48,54.37,3889421d-Ecosystem-Statistics-UPI-Top-50-member-performance-2025-Feb-Remitter.xlsx,sheet title,1,YES Bank,True,99.99
2025-02,2025-02,23,Karnataka Bank,Karnataka Bank,127.01,90.88000000000001,8.649999999999999,0.47000000000000003,0.47,62.11,3889421d-Ecosystem-Statistics-UPI-Top-50-member-performance-2025-Feb-Remitter.xlsx,sheet title,1,Karnataka Bank,True,100.0
2025-02,2025-02,24,IDFC Bank Ltd.,IDFC FIRST Bank,99.48,90.73,9.24,0.02,0.23,95.89999999999999,3889421d-Ecosystem-Statistics-UPI-Top-50-member-performance-2025-Feb-Remitter.xlsx,sheet title,1,IDFC FIRST Bank,True,99.99
2025-02,2025-02,25,Karur Vysya Bank,Karur Vysya Bank,80.65,91.79,7.870000000000001,0.33999999999999997,0.23,78.72,3889421d-Ecosystem-Statistics-UPI-Top-50-member-performance-2025-Feb-Remitter.xlsx,sheet title,1,Karur Vysya Bank,True,100.0
2025-02,2025-02,26,The Jammu & Kashmir Bank Limited,Jammu & Kashmir Bank,80.46,91.31,6.329999999999999,2.36,0.96,27.810000000000002,3889421d-Ecosystem-Statistics-UPI-Top-50-member-performance-2025-Feb-Remitter.xlsx,sheet title,1,Jammu & Kashmir Bank,True,100.0
2025-02,2025-02,27,Tri O Tech Solutions Private Limited,Tri O Tech Solutions,76.79,100.0,0.0,0.0,,0.0,3889421d-Ecosystem-Statistics-UPI-Top-50-member-performance-2025-Feb-Remitter.xlsx,sheet title,1,Tri O Tech Solutions,False,100.0
2025-02,2025-02,28,Bandhan Bank limited,Bandhan Bank,74.75,92.93,5.0200000000000005,2.0500000000000003,0.65,88.71,3889421d-Ecosystem-Statistics-UPI-Top-50-member-performance-2025-Feb-Remitter.xlsx,sheet title,1,Bandhan Bank,True,100.0
2025-02,2025-02,29,AU Small Finance Bank,AU Small Finance Bank,67.04,86.79,12.78,0.43,0.28,74.62,3889421d-Ecosystem-Statistics-UPI-Top-50-member-performance-2025-Feb-Remitter.xlsx,sheet title,1,AU Small Finance Bank,True,100.0
2025-02,2025-02,30,The South Indian Bank Limited,South Indian Bank,63.83,93.57,5.83,0.6,0.12,96.99,3889421d-Ecosystem-Statistics-UPI-Top-50-member-performance-2025-Feb-Remitter.xlsx,sheet title,1,South Indian Bank,True,100.0
2025-02,2025-02,31,Punjab and Sind Bank,Punjab & Sind Bank,48.34,89.73,9.68,0.59,0.25,75.44999999999999,3889421d-Ecosystem-Statistics-UPI-Top-50-member-performance-2025-Feb-Remitter.xlsx,sheet title,1,Punjab & Sind Bank,True,100.0
2025-02,2025-02,32,City Union Bank,City Union Bank,48.24,91.53,8.33,0.13,0.09,96.39999999999999,3889421d-Ecosystem-Statistics-UPI-Top-50-member-performance-2025-Feb-Remitter.xlsx,sheet title,1,City Union Bank,True,99.99
2025-02,2025-02,33,Ujjivan Small Finance Bank Limited,Ujjivan Small Finance Bank,46.36,94.56,5.35,0.1,0.15,88.75999999999999,3889421d-Ecosystem-Statistics-UPI-Top-50-member-performance-2025-Feb-Remitter.xlsx,sheet title,1,Ujjivan Small Finance Bank,True,100.01
2025-02,2025-02,34,Tamilnad Mercantile Bank Limited,Tamilnad Mercantile Bank,45.82,91.36999999999999,8.129999999999999,0.5,0.14,64.88000000000001,3889421d-Ecosystem-Statistics-UPI-Top-50-member-performance-2025-Feb-Remitter.xlsx,sheet title,1,Tamilnad Mercantile Bank,True,100.0
2025-02,2025-02,35,Kerala Gramin Bank,Kerala Gramin Bank,39.96,92.08,7.290000000000001,0.63,0.15,88.94999999999999,3889421d-Ecosystem-Statistics-UPI-Top-50-member-performance-2025-Feb-Remitter.xlsx,sheet title,1,Kerala Gramin Bank,True,100.0
2025-02,2025-02,36,JIO Payments Bank Ltd,Jio Payments Bank,39.6,86.44,12.94,0.62,0.21,80.0,3889421d-Ecosystem-Statistics-UPI-Top-50-member-performance-2025-Feb-Remitter.xlsx,sheet title,1,Jio Payments Bank,True,100.0
2025-02,2025-02,37,Baroda U.P. Bank,Baroda UP Gramin Bank,35.45,92.12,6.03,1.8399999999999999,0.31,41.58,3889421d-Ecosystem-Statistics-UPI-Top-50-member-performance-2025-Feb-Remitter.xlsx,sheet title,1,Baroda UP Gramin Bank,True,99.99
2025-02,2025-02,38,Telangana Grameena Bank,Telangana Grameena Bank,31.21,83.85000000000001,12.35,3.81,0.6,26.669999999999998,3889421d-Ecosystem-Statistics-UPI-Top-50-member-performance-2025-Feb-Remitter.xlsx,sheet title,1,Telangana Grameena Bank,True,100.01
2025-02,2025-02,39,Karnataka Gramin Bank,Karnataka Gramin Bank,31.05,88.53,10.15,1.32,0.21,87.74,3889421d-Ecosystem-Statistics-UPI-Top-50-member-performance-2025-Feb-Remitter.xlsx,sheet title,1,Karnataka Gramin Bank,True,100.0
2025-02,2025-02,40,NSDL Payments Bank Limited,NSDL Payments Bank,30.8,68.39,15.909999999999998,15.709999999999999,1.47,8.99,3889421d-Ecosystem-Statistics-UPI-Top-50-member-performance-2025-Feb-Remitter.xlsx,sheet title,1,NSDL Payments Bank,True,100.01
2025-02,2025-02,41,Rajasthan Marudhara Gramin Bank,Rajasthan Marudhara Gramin Bank,30.74,80.12,14.29,5.59,0.63,18.91,3889421d-Ecosystem-Statistics-UPI-Top-50-member-performance-2025-Feb-Remitter.xlsx,sheet title,1,Rajasthan Marudhara Gramin Bank,True,100.0
2025-02,2025-02,42,Maharashtra Gramin Bank,Maharashtra Gramin Bank,30.5,86.00999999999999,11.99,2.01,0.15,53.25,3889421d-Ecosystem-Statistics-UPI-Top-50-member-performance-2025-Feb-Remitter.xlsx,sheet title,1,Maharashtra Gramin Bank,True,100.01
2025-02,2025-02,43,ESAF Small Finance Bank Ltd,ESAF Small Finance Bank,28.79,94.28,4.15,1.5699999999999998,0.18,91.31,3889421d-Ecosystem-Statistics-UPI-Top-50-member-performance-2025-Feb-Remitter.xlsx,sheet title,1,ESAF Small Finance Bank,True,100.0
2025-02,2025-02,44,DBS Bank India Limited,DBS Bank India,28.75,92.2,7.75,0.05,0.07,93.35,3889421d-Ecosystem-Statistics-UPI-Top-50-member-performance-2025-Feb-Remitter.xlsx,sheet title,1,DBS Bank India,True,100.0
2025-02,2025-02,45,RBL Bank Ltd.,RBL Bank,28.55,91.46,7.75,0.79,0.09,66.2,3889421d-Ecosystem-Statistics-UPI-Top-50-member-performance-2025-Feb-Remitter.xlsx,sheet title,1,RBL Bank,True,100.0
2025-02,2025-02,46,Equitas Small Finance Bank,Equitas Small Finance Bank,28.49,89.74,9.719999999999999,0.54,0.1,71.53,3889421d-Ecosystem-Statistics-UPI-Top-50-member-performance-2025-Feb-Remitter.xlsx,sheet title,1,Equitas Small Finance Bank,True,100.0
2025-02,2025-02,47,Saraswat Co-operative Bank,Saraswat Co-operative Bank,26.38,93.24,6.16,0.61,0.1,55.989999999999995,3889421d-Ecosystem-Statistics-UPI-Top-50-member-performance-2025-Feb-Remitter.xlsx,sheet title,1,Saraswat Co-operative Bank,True,100.01
2025-02,2025-02,48,Standard Chartered Bank,Standard Chartered Bank,25.11,95.66,4.29,0.05,0.05,91.57,3889421d-Ecosystem-Statistics-UPI-Top-50-member-performance-2025-Feb-Remitter.xlsx,sheet title,1,Standard Chartered Bank,True,100.0
2025-02,2025-02,49,Andhra Pragathi Grameena Bank,Andhra Pragathi Grameena Bank,23.7,83.93,12.53,3.53,0.43,79.17,3889421d-Ecosystem-Statistics-UPI-Top-50-member-performance-2025-Feb-Remitter.xlsx,sheet title,1,Andhra Pragathi Grameena Bank,True,99.99
2025-02,2025-02,50,Sarva Haryana Gramin Bank,Sarva Haryana Gramin Bank,20.73,92.58,4.52,2.9000000000000004,0.2,46.379999999999995,3889421d-Ecosystem-Statistics-UPI-Top-50-member-performance-2025-Feb-Remitter.xlsx,sheet title,1,Sarva Haryana Gramin Bank,True,100.0
2025-03,2025-03,1,State Bank of India,State Bank of India,4956.07,92.01,7.090000000000001,0.8999999999999999,20.26,86.3,139d7304-Ecosystem-Statistics-UPI-Top-50-member-performance-2025-Mar-Remitter.xlsx,sheet title,1,State Bank of India,True,100.0
2025-03,2025-03,2,HDFC Bank Ltd.,HDFC Bank,1513.14,93.97999999999999,6.0,0.02,4.92,97.21,139d7304-Ecosystem-Statistics-UPI-Top-50-member-performance-2025-Mar-Remitter.xlsx,sheet title,1,HDFC Bank,True,100.0
2025-03,2025-03,3,Bank of Baroda,Bank of Baroda,1270.6,89.47,10.5,0.03,3.86,95.32000000000001,139d7304-Ecosystem-Statistics-UPI-Top-50-member-performance-2025-Mar-Remitter.xlsx,sheet title,1,Bank of Baroda,True,100.0
2025-03,2025-03,4,Union Bank of India,Union Bank of India,1173.28,91.58,8.36,0.06,3.51,89.97,139d7304-Ecosystem-Statistics-UPI-Top-50-member-performance-2025-Mar-Remitter.xlsx,sheet title,1,Union Bank of India,True,100.0
2025-03,2025-03,5,Punjab National Bank,Punjab National Bank,1043.06,90.22,9.45,0.33,3.83,91.3,139d7304-Ecosystem-Statistics-UPI-Top-50-member-performance-2025-Mar-Remitter.xlsx,sheet title,1,Punjab National Bank,True,100.0
2025-03,2025-03,6,Kotak Mahindra Bank,Kotak Mahindra Bank,938.6,89.78,10.190000000000001,0.02,2.42,0.9400000000000001,139d7304-Ecosystem-Statistics-UPI-Top-50-member-performance-2025-Mar-Remitter.xlsx,sheet title,1,Kotak Mahindra Bank,True,99.99
2025-03,2025-03,7,Canara Bank,Canara Bank,901.11,91.83,8.04,0.13,2.7,87.81,139d7304-Ecosystem-Statistics-UPI-Top-50-member-performance-2025-Mar-Remitter.xlsx,sheet title,1,Canara Bank,True,100.0
2025-03,2025-03,8,Axis Bank Ltd.,Axis Bank,883.53,93.52000000000001,6.45,0.03,2.25,84.45,139d7304-Ecosystem-Statistics-UPI-Top-50-member-performance-2025-Mar-Remitter.xlsx,sheet title,1,Axis Bank,True,100.0
2025-03,2025-03,9,ICICI Bank Ltd.,ICICI Bank,730.29,95.15,4.72,0.13,1.83,91.05,139d7304-Ecosystem-Statistics-UPI-Top-50-member-performance-2025-Mar-Remitter.xlsx,sheet title,1,ICICI Bank,True,100.0
2025-03,2025-03,10,Bank Of India,Bank of India,595.31,92.34,7.08,0.58,2.67,73.07000000000001,139d7304-Ecosystem-Statistics-UPI-Top-50-member-performance-2025-Mar-Remitter.xlsx,sheet title,1,Bank of India,True,100.0
2025-03,2025-03,11,Indian Bank,Indian Bank,589.5,91.56,8.21,0.22999999999999998,1.97,75.66000000000001,139d7304-Ecosystem-Statistics-UPI-Top-50-member-performance-2025-Mar-Remitter.xlsx,sheet title,1,Indian Bank,True,100.0
2025-03,2025-03,12,India Post Payments Bank Limited,India Post Payments Bank,570.54,86.13,13.54,0.33,2.31,89.05,139d7304-Ecosystem-Statistics-UPI-Top-50-member-performance-2025-Mar-Remitter.xlsx,sheet title,1,India Post Payments Bank,True,100.0
2025-03,2025-03,13,Airtel Payments Bank Limited,Airtel Payments Bank,569.69,84.31,15.379999999999999,0.31,2.52,88.84,139d7304-Ecosystem-Statistics-UPI-Top-50-member-performance-2025-Mar-Remitter.xlsx,sheet title,1,Airtel Payments Bank,True,100.0
2025-03,2025-03,14,Indian Overseas Bank,Indian Overseas Bank,292.32,91.93,7.670000000000001,0.4,1.06,91.86999999999999,139d7304-Ecosystem-Statistics-UPI-Top-50-member-performance-2025-Mar-Remitter.xlsx,sheet title,1,Indian Overseas Bank,True,100.0
2025-03,2025-03,15,Central Bank of India,Central Bank of India,266.98,86.15,13.55,0.3,0.94,94.78999999999999,139d7304-Ecosystem-Statistics-UPI-Top-50-member-performance-2025-Mar-Remitter.xlsx,sheet title,1,Central Bank of India,True,100.0
2025-03,2025-03,16,Federal Bank Ltd.,Federal Bank,256.34,91.49000000000001,8.459999999999999,0.05,0.57,98.07000000000001,139d7304-Ecosystem-Statistics-UPI-Top-50-member-performance-2025-Mar-Remitter.xlsx,sheet title,1,Federal Bank,True,100.0
2025-03,2025-03,17,UCO Bank,UCO Bank,254.76,89.86,10.05,0.09,0.96,89.31,139d7304-Ecosystem-Statistics-UPI-Top-50-member-performance-2025-Mar-Remitter.xlsx,sheet title,1,UCO Bank,True,100.0
2025-03,2025-03,18,Fino Payments Bank Ltd.,Fino Payments Bank,214.85,87.62,12.18,0.21,1.2,72.33000000000001,139d7304-Ecosystem-Statistics-UPI-Top-50-member-performance-2025-Mar-Remitter.xlsx,sheet title,1,Fino Payments Bank,True,100.01
2025-03,2025-03,19,Bank of Maharashtra,Bank of Maharashtra,208.61,92.52,7.31,0.16999999999999998,0.81,69.23,139d7304-Ecosystem-Statistics-UPI-Top-50-member-performance-2025-Mar-Remitter.xlsx,sheet title,1,Bank of Maharashtra,True,100.0
2025-03,2025-03,20,Indusind Bank Ltd.,IndusInd Bank,203.78,87.94999999999999,12.02,0.03,0.74,81.22,139d7304-Ecosystem-Statistics-UPI-Top-50-member-performance-2025-Mar-Remitter.xlsx,sheet title,1,IndusInd Bank,True,100.0
2025-03,2025-03,21,IDBI Bank Ltd.,IDBI Bank,200.78,92.75999999999999,7.23,0.01,0.6,95.1,139d7304-Ecosystem-Statistics-UPI-Top-50-member-performance-2025-Mar-Remitter.xlsx,sheet title,1,IDBI Bank,True,100.0
2025-03,2025-03,22,Yes Bank Ltd.,YES Bank,167.37,88.24,11.65,0.11,0.46,69.33,139d7304-Ecosystem-Statistics-UPI-Top-50-member-performance-2025-Mar-Remitter.xlsx,sheet title,1,YES Bank,True,100.0
2025-03,2025-03,23,Karnataka Bank,Karnataka Bank,144.19,90.64,8.75,0.61,0.7,59.68,139d7304-Ecosystem-Statistics-UPI-Top-50-member-performance-2025-Mar-Remitter.xlsx,sheet title,1,Karnataka Bank,True,100.0
2025-03,2025-03,24,IDFC Bank Ltd.,IDFC FIRST Bank,112.68,91.2,8.799999999999999,0.0,0.29,91.84,139d7304-Ecosystem-Statistics-UPI-Top-50-member-performance-2025-Mar-Remitter.xlsx,sheet title,1,IDFC FIRST Bank,True,100.0
2025-03,2025-03,25,Karur Vysya Bank,Karur Vysya Bank,90.86,91.97,7.76,0.27,0.27,82.67999999999999,139d7304-Ecosystem-Statistics-UPI-Top-50-member-performance-2025-Mar-Remitter.xlsx,sheet title,1,Karur Vysya Bank,True,100.0
2025-03,2025-03,26,Tri O Tech Solutions Private Limited,Tri O Tech Solutions,89.61,100.0,0.0,0.0,,0.0,139d7304-Ecosystem-Statistics-UPI-Top-50-member-performance-2025-Mar-Remitter.xlsx,sheet title,1,Tri O Tech Solutions,False,100.0
2025-03,2025-03,27,The Jammu & Kashmir Bank Limited,Jammu & Kashmir Bank,88.86,92.45,6.41,1.1400000000000001,0.99,32.269999999999996,139d7304-Ecosystem-Statistics-UPI-Top-50-member-performance-2025-Mar-Remitter.xlsx,sheet title,1,Jammu & Kashmir Bank,True,100.0
2025-03,2025-03,28,Bandhan Bank limited,Bandhan Bank,82.99,92.36,5.16,2.48,0.79,67.08,139d7304-Ecosystem-Statistics-UPI-Top-50-member-performance-2025-Mar-Remitter.xlsx,sheet title,1,Bandhan Bank,True,100.0
2025-03,2025-03,29,AU Small Finance Bank,AU Small Finance Bank,75.73,87.32,12.67,0.0,0.29,83.57,139d7304-Ecosystem-Statistics-UPI-Top-50-member-performance-2025-Mar-Remitter.xlsx,sheet title,1,AU Small Finance Bank,True,99.99
2025-03,2025-03,30,The South Indian Bank Limited,South Indian Bank,70.22,93.88,6.04,0.08,0.17,90.63,139d7304-Ecosystem-Statistics-UPI-Top-50-member-performance-2025-Mar-Remitter.xlsx,sheet title,1,South Indian Bank,True,100.0
2025-03,2025-03,31,Punjab and Sind Bank,Punjab & Sind Bank,55.66,89.85,9.520000000000001,0.63,0.35,71.58,139d7304-Ecosystem-Statistics-UPI-Top-50-member-performance-2025-Mar-Remitter.xlsx,sheet title,1,Punjab & Sind Bank,True,100.0
2025-03,2025-03,32,City Union Bank,City Union Bank,54.12,90.75,9.13,0.12,0.12,97.17,139d7304-Ecosystem-Statistics-UPI-Top-50-member-performance-2025-Mar-Remitter.xlsx,sheet title,1,City Union Bank,True,100.0
2025-03,2025-03,33,Ujjivan Small Finance Bank Limited,Ujjivan Small Finance Bank,53.09,93.11,6.29,0.6,0.25,69.05,139d7304-Ecosystem-Statistics-UPI-Top-50-member-performance-2025-Mar-Remitter.xlsx,sheet title,1,Ujjivan Small Finance Bank,True,100.0
2025-03,2025-03,34,Tamilnad Mercantile Bank Limited,Tamilnad Mercantile Bank,51.92,91.34,8.14,0.52,0.19,63.01,139d7304-Ecosystem-Statistics-UPI-Top-50-member-performance-2025-Mar-Remitter.xlsx,sheet title,1,Tamilnad Mercantile Bank,True,100.0
2025-03,2025-03,35,JIO Payments Bank Ltd,Jio Payments Bank,48.73,78.72,14.05,7.23,0.83,48.370000000000005,139d7304-Ecosystem-Statistics-UPI-Top-50-member-performance-2025-Mar-Remitter.xlsx,sheet title,1,Jio Payments Bank,True,100.0
2025-03,2025-03,36,Kerala Gramin Bank,Kerala Gramin Bank,43.54,91.33,7.35,1.32,0.34,62.35000000000001,139d7304-Ecosystem-Statistics-UPI-Top-50-member-performance-2025-Mar-Remitter.xlsx,sheet title,1,Kerala Gramin Bank,True,100.0
2025-03,2025-03,37,Baroda U.P. Bank,Baroda UP Gramin Bank,43.22,90.27,7.22,2.5100000000000002,0.38,44.46,139d7304-Ecosystem-Statistics-UPI-Top-50-member-performance-2025-Mar-Remitter.xlsx,sheet title,1,Baroda UP Gramin Bank,True,100.0
2025-03,2025-03,38,Telangana Grameena Bank,Telangana Grameena Bank,37.03,83.67,12.91,3.42,0.45,40.45,139d7304-Ecosystem-Statistics-UPI-Top-50-member-performance-2025-Mar-Remitter.xlsx,sheet title,1,Telangana Grameena Bank,True,100.0
2025-03,2025-03,39,Karnataka Gramin Bank,Karnataka Gramin Bank,36.0,88.58,10.27,1.16,0.27,82.93,139d7304-Ecosystem-Statistics-UPI-Top-50-member-performance-2025-Mar-Remitter.xlsx,sheet title,1,Karnataka Gramin Bank,True,100.01
2025-03,2025-03,40,Maharashtra Gramin Bank,Maharashtra Gramin Bank,35.59,86.14,12.370000000000001,1.5,0.17,60.209999999999994,139d7304-Ecosystem-Statistics-UPI-Top-50-member-performance-2025-Mar-Remitter.xlsx,sheet title,1,Maharashtra Gramin Bank,True,100.01
2025-03,2025-03,41,RBL Bank Ltd.,RBL Bank,34.99,92.49000000000001,6.98,0.53,0.12,66.84,139d7304-Ecosystem-Statistics-UPI-Top-50-member-performance-2025-Mar-Remitter.xlsx,sheet title,1,RBL Bank,True,100.0
2025-03,2025-03,42,NSDL Payments Bank Limited,NSDL Payments Bank,34.89,69.19999999999999,19.220000000000002,11.58,1.07,16.580000000000002,139d7304-Ecosystem-Statistics-UPI-Top-50-member-performance-2025-Mar-Remitter.xlsx,sheet title,1,NSDL Payments Bank,True,100.0
2025-03,2025-03,43,Rajasthan Marudhara Gramin Bank,Rajasthan Marudhara Gramin Bank,34.54,80.78,17.51,1.71,0.32,60.34,139d7304-Ecosystem-Statistics-UPI-Top-50-member-performance-2025-Mar-Remitter.xlsx,sheet title,1,Rajasthan Marudhara Gramin Bank,True,100.0
2025-03,2025-03,44,DBS Bank India Limited,DBS Bank India,32.09,91.95,8.04,0.01,0.09,94.35,139d7304-Ecosystem-Statistics-UPI-Top-50-member-performance-2025-Mar-Remitter.xlsx,sheet title,1,DBS Bank India,True,100.0
2025-03,2025-03,45,ESAF Small Finance Bank Ltd,ESAF Small Finance Bank,31.85,91.5,4.25,4.26,0.36,51.6,139d7304-Ecosystem-Statistics-UPI-Top-50-member-performance-2025-Mar-Remitter.xlsx,sheet title,1,ESAF Small Finance Bank,True,100.01
2025-03,2025-03,46,Equitas Small Finance Bank,Equitas Small Finance Bank,31.5,90.2,9.43,0.37,0.1,89.49000000000001,139d7304-Ecosystem-Statistics-UPI-Top-50-member-performance-2025-Mar-Remitter.xlsx,sheet title,1,Equitas Small Finance Bank,True,100.0
2025-03,2025-03,47,Saraswat Co-operative Bank,Saraswat Co-operative Bank,29.58,93.49,6.01,0.5,0.1,66.23,139d7304-Ecosystem-Statistics-UPI-Top-50-member-performance-2025-Mar-Remitter.xlsx,sheet title,1,Saraswat Co-operative Bank,True,100.0
2025-03,2025-03,48,Andhra Pragathi Grameena Bank,Andhra Pragathi Grameena Bank,28.26,83.93,12.16,3.91,0.59,82.53,139d7304-Ecosystem-Statistics-UPI-Top-50-member-performance-2025-Mar-Remitter.xlsx,sheet title,1,Andhra Pragathi Grameena Bank,True,100.0
2025-03,2025-03,49,Standard Chartered Bank,Standard Chartered Bank,27.87,95.83,4.14,0.03,0.06,91.92,139d7304-Ecosystem-Statistics-UPI-Top-50-member-performance-2025-Mar-Remitter.xlsx,sheet title,1,Standard Chartered Bank,True,100.0
2025-03,2025-03,50,Sarva Haryana Gramin Bank,Sarva Haryana Gramin Bank,23.93,93.63,4.590000000000001,1.77,0.21,51.59,139d7304-Ecosystem-Statistics-UPI-Top-50-member-performance-2025-Mar-Remitter.xlsx,sheet title,1,Sarva Haryana Gramin Bank,True,99.99
2025-04,2025-04,1,State Bank of India,State Bank of India,4850.52,91.83,7.42,0.75,14.48,93.17999999999999,9d239f41-Ecosystem-Statistics-UPI-Top-50-member-performance-2025-Apr-Remitter.xlsx,sheet title,1,State Bank of India,True,100.0
2025-04,2025-04,2,HDFC Bank Ltd.,HDFC Bank,1471.2,94.26,5.74,0.0,5.69,95.45,9d239f41-Ecosystem-Statistics-UPI-Top-50-member-performance-2025-Apr-Remitter.xlsx,sheet title,1,HDFC Bank,True,100.0
2025-04,2025-04,3,Bank of Baroda,Bank of Baroda,1243.19,89.74,10.25,0.01,3.92,93.7,9d239f41-Ecosystem-Statistics-UPI-Top-50-member-performance-2025-Apr-Remitter.xlsx,sheet title,1,Bank of Baroda,True,100.0
2025-04,2025-04,4,Union Bank of India,Union Bank of India,1139.95,91.34,8.18,0.47000000000000003,4.32,68.02,9d239f41-Ecosystem-Statistics-UPI-Top-50-member-performance-2025-Apr-Remitter.xlsx,sheet title,1,Union Bank of India,True,99.99
2025-04,2025-04,5,Punjab National Bank,Punjab National Bank,1033.6,90.9,8.74,0.36,4.15,87.03,9d239f41-Ecosystem-Statistics-UPI-Top-50-member-performance-2025-Apr-Remitter.xlsx,sheet title,1,Punjab National Bank,True,100.0
2025-04,2025-04,6,Kotak Mahindra Bank,Kotak Mahindra Bank,917.25,90.42,9.58,0.0,2.27,1.2,9d239f41-Ecosystem-Statistics-UPI-Top-50-member-performance-2025-Apr-Remitter.xlsx,sheet title,1,Kotak Mahindra Bank,True,100.0
2025-04,2025-04,7,Canara Bank,Canara Bank,876.59,91.88,7.969999999999999,0.13999999999999999,3.12,78.86999999999999,9d239f41-Ecosystem-Statistics-UPI-Top-50-member-performance-2025-Apr-Remitter.xlsx,sheet title,1,Canara Bank,True,99.99
2025-04,2025-04,8,Axis Bank Ltd.,Axis Bank,837.82,93.69,6.3,0.01,1.93,93.94,9d239f41-Ecosystem-Statistics-UPI-Top-50-member-performance-2025-Apr-Remitter.xlsx,sheet title,1,Axis Bank,True,100.0
2025-04,2025-04,9,ICICI Bank Ltd.,ICICI Bank,697.48,95.28999999999999,4.68,0.03,1.59,91.28,9d239f41-Ecosystem-Statistics-UPI-Top-50-member-performance-2025-Apr-Remitter.xlsx,sheet title,1,ICICI Bank,True,100.0
2025-04,2025-04,10,Indian Bank,Indian Bank,581.43,91.5,8.5,0.0,1.57,89.24,9d239f41-Ecosystem-Statistics-UPI-Top-50-member-performance-2025-Apr-Remitter.xlsx,sheet title,1,Indian Bank,True,100.0
2025-04,2025-04,11,Bank Of India,Bank of India,578.05,91.29,7.79,0.9199999999999999,3.05,62.64999999999999,9d239f41-Ecosystem-Statistics-UPI-Top-50-member-performance-2025-Apr-Remitter.xlsx,sheet title,1,Bank of India,True,100.0
2025-04,2025-04,12,Airtel Payments Bank Limited,Airtel Payments Bank,567.67,83.13000000000001,16.41,0.45999999999999996,2.57,83.11,9d239f41-Ecosystem-Statistics-UPI-Top-50-member-performance-2025-Apr-Remitter.xlsx,sheet title,1,Airtel Payments Bank,True,100.0
2025-04,2025-04,13,India Post Payments Bank Limited,India Post Payments Bank,554.68,86.07000000000001,13.73,0.21,2.35,82.42,9d239f41-Ecosystem-Statistics-UPI-Top-50-member-performance-2025-Apr-Remitter.xlsx,sheet title,1,India Post Payments Bank,True,100.01
2025-04,2025-04,14,Indian Overseas Bank,Indian Overseas Bank,288.12,92.05,7.7299999999999995,0.22,0.88,94.06,9d239f41-Ecosystem-Statistics-UPI-Top-50-member-performance-2025-Apr-Remitter.xlsx,sheet title,1,Indian Overseas Bank,True,100.0
2025-04,2025-04,15,Central Bank of India,Central Bank of India,260.39,85.82,13.54,0.64,1.04,82.21000000000001,9d239f41-Ecosystem-Statistics-UPI-Top-50-member-performance-2025-Apr-Remitter.xlsx,sheet title,1,Central Bank of India,True,100.0
2025-04,2025-04,16,UCO Bank,UCO Bank,252.89,89.27000000000001,10.4,0.33,1.0,83.06,9d239f41-Ecosystem-Statistics-UPI-Top-50-member-performance-2025-Apr-Remitter.xlsx,sheet title,1,UCO Bank,True,100.0
2025-04,2025-04,17,Federal Bank Ltd.,Federal Bank,245.91,91.5,8.49,0.0,0.54,95.94,9d239f41-Ecosystem-Statistics-UPI-Top-50-member-performance-2025-Apr-Remitter.xlsx,sheet title,1,Federal Bank,True,99.99
2025-04,2025-04,18,Fino Payments Bank Ltd.,Fino Payments Bank,209.14,86.53999999999999,13.350000000000001,0.1,1.03,74.62,9d239f41-Ecosystem-Statistics-UPI-Top-50-member-performance-2025-Apr-Remitter.xlsx,sheet title,1,Fino Payments Bank,True,99.99
2025-04,2025-04,19,Bank of Maharashtra,Bank of Maharashtra,205.33,92.15,7.8,0.05,0.64,84.28999999999999,9d239f41-Ecosystem-Statistics-UPI-Top-50-member-performance-2025-Apr-Remitter.xlsx,sheet title,1,Bank of Maharashtra,True,100.0
2025-04,2025-04,20,Indusind Bank Ltd.,IndusInd Bank,199.26,88.17,11.74,0.1,0.73,81.98,9d239f41-Ecosystem-Statistics-UPI-Top-50-member-performance-2025-Apr-Remitter.xlsx,sheet title,1,IndusInd Bank,True,100.01
2025-04,2025-04,21,IDBI Bank Ltd.,IDBI Bank,195.97,92.72,7.12,0.15,0.71,84.92,9d239f41-Ecosystem-Statistics-UPI-Top-50-member-performance-2025-Apr-Remitter.xlsx,sheet title,1,IDBI Bank,True,99.99
2025-04,2025-04,22,Yes Bank Ltd.,YES Bank,168.8,89.21,10.76,0.03,0.35,83.34,9d239f41-Ecosystem-Statistics-UPI-Top-50-member-performance-2025-Apr-Remitter.xlsx,sheet title,1,YES Bank,True,100.0
2025-04,2025-04,23,Karnataka Bank,Karnataka Bank,137.3,89.51,9.22,1.27,1.0,40.28,9d239f41-Ecosystem-Statistics-UPI-Top-50-member-performance-2025-Apr-Remitter.xlsx,sheet title,1,Karnataka Bank,True,100.0
2025-04,2025-04,24,IDFC Bank Ltd.,IDFC FIRST Bank,111.75,91.64,8.35,0.01,0.3,86.21,9d239f41-Ecosystem-Statistics-UPI-Top-50-member-performance-2025-Apr-Remitter.xlsx,sheet title,1,IDFC FIRST Bank,True,100.0
2025-04,2025-04,25,Tri O Tech Solutions Private Limited,Tri O Tech Solutions,99.59,100.0,0.0,0.0,,0.0,9d239f41-Ecosystem-Statistics-UPI-Top-50-member-performance-2025-Apr-Remitter.xlsx,sheet title,1,Tri O Tech Solutions,False,100.0
2025-04,2025-04,26,The Jammu & Kashmir Bank Limited,Jammu & Kashmir Bank,94.27,92.36999999999999,6.58,1.05,0.94,26.83,9d239f41-Ecosystem-Statistics-UPI-Top-50-member-performance-2025-Apr-Remitter.xlsx,sheet title,1,Jammu & Kashmir Bank,True,100.0
2025-04,2025-04,27,Karur Vysya Bank,Karur Vysya Bank,87.89,92.36,7.4399999999999995,0.2,0.31,75.96000000000001,9d239f41-Ecosystem-Statistics-UPI-Top-50-member-performance-2025-Apr-Remitter.xlsx,sheet title,1,Karur Vysya Bank,True,100.0
2025-04,2025-04,28,Bandhan Bank limited,Bandhan Bank,82.44,93.75,5.62,0.64,0.42,85.31,9d239f41-Ecosystem-Statistics-UPI-Top-50-member-performance-2025-Apr-Remitter.xlsx,sheet title,1,Bandhan Bank,True,100.01
2025-04,2025-04,29,AU Small Finance Bank,AU Small Finance Bank,73.95,87.39,12.34,0.27,0.34,71.56,9d239f41-Ecosystem-Statistics-UPI-Top-50-member-performance-2025-Apr-Remitter.xlsx,sheet title,1,AU Small Finance Bank,True,100.0
2025-04,2025-04,30,The South Indian Bank Limited,South Indian Bank,66.92,94.08,5.91,0.01,0.27,79.97999999999999,9d239f41-Ecosystem-Statistics-UPI-Top-50-member-performance-2025-Apr-Remitter.xlsx,sheet title,1,South Indian Bank,True,100.0
2025-04,2025-04,31,Punjab and Sind Bank,Punjab & Sind Bank,54.5,90.16999999999999,9.36,0.47000000000000003,0.29,80.9,9d239f41-Ecosystem-Statistics-UPI-Top-50-member-performance-2025-Apr-Remitter.xlsx,sheet title,1,Punjab & Sind Bank,True,100.0
2025-04,2025-04,32,City Union Bank,City Union Bank,52.19,90.55,9.180000000000001,0.27,0.13,91.66,9d239f41-Ecosystem-Statistics-UPI-Top-50-member-performance-2025-Apr-Remitter.xlsx,sheet title,1,City Union Bank,True,100.0
2025-04,2025-04,33,Ujjivan Small Finance Bank Limited,Ujjivan Small Finance Bank,51.6,91.96,7.090000000000001,0.9400000000000001,0.32,52.76,9d239f41-Ecosystem-Statistics-UPI-Top-50-member-performance-2025-Apr-Remitter.xlsx,sheet title,1,Ujjivan Small Finance Bank,True,99.99
2025-04,2025-04,34,Tamilnad Mercantile Bank Limited,Tamilnad Mercantile Bank,50.57,91.59,8.27,0.13999999999999999,0.23,56.26,9d239f41-Ecosystem-Statistics-UPI-Top-50-member-performance-2025-Apr-Remitter.xlsx,sheet title,1,Tamilnad Mercantile Bank,True,100.0
2025-04,2025-04,35,JIO Payments Bank Ltd,Jio Payments Bank,49.43,79.3,20.13,0.58,0.36,79.43,9d239f41-Ecosystem-Statistics-UPI-Top-50-member-performance-2025-Apr-Remitter.xlsx,sheet title,1,Jio Payments Bank,True,100.01
2025-04,2025-04,36,Baroda U.P. Bank,Baroda UP Gramin Bank,43.04,91.8,6.800000000000001,1.4000000000000001,0.37,45.96,9d239f41-Ecosystem-Statistics-UPI-Top-50-member-performance-2025-Apr-Remitter.xlsx,sheet title,1,Baroda UP Gramin Bank,True,100.0
2025-04,2025-04,37,Kerala Gramin Bank,Kerala Gramin Bank,41.93,91.12,7.68,1.2,0.28,70.1,9d239f41-Ecosystem-Statistics-UPI-Top-50-member-performance-2025-Apr-Remitter.xlsx,sheet title,1,Kerala Gramin Bank,True,100.0
2025-04,2025-04,38,RBL Bank Ltd.,RBL Bank,36.09,92.75999999999999,6.800000000000001,0.44999999999999996,0.14,75.67,9d239f41-Ecosystem-Statistics-UPI-Top-50-member-performance-2025-Apr-Remitter.xlsx,sheet title,1,RBL Bank,True,100.01
2025-04,2025-04,39,Telangana Grameena Bank,Telangana Grameena Bank,36.07,85.88,12.91,1.21,0.32,64.78,9d239f41-Ecosystem-Statistics-UPI-Top-50-member-performance-2025-Apr-Remitter.xlsx,sheet title,1,Telangana Grameena Bank,True,100.0
2025-04,2025-04,40,Maharashtra Gramin Bank,Maharashtra Gramin Bank,35.66,84.44,12.839999999999998,2.73,0.26,56.69,9d239f41-Ecosystem-Statistics-UPI-Top-50-member-performance-2025-Apr-Remitter.xlsx,sheet title,1,Maharashtra Gramin Bank,True,100.01
2025-04,2025-04,41,Karnataka Gramin Bank,Karnataka Gramin Bank,34.52,86.08,11.12,2.8000000000000003,0.51,63.660000000000004,9d239f41-Ecosystem-Statistics-UPI-Top-50-member-performance-2025-Apr-Remitter.xlsx,sheet title,1,Karnataka Gramin Bank,True,100.0
2025-04,2025-04,42,Rajasthan Marudhara Gramin Bank,Rajasthan Marudhara Gramin Bank,33.47,82.67999999999999,17.01,0.31,0.19,81.33,9d239f41-Ecosystem-Statistics-UPI-Top-50-member-performance-2025-Apr-Remitter.xlsx,sheet title,1,Rajasthan Marudhara Gramin Bank,True,100.0
2025-04,2025-04,43,NSDL Payments Bank Limited,NSDL Payments Bank,33.14,78.01,20.66,1.32,0.24,68.58,9d239f41-Ecosystem-Statistics-UPI-Top-50-member-performance-2025-Apr-Remitter.xlsx,sheet title,1,NSDL Payments Bank,True,99.99
2025-04,2025-04,44,DBS Bank India Limited,DBS Bank India,31.44,91.81,8.18,0.01,0.09,88.92,9d239f41-Ecosystem-Statistics-UPI-Top-50-member-performance-2025-Apr-Remitter.xlsx,sheet title,1,DBS Bank India,True,100.0
2025-04,2025-04,45,ESAF Small Finance Bank Ltd,ESAF Small Finance Bank,30.46,94.78,5.17,0.05,0.11,89.71000000000001,9d239f41-Ecosystem-Statistics-UPI-Top-50-member-performance-2025-Apr-Remitter.xlsx,sheet title,1,ESAF Small Finance Bank,True,100.0
2025-04,2025-04,46,Equitas Small Finance Bank,Equitas Small Finance Bank,30.39,90.12,9.44,0.44,0.1,82.35,9d239f41-Ecosystem-Statistics-UPI-Top-50-member-performance-2025-Apr-Remitter.xlsx,sheet title,1,Equitas Small Finance Bank,True,100.0
2025-04,2025-04,47,Saraswat Co-operative Bank,Saraswat Co-operative Bank,28.81,94.13,5.86,0.0,0.07,89.92999999999999,9d239f41-Ecosystem-Statistics-UPI-Top-50-member-performance-2025-Apr-Remitter.xlsx,sheet title,1,Saraswat Co-operative Bank,True,99.99
2025-04,2025-04,48,Andhra Pragathi Grameena Bank,Andhra Pragathi Grameena Bank,28.12,82.07,12.709999999999999,5.220000000000001,0.64,50.54,9d239f41-Ecosystem-Statistics-UPI-Top-50-member-performance-2025-Apr-Remitter.xlsx,sheet title,1,Andhra Pragathi Grameena Bank,True,100.0
2025-04,2025-04,49,Standard Chartered Bank,Standard Chartered Bank,27.01,94.52000000000001,4.5,0.97,0.1,53.0,9d239f41-Ecosystem-Statistics-UPI-Top-50-member-performance-2025-Apr-Remitter.xlsx,sheet title,1,Standard Chartered Bank,True,99.99
2025-04,2025-04,50,Sarva Haryana Gramin Bank,Sarva Haryana Gramin Bank,23.95,93.23,5.04,1.73,0.24,65.23,9d239f41-Ecosystem-Statistics-UPI-Top-50-member-performance-2025-Apr-Remitter.xlsx,sheet title,1,Sarva Haryana Gramin Bank,True,100.0
2025-05,2025-05,1,State Bank of India,State Bank of India,4972.91,93.87,5.88,0.25,12.1,95.08,dba8c25b-Ecosystem-Statistics-UPI-Top-50-member-performance-2025-May-Remitter.xlsx,sheet title,1,State Bank of India,True,100.0
2025-05,2025-05,2,HDFC Bank Ltd.,HDFC Bank,1512.37,95.02000000000001,4.859999999999999,0.12,2.28,99.92999999999999,dba8c25b-Ecosystem-Statistics-UPI-Top-50-member-performance-2025-May-Remitter.xlsx,sheet title,1,HDFC Bank,True,100.0
2025-05,2025-05,3,Bank of Baroda,Bank of Baroda,1262.84,91.27,8.64,0.09,2.65,98.59,dba8c25b-Ecosystem-Statistics-UPI-Top-50-member-performance-2025-May-Remitter.xlsx,sheet title,1,Bank of Baroda,True,100.0
2025-05,2025-05,4,Union Bank of India,Union Bank of India,1168.19,93.2,6.72,0.09,2.44,94.06,dba8c25b-Ecosystem-Statistics-UPI-Top-50-member-performance-2025-May-Remitter.xlsx,sheet title,1,Union Bank of India,True,100.01
2025-05,2025-05,5,Punjab National Bank,Punjab National Bank,1068.01,92.60000000000001,7.199999999999999,0.2,2.57,96.74000000000001,dba8c25b-Ecosystem-Statistics-UPI-Top-50-member-performance-2025-May-Remitter.xlsx,sheet title,1,Punjab National Bank,True,100.0
2025-05,2025-05,6,Kotak Mahindra Bank,Kotak Mahindra Bank,927.5,92.4,7.51,0.09,1.84,61.980000000000004,dba8c25b-Ecosystem-Statistics-UPI-Top-50-member-performance-2025-May-Remitter.xlsx,sheet title,1,Kotak Mahindra Bank,True,100.0
2025-05,2025-05,7,Canara Bank,Canara Bank,903.21,93.08999999999999,6.84,0.06999999999999999,1.87,89.9,dba8c25b-Ecosystem-Statistics-UPI-Top-50-member-performance-2025-May-Remitter.xlsx,sheet title,1,Canara Bank,True,100.0
2025-05,2025-05,8,Axis Bank Ltd.,Axis Bank,852.6,94.85,5.1499999999999995,0.0,1.38,99.76,dba8c25b-Ecosystem-Statistics-UPI-Top-50-member-performance-2025-May-Remitter.xlsx,sheet title,1,Axis Bank,True,100.0
2025-05,2025-05,9,ICICI Bank Ltd.,ICICI Bank,713.35,96.15,3.84,0.01,1.01,98.36,dba8c25b-Ecosystem-Statistics-UPI-Top-50-member-performance-2025-May-Remitter.xlsx,sheet title,1,ICICI Bank,True,100.0
2025-05,2025-05,10,Indian Bank,Indian Bank,593.72,92.95,6.74,0.31,1.21,90.4,dba8c25b-Ecosystem-Statistics-UPI-Top-50-member-performance-2025-May-Remitter.xlsx,sheet title,1,Indian Bank,True,100.0
2025-05,2025-05,11,Bank Of India,Bank of India,587.21,92.56,6.4399999999999995,0.9900000000000001,2.86,53.959999999999994,dba8c25b-Ecosystem-Statistics-UPI-Top-50-member-performance-2025-May-Remitter.xlsx,sheet title,1,Bank of India,True,99.99
2025-05,2025-05,12,India Post Payments Bank Limited,India Post Payments Bank,576.1,89.08,10.71,0.21,1.72,92.44,dba8c25b-Ecosystem-Statistics-UPI-Top-50-member-performance-2025-May-Remitter.xlsx,sheet title,1,India Post Payments Bank,True,100.0
2025-05,2025-05,13,Airtel Payments Bank Limited,Airtel Payments Bank,573.79,86.66,12.920000000000002,0.42,2.11,91.47999999999999,dba8c25b-Ecosystem-Statistics-UPI-Top-50-member-performance-2025-May-Remitter.xlsx,sheet title,1,Airtel Payments Bank,True,100.0
2025-05,2025-05,14,Indian Overseas Bank,Indian Overseas Bank,298.9,92.95,6.75,0.3,0.66,96.66,dba8c25b-Ecosystem-Statistics-UPI-Top-50-member-performance-2025-May-Remitter.xlsx,sheet title,1,Indian Overseas Bank,True,100.0
2025-05,2025-05,15,Central Bank of India,Central Bank of India,265.24,88.88000000000001,10.6,0.52,0.85,92.13,dba8c25b-Ecosystem-Statistics-UPI-Top-50-member-performance-2025-May-Remitter.xlsx,sheet title,1,Central Bank of India,True,100.0
2025-05,2025-05,16,UCO Bank,UCO Bank,259.36,91.64999999999999,8.200000000000001,0.15,0.66,89.51,dba8c25b-Ecosystem-Statistics-UPI-Top-50-member-performance-2025-May-Remitter.xlsx,sheet title,1,UCO Bank,True,100.0
2025-05,2025-05,17,Federal Bank Ltd.,Federal Bank,251.18,93.02,6.87,0.11,0.4,98.36,dba8c25b-Ecosystem-Statistics-UPI-Top-50-member-performance-2025-May-Remitter.xlsx,sheet title,1,Federal Bank,True,100.0
2025-05,2025-05,18,Fino Payments Bank Ltd.,Fino Payments Bank,213.85,88.42999999999999,11.33,0.22999999999999998,0.81,72.7,dba8c25b-Ecosystem-Statistics-UPI-Top-50-member-performance-2025-May-Remitter.xlsx,sheet title,1,Fino Payments Bank,True,99.99
2025-05,2025-05,19,Bank of Maharashtra,Bank of Maharashtra,204.66,93.47,6.36,0.18,0.58,74.16,dba8c25b-Ecosystem-Statistics-UPI-Top-50-member-performance-2025-May-Remitter.xlsx,sheet title,1,Bank of Maharashtra,True,100.01
2025-05,2025-05,20,Indusind Bank Ltd.,IndusInd Bank,203.19,90.35,9.48,0.16,0.61,74.39,dba8c25b-Ecosystem-Statistics-UPI-Top-50-member-performance-2025-May-Remitter.xlsx,sheet title,1,IndusInd Bank,True,99.99
2025-05,2025-05,21,IDBI Bank Ltd.,IDBI Bank,199.11,93.43,6.1,0.47000000000000003,0.72,85.19,dba8c25b-Ecosystem-Statistics-UPI-Top-50-member-performance-2025-May-Remitter.xlsx,sheet title,1,IDBI Bank,True,100.0
2025-05,2025-05,22,Yes Bank Ltd.,YES Bank,175.35,92.04,7.870000000000001,0.09,0.26,78.73,dba8c25b-Ecosystem-Statistics-UPI-Top-50-member-performance-2025-May-Remitter.xlsx,sheet title,1,YES Bank,True,100.0
2025-05,2025-05,23,Karnataka Bank,Karnataka Bank,140.77,92.33,7.449999999999999,0.21,0.34,81.08999999999999,dba8c25b-Ecosystem-Statistics-UPI-Top-50-member-performance-2025-May-Remitter.xlsx,sheet title,1,Karnataka Bank,True,99.99
2025-05,2025-05,24,IDFC Bank Ltd.,IDFC FIRST Bank,113.06,93.44,6.510000000000001,0.05,0.22,90.55,dba8c25b-Ecosystem-Statistics-UPI-Top-50-member-performance-2025-May-Remitter.xlsx,sheet title,1,IDFC FIRST Bank,True,100.0
2025-05,2025-05,25,Tri O Tech Solutions Private Limited,Tri O Tech Solutions,110.06,100.0,0.0,0.0,,0.0,dba8c25b-Ecosystem-Statistics-UPI-Top-50-member-performance-2025-May-Remitter.xlsx,sheet title,1,Tri O Tech Solutions,False,100.0
2025-05,2025-05,26,The Jammu & Kashmir Bank Limited,Jammu & Kashmir Bank,96.68,92.36999999999999,6.45,1.18,0.7,38.440000000000005,dba8c25b-Ecosystem-Statistics-UPI-Top-50-member-performance-2025-May-Remitter.xlsx,sheet title,1,Jammu & Kashmir Bank,True,100.0
2025-05,2025-05,27,Karur Vysya Bank,Karur Vysya Bank,90.61,93.23,6.619999999999999,0.13999999999999999,0.19,88.09,dba8c25b-Ecosystem-Statistics-UPI-Top-50-member-performance-2025-May-Remitter.xlsx,sheet title,1,Karur Vysya Bank,True,99.99
2025-05,2025-05,28,Bandhan Bank limited,Bandhan Bank,86.69,94.47,5.29,0.24,0.28,92.82000000000001,dba8c25b-Ecosystem-Statistics-UPI-Top-50-member-performance-2025-May-Remitter.xlsx,sheet title,1,Bandhan Bank,True,100.0
2025-05,2025-05,29,AU Small Finance Bank,AU Small Finance Bank,73.85,90.28,9.43,0.29,0.2,89.87,dba8c25b-Ecosystem-Statistics-UPI-Top-50-member-performance-2025-May-Remitter.xlsx,sheet title,1,AU Small Finance Bank,True,100.0
2025-05,2025-05,30,The South Indian Bank Limited,South Indian Bank,69.84,94.78,5.11,0.11,0.1,98.07000000000001,dba8c25b-Ecosystem-Statistics-UPI-Top-50-member-performance-2025-May-Remitter.xlsx,sheet title,1,South Indian Bank,True,100.0
2025-05,2025-05,31,Punjab and Sind Bank,Punjab & Sind Bank,56.71,91.83,7.64,0.53,0.28,79.08,dba8c25b-Ecosystem-Statistics-UPI-Top-50-member-performance-2025-May-Remitter.xlsx,sheet title,1,Punjab & Sind Bank,True,100.0
2025-05,2025-05,32,City Union Bank,City Union Bank,53.56,92.11,7.720000000000001,0.16999999999999998,0.09,99.07000000000001,dba8c25b-Ecosystem-Statistics-UPI-Top-50-member-performance-2025-May-Remitter.xlsx,sheet title,1,City Union Bank,True,100.0
2025-05,2025-05,33,Ujjivan Small Finance Bank Limited,Ujjivan Small Finance Bank,52.91,93.19,6.619999999999999,0.19,0.13,91.42,dba8c25b-Ecosystem-Statistics-UPI-Top-50-member-performance-2025-May-Remitter.xlsx,sheet title,1,Ujjivan Small Finance Bank,True,100.0
2025-05,2025-05,34,Tamilnad Mercantile Bank Limited,Tamilnad Mercantile Bank,52.51,92.78,7.049999999999999,0.16999999999999998,0.09,92.46,dba8c25b-Ecosystem-Statistics-UPI-Top-50-member-performance-2025-May-Remitter.xlsx,sheet title,1,Tamilnad Mercantile Bank,True,100.0
2025-05,2025-05,35,JIO Payments Bank Ltd,Jio Payments Bank,52.13,83.89,15.36,0.74,0.31,86.75,dba8c25b-Ecosystem-Statistics-UPI-Top-50-member-performance-2025-May-Remitter.xlsx,sheet title,1,Jio Payments Bank,True,99.99
2025-05,2025-05,36,Baroda U.P. Bank,Baroda UP Gramin Bank,45.69,91.47999999999999,6.4799999999999995,2.04,0.39,35.160000000000004,dba8c25b-Ecosystem-Statistics-UPI-Top-50-member-performance-2025-May-Remitter.xlsx,sheet title,1,Baroda UP Gramin Bank,True,100.0
2025-05,2025-05,37,Kerala Gramin Bank,Kerala Gramin Bank,44.18,91.81,7.17,1.02,0.32,68.37,dba8c25b-Ecosystem-Statistics-UPI-Top-50-member-performance-2025-May-Remitter.xlsx,sheet title,1,Kerala Gramin Bank,True,100.0
2025-05,2025-05,38,Telangana Grameena Bank,Telangana Grameena Bank,37.79,88.89,10.41,0.7000000000000001,0.23,72.72,dba8c25b-Ecosystem-Statistics-UPI-Top-50-member-performance-2025-May-Remitter.xlsx,sheet title,1,Telangana Grameena Bank,True,100.0
2025-05,2025-05,39,RBL Bank Ltd.,RBL Bank,35.46,93.76,5.57,0.67,0.1,61.82,dba8c25b-Ecosystem-Statistics-UPI-Top-50-member-performance-2025-May-Remitter.xlsx,sheet title,1,RBL Bank,True,100.0
2025-05,2025-05,40,Maharashtra Gramin Bank,Maharashtra Gramin Bank,35.09,86.13,12.35,1.52,0.18,62.949999999999996,dba8c25b-Ecosystem-Statistics-UPI-Top-50-member-performance-2025-May-Remitter.xlsx,sheet title,1,Maharashtra Gramin Bank,True,100.0
2025-05,2025-05,41,NSDL Payments Bank Limited,NSDL Payments Bank,35.02,84.06,15.479999999999999,0.44999999999999996,0.17,77.48,dba8c25b-Ecosystem-Statistics-UPI-Top-50-member-performance-2025-May-Remitter.xlsx,sheet title,1,NSDL Payments Bank,True,99.99
2025-05,2025-05,42,Karnataka Gramin Bank,Karnataka Gramin Bank,34.59,89.38000000000001,9.26,1.3599999999999999,0.32,52.339999999999996,dba8c25b-Ecosystem-Statistics-UPI-Top-50-member-performance-2025-May-Remitter.xlsx,sheet title,1,Karnataka Gramin Bank,True,100.0
2025-05,2025-05,43,Rajasthan Marudhara Gramin Bank,Rajasthan Marudhara Gramin Bank,32.88,86.88,12.5,0.62,0.18,33.489999999999995,dba8c25b-Ecosystem-Statistics-UPI-Top-50-member-performance-2025-May-Remitter.xlsx,sheet title,1,Rajasthan Marudhara Gramin Bank,True,100.0
2025-05,2025-05,44,ESAF Small Finance Bank Ltd,ESAF Small Finance Bank,32.02,95.76,4.06,0.19,0.07,92.80000000000001,dba8c25b-Ecosystem-Statistics-UPI-Top-50-member-performance-2025-May-Remitter.xlsx,sheet title,1,ESAF Small Finance Bank,True,100.01
2025-05,2025-05,45,DBS Bank India Limited,DBS Bank India,31.69,93.36,6.529999999999999,0.12,0.06,94.01,dba8c25b-Ecosystem-Statistics-UPI-Top-50-member-performance-2025-May-Remitter.xlsx,sheet title,1,DBS Bank India,True,100.01
2025-05,2025-05,46,Equitas Small Finance Bank,Equitas Small Finance Bank,30.47,91.32000000000001,8.469999999999999,0.21,0.07,98.98,dba8c25b-Ecosystem-Statistics-UPI-Top-50-member-performance-2025-May-Remitter.xlsx,sheet title,1,Equitas Small Finance Bank,True,100.0
2025-05,2025-05,47,Saraswat Co-operative Bank,Saraswat Co-operative Bank,28.72,95.09,4.88,0.04,0.05,99.03,dba8c25b-Ecosystem-Statistics-UPI-Top-50-member-performance-2025-May-Remitter.xlsx,sheet title,1,Saraswat Co-operative Bank,True,100.01
2025-05,2025-05,48,Andhra Pragathi Grameena Bank,Andhra Pragathi Grameena Bank,28.62,84.84,12.31,2.85,0.18,38.41,dba8c25b-Ecosystem-Statistics-UPI-Top-50-member-performance-2025-May-Remitter.xlsx,sheet title,1,Andhra Pragathi Grameena Bank,True,100.0
2025-05,2025-05,49,Standard Chartered Bank,Standard Chartered Bank,28.24,95.89,3.6700000000000004,0.43,0.08,43.419999999999995,dba8c25b-Ecosystem-Statistics-UPI-Top-50-member-performance-2025-May-Remitter.xlsx,sheet title,1,Standard Chartered Bank,True,99.99
2025-05,2025-05,50,Sarva Haryana Gramin Bank,Sarva Haryana Gramin Bank,26.07,90.16999999999999,6.959999999999999,2.87,0.28,43.62,dba8c25b-Ecosystem-Statistics-UPI-Top-50-member-performance-2025-May-Remitter.xlsx,sheet title,1,Sarva Haryana Gramin Bank,True,100.0
2025-06,2025-06,1,State Bank of India,State Bank of India,4917.29,93.64,5.82,0.54,12.9,98.27,cfabea93-Ecosystem-Statistics-UPI-Top-50-member-performance-2025-Jun-Remitter.xlsx,sheet title,1,State Bank of India,True,100.0
2025-06,2025-06,2,HDFC Bank Ltd.,HDFC Bank,1472.04,95.3,4.62,0.08,1.8,99.45,cfabea93-Ecosystem-Statistics-UPI-Top-50-member-performance-2025-Jun-Remitter.xlsx,sheet title,1,HDFC Bank,True,100.0
2025-06,2025-06,3,Bank of Baroda,Bank of Baroda,1239.11,91.09,8.88,0.03,3.01,98.54,cfabea93-Ecosystem-Statistics-UPI-Top-50-member-performance-2025-Jun-Remitter.xlsx,sheet title,1,Bank of Baroda,True,100.0
2025-06,2025-06,4,Union Bank of India,Union Bank of India,1144.76,92.95,6.94,0.11,2.71,88.94,cfabea93-Ecosystem-Statistics-UPI-Top-50-member-performance-2025-Jun-Remitter.xlsx,sheet title,1,Union Bank of India,True,100.0
2025-06,2025-06,5,Punjab National Bank,Punjab National Bank,1053.0,92.38,7.59,0.02,2.67,99.00999999999999,cfabea93-Ecosystem-Statistics-UPI-Top-50-member-performance-2025-Jun-Remitter.xlsx,sheet title,1,Punjab National Bank,True,99.99
2025-06,2025-06,6,Kotak Mahindra Bank,Kotak Mahindra Bank,906.5,92.47999999999999,7.489999999999999,0.04,1.92,97.08,cfabea93-Ecosystem-Statistics-UPI-Top-50-member-performance-2025-Jun-Remitter.xlsx,sheet title,1,Kotak Mahindra Bank,True,100.01
2025-06,2025-06,7,Canara Bank,Canara Bank,889.37,92.85,6.83,0.32,2.61,67.38,cfabea93-Ecosystem-Statistics-UPI-Top-50-member-performance-2025-Jun-Remitter.xlsx,sheet title,1,Canara Bank,True,100.0
2025-06,2025-06,8,Axis Bank Ltd.,Axis Bank,834.65,94.52000000000001,5.12,0.36,2.15,69.54,cfabea93-Ecosystem-Statistics-UPI-Top-50-member-performance-2025-Jun-Remitter.xlsx,sheet title,1,Axis Bank,True,100.0
2025-06,2025-06,9,ICICI Bank Ltd.,ICICI Bank,696.88,96.24000000000001,3.74,0.03,1.15,96.02000000000001,cfabea93-Ecosystem-Statistics-UPI-Top-50-member-performance-2025-Jun-Remitter.xlsx,sheet title,1,ICICI Bank,True,100.01
2025-06,2025-06,10,Indian Bank,Indian Bank,586.64,93.23,6.69,0.08,1.15,97.61999999999999,cfabea93-Ecosystem-Statistics-UPI-Top-50-member-performance-2025-Jun-Remitter.xlsx,sheet title,1,Indian Bank,True,100.0
2025-06,2025-06,11,India Post Payments Bank Limited,India Post Payments Bank,580.38,88.94999999999999,10.65,0.41000000000000003,2.15,84.83000000000001,cfabea93-Ecosystem-Statistics-UPI-Top-50-member-performance-2025-Jun-Remitter.xlsx,sheet title,1,India Post Payments Bank,True,100.01
2025-06,2025-06,12,Bank Of India,Bank of India,570.58,92.86999999999999,5.83,1.3,3.53,45.85,cfabea93-Ecosystem-Statistics-UPI-Top-50-member-performance-2025-Jun-Remitter.xlsx,sheet title,1,Bank of India,True,100.0
2025-06,2025-06,13,Airtel Payments Bank Limited,Airtel Payments Bank,569.33,87.08,12.520000000000001,0.4,2.02,94.49,cfabea93-Ecosystem-Statistics-UPI-Top-50-member-performance-2025-Jun-Remitter.xlsx,sheet title,1,Airtel Payments Bank,True,100.0
2025-06,2025-06,14,Indian Overseas Bank,Indian Overseas Bank,298.47,92.75999999999999,6.78,0.44999999999999996,0.72,97.39,cfabea93-Ecosystem-Statistics-UPI-Top-50-member-performance-2025-Jun-Remitter.xlsx,sheet title,1,Indian Overseas Bank,True,99.99
2025-06,2025-06,15,Central Bank of India,Central Bank of India,265.57,91.64,7.9399999999999995,0.42,0.97,87.0,cfabea93-Ecosystem-Statistics-UPI-Top-50-member-performance-2025-Jun-Remitter.xlsx,sheet title,1,Central Bank of India,True,100.0
2025-06,2025-06,16,UCO Bank,UCO Bank,254.42,91.81,7.779999999999999,0.41000000000000003,0.95,84.50999999999999,cfabea93-Ecosystem-Statistics-UPI-Top-50-member-performance-2025-Jun-Remitter.xlsx,sheet title,1,UCO Bank,True,100.0
2025-06,2025-06,17,Federal Bank Ltd.,Federal Bank,242.1,93.38,6.6000000000000005,0.02,0.42,95.94,cfabea93-Ecosystem-Statistics-UPI-Top-50-member-performance-2025-Jun-Remitter.xlsx,sheet title,1,Federal Bank,True,100.0
2025-06,2025-06,18,Fino Payments Bank Ltd.,Fino Payments Bank,209.27,87.38,11.74,0.88,0.9,77.08,cfabea93-Ecosystem-Statistics-UPI-Top-50-member-performance-2025-Jun-Remitter.xlsx,sheet title,1,Fino Payments Bank,True,100.0
2025-06,2025-06,19,Bank of Maharashtra,Bank of Maharashtra,200.61,93.58999999999999,6.38,0.03,0.46,96.05,cfabea93-Ecosystem-Statistics-UPI-Top-50-member-performance-2025-Jun-Remitter.xlsx,sheet title,1,Bank of Maharashtra,True,100.0
2025-06,2025-06,20,Indusind Bank Ltd.,IndusInd Bank,196.57,89.94,9.41,0.64,0.93,51.629999999999995,cfabea93-Ecosystem-Statistics-UPI-Top-50-member-performance-2025-Jun-Remitter.xlsx,sheet title,1,IndusInd Bank,True,99.99
2025-06,2025-06,21,IDBI Bank Ltd.,IDBI Bank,193.91,93.65,6.08,0.27,0.53,84.41,cfabea93-Ecosystem-Statistics-UPI-Top-50-member-performance-2025-Jun-Remitter.xlsx,sheet title,1,IDBI Bank,True,100.0
2025-06,2025-06,22,Yes Bank Ltd.,YES Bank,180.35,92.55,7.37,0.08,0.25,85.72,cfabea93-Ecosystem-Statistics-UPI-Top-50-member-performance-2025-Jun-Remitter.xlsx,sheet title,1,YES Bank,True,100.0
2025-06,2025-06,23,Karnataka Bank,Karnataka Bank,138.5,92.41,7.340000000000001,0.25,0.35,77.32,cfabea93-Ecosystem-Statistics-UPI-Top-50-member-performance-2025-Jun-Remitter.xlsx,sheet title,1,Karnataka Bank,True,100.0
2025-06,2025-06,24,Tri O Tech Solutions Private Limited,Tri O Tech Solutions,112.44,100.0,0.0,0.0,,0.0,cfabea93-Ecosystem-Statistics-UPI-Top-50-member-performance-2025-Jun-Remitter.xlsx,sheet title,1,Tri O Tech Solutions,False,100.0
2025-06,2025-06,25,IDFC Bank Ltd.,IDFC FIRST Bank,112.34,93.54,6.32,0.13999999999999999,0.25,83.8,cfabea93-Ecosystem-Statistics-UPI-Top-50-member-performance-2025-Jun-Remitter.xlsx,sheet title,1,IDFC FIRST Bank,True,100.0
2025-06,2025-06,26,The Jammu & Kashmir Bank Limited,Jammu & Kashmir Bank,97.27,93.34,5.92,0.73,0.64,41.11,cfabea93-Ecosystem-Statistics-UPI-Top-50-member-performance-2025-Jun-Remitter.xlsx,sheet title,1,Jammu & Kashmir Bank,True,99.99
2025-06,2025-06,27,Karur Vysya Bank,Karur Vysya Bank,89.99,93.12,6.59,0.29,0.18,92.25999999999999,cfabea93-Ecosystem-Statistics-UPI-Top-50-member-performance-2025-Jun-Remitter.xlsx,sheet title,1,Karur Vysya Bank,True,100.0
2025-06,2025-06,28,Bandhan Bank limited,Bandhan Bank,84.89,94.23,5.28,0.49,0.29,93.99,cfabea93-Ecosystem-Statistics-UPI-Top-50-member-performance-2025-Jun-Remitter.xlsx,sheet title,1,Bandhan Bank,True,100.0
2025-06,2025-06,29,AU Small Finance Bank,AU Small Finance Bank,72.91,90.35,9.610000000000001,0.04,0.21,92.05,cfabea93-Ecosystem-Statistics-UPI-Top-50-member-performance-2025-Jun-Remitter.xlsx,sheet title,1,AU Small Finance Bank,True,100.0
2025-06,2025-06,30,The South Indian Bank Limited,South Indian Bank,68.49,94.67,5.13,0.19,0.1,98.72999999999999,cfabea93-Ecosystem-Statistics-UPI-Top-50-member-performance-2025-Jun-Remitter.xlsx,sheet title,1,South Indian Bank,True,99.99
2025-06,2025-06,31,Punjab and Sind Bank,Punjab & Sind Bank,55.07,91.18,7.76,1.06,0.35,71.82,cfabea93-Ecosystem-Statistics-UPI-Top-50-member-performance-2025-Jun-Remitter.xlsx,sheet title,1,Punjab & Sind Bank,True,100.0
2025-06,2025-06,32,City Union Bank,City Union Bank,52.89,92.2,7.59,0.2,0.08,99.33,cfabea93-Ecosystem-Statistics-UPI-Top-50-member-performance-2025-Jun-Remitter.xlsx,sheet title,1,City Union Bank,True,99.99
2025-06,2025-06,33,Ujjivan Small Finance Bank Limited,Ujjivan Small Finance Bank,52.39,91.45,8.25,0.3,0.14,87.38,cfabea93-Ecosystem-Statistics-UPI-Top-50-member-performance-2025-Jun-Remitter.xlsx,sheet title,1,Ujjivan Small Finance Bank,True,100.0
2025-06,2025-06,34,Tamilnad Mercantile Bank Limited,Tamilnad Mercantile Bank,52.32,93.04,6.81,0.15,0.08,72.68,cfabea93-Ecosystem-Statistics-UPI-Top-50-member-performance-2025-Jun-Remitter.xlsx,sheet title,1,Tamilnad Mercantile Bank,True,100.0
2025-06,2025-06,35,JIO Payments Bank Ltd,Jio Payments Bank,52.13,85.91,13.08,1.01,0.38,92.66,cfabea93-Ecosystem-Statistics-UPI-Top-50-member-performance-2025-Jun-Remitter.xlsx,sheet title,1,Jio Payments Bank,True,100.0
2025-06,2025-06,36,Baroda U.P. Bank,Baroda UP Gramin Bank,44.19,93.21000000000001,5.56,1.23,0.28,53.690000000000005,cfabea93-Ecosystem-Statistics-UPI-Top-50-member-performance-2025-Jun-Remitter.xlsx,sheet title,1,Baroda UP Gramin Bank,True,100.0
2025-06,2025-06,37,Kerala Gramin Bank,Kerala Gramin Bank,43.3,91.63,6.78,1.58,0.34,73.04,cfabea93-Ecosystem-Statistics-UPI-Top-50-member-performance-2025-Jun-Remitter.xlsx,sheet title,1,Kerala Gramin Bank,True,99.99
2025-06,2025-06,38,Telangana Grameena Bank,Telangana Grameena Bank,41.11,87.07000000000001,10.14,2.79,0.28,65.85,cfabea93-Ecosystem-Statistics-UPI-Top-50-member-performance-2025-Jun-Remitter.xlsx,sheet title,1,Telangana Grameena Bank,True,100.0
2025-06,2025-06,39,NSDL Payments Bank Limited,NSDL Payments Bank,38.69,85.05,14.21,0.74,0.22,77.12,cfabea93-Ecosystem-Statistics-UPI-Top-50-member-performance-2025-Jun-Remitter.xlsx,sheet title,1,NSDL Payments Bank,True,100.0
2025-06,2025-06,40,Karnataka Gramin Bank,Karnataka Gramin Bank,34.24,88.11,9.33,2.56,0.29,64.60000000000001,cfabea93-Ecosystem-Statistics-UPI-Top-50-member-performance-2025-Jun-Remitter.xlsx,sheet title,1,Karnataka Gramin Bank,True,100.0
2025-06,2025-06,41,Maharashtra Gramin Bank,Maharashtra Gramin Bank,34.01,86.29,12.86,0.8500000000000001,0.14,57.19,cfabea93-Ecosystem-Statistics-UPI-Top-50-member-performance-2025-Jun-Remitter.xlsx,sheet title,1,Maharashtra Gramin Bank,True,100.0
2025-06,2025-06,42,Rajasthan Marudhara Gramin Bank,Rajasthan Marudhara Gramin Bank,33.3,86.72999999999999,11.81,1.47,0.17,73.69,cfabea93-Ecosystem-Statistics-UPI-Top-50-member-performance-2025-Jun-Remitter.xlsx,sheet title,1,Rajasthan Marudhara Gramin Bank,True,100.01
2025-06,2025-06,43,RBL Bank Ltd.,RBL Bank,32.16,93.89,5.88,0.22999999999999998,0.07,61.68,cfabea93-Ecosystem-Statistics-UPI-Top-50-member-performance-2025-Jun-Remitter.xlsx,sheet title,1,RBL Bank,True,100.0
2025-06,2025-06,44,ESAF Small Finance Bank Ltd,ESAF Small Finance Bank,31.54,95.88,4.02,0.1,0.07,94.0,cfabea93-Ecosystem-Statistics-UPI-Top-50-member-performance-2025-Jun-Remitter.xlsx,sheet title,1,ESAF Small Finance Bank,True,100.0
2025-06,2025-06,45,DBS Bank India Limited,DBS Bank India,30.55,93.28999999999999,6.52,0.19,0.07,87.06,cfabea93-Ecosystem-Statistics-UPI-Top-50-member-performance-2025-Jun-Remitter.xlsx,sheet title,1,DBS Bank India,True,100.0
2025-06,2025-06,46,Andhra Pragathi Grameena Bank,Andhra Pragathi Grameena Bank,29.66,83.04,12.7,4.26,0.23,63.9,cfabea93-Ecosystem-Statistics-UPI-Top-50-member-performance-2025-Jun-Remitter.xlsx,sheet title,1,Andhra Pragathi Grameena Bank,True,100.0
2025-06,2025-06,47,Equitas Small Finance Bank,Equitas Small Finance Bank,28.87,91.34,8.66,0.0,0.07,99.13,cfabea93-Ecosystem-Statistics-UPI-Top-50-member-performance-2025-Jun-Remitter.xlsx,sheet title,1,Equitas Small Finance Bank,True,100.0
2025-06,2025-06,48,Saraswat Co-operative Bank,Saraswat Co-operative Bank,28.21,94.61,5.3,0.08,0.06,89.18,cfabea93-Ecosystem-Statistics-UPI-Top-50-member-performance-2025-Jun-Remitter.xlsx,sheet title,1,Saraswat Co-operative Bank,True,99.99
2025-06,2025-06,49,Sarva Haryana Gramin Bank,Sarva Haryana Gramin Bank,24.99,94.6,4.55,0.84,0.14,64.95,cfabea93-Ecosystem-Statistics-UPI-Top-50-member-performance-2025-Jun-Remitter.xlsx,sheet title,1,Sarva Haryana Gramin Bank,True,99.99
2025-06,2025-06,50,Standard Chartered Bank,Standard Chartered Bank,24.78,95.78,3.88,0.33,0.05,74.66000000000001,cfabea93-Ecosystem-Statistics-UPI-Top-50-member-performance-2025-Jun-Remitter.xlsx,sheet title,1,Standard Chartered Bank,True,99.99
2025-07,2025-07,1,State Bank of India,State Bank of India,5214.74,93.22,6.17,0.61,17.16,63.71,03c637a8-Ecosystem-Statistics-UPI-Top-50-member-performance-2025-Jul-Remitter.xlsx,sheet title,1,State Bank of India,True,100.0
2025-07,2025-07,2,HDFC Bank Ltd.,HDFC Bank,1543.98,95.16,4.760000000000001,0.08,0.44,99.92,03c637a8-Ecosystem-Statistics-UPI-Top-50-member-performance-2025-Jul-Remitter.xlsx,sheet title,1,HDFC Bank,True,100.0
2025-07,2025-07,3,Bank of Baroda,Bank of Baroda,1328.01,90.7,9.08,0.22,3.73,97.68,03c637a8-Ecosystem-Statistics-UPI-Top-50-member-performance-2025-Jul-Remitter.xlsx,sheet title,1,Bank of Baroda,True,100.0
2025-07,2025-07,4,Union Bank of India,Union Bank of India,1200.25,92.81,6.98,0.2,3.44,85.92999999999999,03c637a8-Ecosystem-Statistics-UPI-Top-50-member-performance-2025-Jul-Remitter.xlsx,sheet title,1,Union Bank of India,True,99.99
2025-07,2025-07,5,Punjab National Bank,Punjab National Bank,1106.8,91.41,8.39,0.19,3.55,98.66,03c637a8-Ecosystem-Statistics-UPI-Top-50-member-performance-2025-Jul-Remitter.xlsx,sheet title,1,Punjab National Bank,True,99.99
2025-07,2025-07,6,Kotak Mahindra Bank,Kotak Mahindra Bank,960.38,92.29,7.6899999999999995,0.02,2.18,97.86,03c637a8-Ecosystem-Statistics-UPI-Top-50-member-performance-2025-Jul-Remitter.xlsx,sheet title,1,Kotak Mahindra Bank,True,100.0
2025-07,2025-07,7,Canara Bank,Canara Bank,942.67,92.65,7.109999999999999,0.24,2.84,82.15,03c637a8-Ecosystem-Statistics-UPI-Top-50-member-performance-2025-Jul-Remitter.xlsx,sheet title,1,Canara Bank,True,100.0
2025-07,2025-07,8,Axis Bank Ltd.,Axis Bank,875.5,94.64,5.33,0.04,1.8,97.82,03c637a8-Ecosystem-Statistics-UPI-Top-50-member-performance-2025-Jul-Remitter.xlsx,sheet title,1,Axis Bank,True,100.01
2025-07,2025-07,9,ICICI Bank Ltd.,ICICI Bank,735.99,96.08,3.8899999999999997,0.02,1.33,97.72,03c637a8-Ecosystem-Statistics-UPI-Top-50-member-performance-2025-Jul-Remitter.xlsx,sheet title,1,ICICI Bank,True,99.99
2025-07,2025-07,10,India Post Payments Bank Limited,India Post Payments Bank,637.61,88.72,11.16,0.12,2.33,99.38,03c637a8-Ecosystem-Statistics-UPI-Top-50-member-performance-2025-Jul-Remitter.xlsx,sheet title,1,India Post Payments Bank,True,100.0
2025-07,2025-07,11,Indian Bank,Indian Bank,631.57,92.54,7.21,0.25,1.67,87.13,03c637a8-Ecosystem-Statistics-UPI-Top-50-member-performance-2025-Jul-Remitter.xlsx,sheet title,1,Indian Bank,True,100.0
2025-07,2025-07,12,Airtel Payments Bank Limited,Airtel Payments Bank,615.75,85.84,14.06,0.11,2.35,98.21,03c637a8-Ecosystem-Statistics-UPI-Top-50-member-performance-2025-Jul-Remitter.xlsx,sheet title,1,Airtel Payments Bank,True,100.01
2025-07,2025-07,13,Bank Of India,Bank of India,606.19,91.22,6.34,2.44,3.87,54.97,03c637a8-Ecosystem-Statistics-UPI-Top-50-member-performance-2025-Jul-Remitter.xlsx,sheet title,1,Bank of India,True,100.0
2025-07,2025-07,14,Indian Overseas Bank,Indian Overseas Bank,322.83,91.31,7.920000000000001,0.76,1.96,58.099999999999994,03c637a8-Ecosystem-Statistics-UPI-Top-50-member-performance-2025-Jul-Remitter.xlsx,sheet title,1,Indian Overseas Bank,True,99.99
2025-07,2025-07,15,Central Bank of India,Central Bank of India,292.2,91.16,8.03,0.8099999999999999,1.41,78.47,03c637a8-Ecosystem-Statistics-UPI-Top-50-member-performance-2025-Jul-Remitter.xlsx,sheet title,1,Central Bank of India,True,100.0
2025-07,2025-07,16,UCO Bank,UCO Bank,273.67,91.41,8.42,0.18,0.91,88.53999999999999,03c637a8-Ecosystem-Statistics-UPI-Top-50-member-performance-2025-Jul-Remitter.xlsx,sheet title,1,UCO Bank,True,100.01
2025-07,2025-07,17,Federal Bank Ltd.,Federal Bank,257.37,93.17999999999999,6.710000000000001,0.11,0.55,97.09,03c637a8-Ecosystem-Statistics-UPI-Top-50-member-performance-2025-Jul-Remitter.xlsx,sheet title,1,Federal Bank,True,100.0
2025-07,2025-07,18,Fino Payments Bank Ltd.,Fino Payments Bank,223.0,86.83,12.53,0.64,0.93,90.45,03c637a8-Ecosystem-Statistics-UPI-Top-50-member-performance-2025-Jul-Remitter.xlsx,sheet title,1,Fino Payments Bank,True,100.0
2025-07,2025-07,19,Bank of Maharashtra,Bank of Maharashtra,213.67,93.27,6.6000000000000005,0.13,0.56,92.75999999999999,03c637a8-Ecosystem-Statistics-UPI-Top-50-member-performance-2025-Jul-Remitter.xlsx,sheet title,1,Bank of Maharashtra,True,100.0
2025-07,2025-07,20,Indusind Bank Ltd.,IndusInd Bank,211.2,89.96,9.93,0.1,0.72,80.64,03c637a8-Ecosystem-Statistics-UPI-Top-50-member-performance-2025-Jul-Remitter.xlsx,sheet title,1,IndusInd Bank,True,99.99
2025-07,2025-07,21,IDBI Bank Ltd.,IDBI Bank,204.29,93.45,6.329999999999999,0.22,0.67,88.0,03c637a8-Ecosystem-Statistics-UPI-Top-50-member-performance-2025-Jul-Remitter.xlsx,sheet title,1,IDBI Bank,True,100.0
2025-07,2025-07,22,Yes Bank Ltd.,YES Bank,203.24,92.22,7.68,0.11,0.29,86.92,03c637a8-Ecosystem-Statistics-UPI-Top-50-member-performance-2025-Jul-Remitter.xlsx,sheet title,1,YES Bank,True,100.01
2025-07,2025-07,23,Karnataka Bank,Karnataka Bank,140.62,92.17999999999999,7.41,0.41000000000000003,0.4,75.69,03c637a8-Ecosystem-Statistics-UPI-Top-50-member-performance-2025-Jul-Remitter.xlsx,sheet title,1,Karnataka Bank,True,100.0
2025-07,2025-07,24,Tri O Tech Solutions Private Limited,Tri O Tech Solutions,124.55,100.0,0.0,0.0,,0.0,03c637a8-Ecosystem-Statistics-UPI-Top-50-member-performance-2025-Jul-Remitter.xlsx,sheet title,1,Tri O Tech Solutions,False,100.0
2025-07,2025-07,25,IDFC Bank Ltd.,IDFC FIRST Bank,118.94,93.26,6.550000000000001,0.18,0.32,83.17999999999999,03c637a8-Ecosystem-Statistics-UPI-Top-50-member-performance-2025-Jul-Remitter.xlsx,sheet title,1,IDFC FIRST Bank,True,99.99
2025-07,2025-07,26,The Jammu & Kashmir Bank Limited,Jammu & Kashmir Bank,106.4,88.64,5.56,5.79,2.28,11.940000000000001,03c637a8-Ecosystem-Statistics-UPI-Top-50-member-performance-2025-Jul-Remitter.xlsx,sheet title,1,Jammu & Kashmir Bank,True,99.99
2025-07,2025-07,27,Karur Vysya Bank,Karur Vysya Bank,95.01,92.55,6.64,0.8099999999999999,0.39,65.16,03c637a8-Ecosystem-Statistics-UPI-Top-50-member-performance-2025-Jul-Remitter.xlsx,sheet title,1,Karur Vysya Bank,True,100.0
2025-07,2025-07,28,Bandhan Bank limited,Bandhan Bank,90.18,93.92,5.41,0.67,0.39,82.42,03c637a8-Ecosystem-Statistics-UPI-Top-50-member-performance-2025-Jul-Remitter.xlsx,sheet title,1,Bandhan Bank,True,100.0
2025-07,2025-07,29,AU Small Finance Bank,AU Small Finance Bank,77.71,89.21,10.11,0.6799999999999999,0.34,70.5,03c637a8-Ecosystem-Statistics-UPI-Top-50-member-performance-2025-Jul-Remitter.xlsx,sheet title,1,AU Small Finance Bank,True,100.0
2025-07,2025-07,30,The South Indian Bank Limited,South Indian Bank,72.87,94.67999999999999,5.08,0.24,0.15,99.26,03c637a8-Ecosystem-Statistics-UPI-Top-50-member-performance-2025-Jul-Remitter.xlsx,sheet title,1,South Indian Bank,True,100.0
2025-07,2025-07,31,JIO Payments Bank Ltd,Jio Payments Bank,58.03,86.07000000000001,12.540000000000001,1.39,0.53,84.05,03c637a8-Ecosystem-Statistics-UPI-Top-50-member-performance-2025-Jul-Remitter.xlsx,sheet title,1,Jio Payments Bank,True,100.0
2025-07,2025-07,32,Punjab and Sind Bank,Punjab & Sind Bank,57.19,90.96,8.17,0.8699999999999999,0.33,76.2,03c637a8-Ecosystem-Statistics-UPI-Top-50-member-performance-2025-Jul-Remitter.xlsx,sheet title,1,Punjab & Sind Bank,True,100.0
2025-07,2025-07,33,City Union Bank,City Union Bank,56.65,92.30000000000001,7.5600000000000005,0.13999999999999999,0.13,99.87,03c637a8-Ecosystem-Statistics-UPI-Top-50-member-performance-2025-Jul-Remitter.xlsx,sheet title,1,City Union Bank,True,100.0
2025-07,2025-07,34,Tamilnad Mercantile Bank Limited,Tamilnad Mercantile Bank,55.91,91.44,7.290000000000001,1.27,0.24,67.84,03c637a8-Ecosystem-Statistics-UPI-Top-50-member-performance-2025-Jul-Remitter.xlsx,sheet title,1,Tamilnad Mercantile Bank,True,100.0
2025-07,2025-07,35,Ujjivan Small Finance Bank Limited,Ujjivan Small Finance Bank,54.99,89.92,8.92,1.16,0.19,80.13,03c637a8-Ecosystem-Statistics-UPI-Top-50-member-performance-2025-Jul-Remitter.xlsx,sheet title,1,Ujjivan Small Finance Bank,True,100.0
2025-07,2025-07,36,Baroda U.P. Bank,Baroda UP Gramin Bank,48.24,92.71000000000001,5.609999999999999,1.68,0.32,56.53,03c637a8-Ecosystem-Statistics-UPI-Top-50-member-performance-2025-Jul-Remitter.xlsx,sheet title,1,Baroda UP Gramin Bank,True,100.0
2025-07,2025-07,37,Kerala Gramin Bank,Kerala Gramin Bank,46.93,91.33,7.04,1.6400000000000001,0.42,85.31,03c637a8-Ecosystem-Statistics-UPI-Top-50-member-performance-2025-Jul-Remitter.xlsx,sheet title,1,Kerala Gramin Bank,True,100.01
2025-07,2025-07,38,NSDL Payments Bank Limited,NSDL Payments Bank,45.7,84.88,14.23,0.89,0.3,74.6,03c637a8-Ecosystem-Statistics-UPI-Top-50-member-performance-2025-Jul-Remitter.xlsx,sheet title,1,NSDL Payments Bank,True,100.0
2025-07,2025-07,39,Telangana Grameena Bank,Telangana Grameena Bank,40.36,88.11,10.35,1.54,0.38,56.779999999999994,03c637a8-Ecosystem-Statistics-UPI-Top-50-member-performance-2025-Jul-Remitter.xlsx,sheet title,1,Telangana Grameena Bank,True,100.0
2025-07,2025-07,40,Maharashtra Gramin Bank,Maharashtra Gramin Bank,37.37,84.63000000000001,13.819999999999999,1.5599999999999998,0.2,62.99,03c637a8-Ecosystem-Statistics-UPI-Top-50-member-performance-2025-Jul-Remitter.xlsx,sheet title,1,Maharashtra Gramin Bank,True,100.01
2025-07,2025-07,41,Rajasthan Marudhara Gramin Bank,Rajasthan Marudhara Gramin Bank,36.15,85.28,12.34,2.3800000000000003,0.32,40.949999999999996,03c637a8-Ecosystem-Statistics-UPI-Top-50-member-performance-2025-Jul-Remitter.xlsx,sheet title,1,Rajasthan Marudhara Gramin Bank,True,100.0
2025-07,2025-07,42,Karnataka Gramin Bank,Karnataka Gramin Bank,34.96,89.09,10.03,0.88,0.19,91.19,03c637a8-Ecosystem-Statistics-UPI-Top-50-member-performance-2025-Jul-Remitter.xlsx,sheet title,1,Karnataka Gramin Bank,True,100.0
2025-07,2025-07,43,ESAF Small Finance Bank Ltd,ESAF Small Finance Bank,33.38,95.7,4.26,0.04,0.09,97.84,03c637a8-Ecosystem-Statistics-UPI-Top-50-member-performance-2025-Jul-Remitter.xlsx,sheet title,1,ESAF Small Finance Bank,True,100.0
2025-07,2025-07,44,Andhra Pragathi Grameena Bank,Andhra Pragathi Grameena Bank,31.91,82.27,13.96,3.7800000000000002,0.28,32.42,03c637a8-Ecosystem-Statistics-UPI-Top-50-member-performance-2025-Jul-Remitter.xlsx,sheet title,1,Andhra Pragathi Grameena Bank,True,100.01
2025-07,2025-07,45,DBS Bank India Limited,DBS Bank India,31.81,93.08999999999999,6.76,0.15,0.08,95.78,03c637a8-Ecosystem-Statistics-UPI-Top-50-member-performance-2025-Jul-Remitter.xlsx,sheet title,1,DBS Bank India,True,100.0
2025-07,2025-07,46,RBL Bank Ltd.,RBL Bank,31.22,92.43,7.090000000000001,0.48,0.1,79.93,03c637a8-Ecosystem-Statistics-UPI-Top-50-member-performance-2025-Jul-Remitter.xlsx,sheet title,1,RBL Bank,True,100.0
2025-07,2025-07,47,Equitas Small Finance Bank,Equitas Small Finance Bank,30.07,91.14,8.86,0.01,0.08,99.28,03c637a8-Ecosystem-Statistics-UPI-Top-50-member-performance-2025-Jul-Remitter.xlsx,sheet title,1,Equitas Small Finance Bank,True,100.01
2025-07,2025-07,48,Saraswat Co-operative Bank,Saraswat Co-operative Bank,29.63,94.75,5.11,0.15,0.06,96.44,03c637a8-Ecosystem-Statistics-UPI-Top-50-member-performance-2025-Jul-Remitter.xlsx,sheet title,1,Saraswat Co-operative Bank,True,100.01
2025-07,2025-07,49,Sarva Haryana Gramin Bank,Sarva Haryana Gramin Bank,26.28,94.28999999999999,4.7,1.01,0.18,57.32000000000001,03c637a8-Ecosystem-Statistics-UPI-Top-50-member-performance-2025-Jul-Remitter.xlsx,sheet title,1,Sarva Haryana Gramin Bank,True,100.0
2025-07,2025-07,50,Standard Chartered Bank,Standard Chartered Bank,23.69,95.49,4.22,0.3,0.06,69.11,03c637a8-Ecosystem-Statistics-UPI-Top-50-member-performance-2025-Jul-Remitter.xlsx,sheet title,1,Standard Chartered Bank,True,100.01
2025-08,2025-08,1,State Bank of India,State Bank of India,5368.74,93.66,5.92,0.42,14.51,97.89,c083ef6b-Ecosystem-Statistics-UPI-Top-50-member-performance-2025-Aug-Remitter.xlsx,sheet title,1,State Bank of India,True,100.0
2025-08,2025-08,2,HDFC Bank Ltd.,HDFC Bank,1581.09,95.37,4.63,0.01,3.51,98.73,c083ef6b-Ecosystem-Statistics-UPI-Top-50-member-performance-2025-Aug-Remitter.xlsx,sheet title,1,HDFC Bank,True,100.01
2025-08,2025-08,3,Bank of Baroda,Bank of Baroda,1369.53,91.44,8.5,0.05,3.73,99.03,c083ef6b-Ecosystem-Statistics-UPI-Top-50-member-performance-2025-Aug-Remitter.xlsx,sheet title,1,Bank of Baroda,True,99.99
2025-08,2025-08,4,Union Bank of India,Union Bank of India,1233.2,92.23,7.02,0.75,4.64,61.93,c083ef6b-Ecosystem-Statistics-UPI-Top-50-member-performance-2025-Aug-Remitter.xlsx,sheet title,1,Union Bank of India,True,100.0
2025-08,2025-08,5,Punjab National Bank,Punjab National Bank,1131.31,91.2,8.61,0.19,3.52,97.66,c083ef6b-Ecosystem-Statistics-UPI-Top-50-member-performance-2025-Aug-Remitter.xlsx,sheet title,1,Punjab National Bank,True,100.0
2025-08,2025-08,6,Kotak Mahindra Bank,Kotak Mahindra Bank,978.17,92.39,7.47,0.13,2.46,90.51,c083ef6b-Ecosystem-Statistics-UPI-Top-50-member-performance-2025-Aug-Remitter.xlsx,sheet title,1,Kotak Mahindra Bank,True,99.99
2025-08,2025-08,7,Canara Bank,Canara Bank,970.63,92.73,6.92,0.36,2.54,89.02,c083ef6b-Ecosystem-Statistics-UPI-Top-50-member-performance-2025-Aug-Remitter.xlsx,sheet title,1,Canara Bank,True,100.01
2025-08,2025-08,8,Axis Bank Ltd.,Axis Bank,902.87,94.96,5.03,0.02,1.77,99.76,c083ef6b-Ecosystem-Statistics-UPI-Top-50-member-performance-2025-Aug-Remitter.xlsx,sheet title,1,Axis Bank,True,100.01
2025-08,2025-08,9,ICICI Bank Ltd.,ICICI Bank,752.78,95.66,3.82,0.52,2.11,84.15,c083ef6b-Ecosystem-Statistics-UPI-Top-50-member-performance-2025-Aug-Remitter.xlsx,sheet title,1,ICICI Bank,True,100.0
2025-08,2025-08,10,India Post Payments Bank Limited,India Post Payments Bank,674.59,87.92,11.15,0.93,3.26,74.86,c083ef6b-Ecosystem-Statistics-UPI-Top-50-member-performance-2025-Aug-Remitter.xlsx,sheet title,1,India Post Payments Bank,True,100.0
2025-08,2025-08,11,Indian Bank,Indian Bank,653.87,93.05,6.81,0.14,1.35,1.9,c083ef6b-Ecosystem-Statistics-UPI-Top-50-member-performance-2025-Aug-Remitter.xlsx,sheet title,1,Indian Bank,True,100.0
2025-08,2025-08,12,Airtel Payments Bank Limited,Airtel Payments Bank,637.23,85.83,14.05,0.12,2.61,99.17,c083ef6b-Ecosystem-Statistics-UPI-Top-50-member-performance-2025-Aug-Remitter.xlsx,sheet title,1,Airtel Payments Bank,True,100.0
2025-08,2025-08,13,Bank Of India,Bank of India,605.1,88.96,6.72,4.32,5.14,57.77,c083ef6b-Ecosystem-Statistics-UPI-Top-50-member-performance-2025-Aug-Remitter.xlsx,sheet title,1,Bank of India,True,100.0
2025-08,2025-08,14,Indian Overseas Bank,Indian Overseas Bank,330.15,92.9,6.47,0.64,1.24,46.6,c083ef6b-Ecosystem-Statistics-UPI-Top-50-member-performance-2025-Aug-Remitter.xlsx,sheet title,1,Indian Overseas Bank,True,100.01
2025-08,2025-08,15,Central Bank of India,Central Bank of India,307.77,91.12,7.81,1.08,1.65,80.86,c083ef6b-Ecosystem-Statistics-UPI-Top-50-member-performance-2025-Aug-Remitter.xlsx,sheet title,1,Central Bank of India,True,100.01
2025-08,2025-08,16,UCO Bank,UCO Bank,283.93,91.7,7.93,0.37,0.94,85.11,c083ef6b-Ecosystem-Statistics-UPI-Top-50-member-performance-2025-Aug-Remitter.xlsx,sheet title,1,UCO Bank,True,100.0
2025-08,2025-08,17,Federal Bank Ltd.,Federal Bank,266.43,93.11,6.3,0.59,0.77,84.27,c083ef6b-Ecosystem-Statistics-UPI-Top-50-member-performance-2025-Aug-Remitter.xlsx,sheet title,1,Federal Bank,True,100.0
2025-08,2025-08,18,Fino Payments Bank Ltd.,Fino Payments Bank,237.47,86.17,12.42,1.42,1.08,85.22,c083ef6b-Ecosystem-Statistics-UPI-Top-50-member-performance-2025-Aug-Remitter.xlsx,sheet title,1,Fino Payments Bank,True,100.01
2025-08,2025-08,19,Bank of Maharashtra,Bank of Maharashtra,218.97,93.57,6.37,0.06,0.55,92.61,c083ef6b-Ecosystem-Statistics-UPI-Top-50-member-performance-2025-Aug-Remitter.xlsx,sheet title,1,Bank of Maharashtra,True,100.0
2025-08,2025-08,20,Indusind Bank Ltd.,IndusInd Bank,216.95,90.15,9.59,0.26,0.81,72.79,c083ef6b-Ecosystem-Statistics-UPI-Top-50-member-performance-2025-Aug-Remitter.xlsx,sheet title,1,IndusInd Bank,True,100.0
2025-08,2025-08,21,IDBI Bank Ltd.,IDBI Bank,206.69,92.78,6.38,0.83,0.67,83.82,c083ef6b-Ecosystem-Statistics-UPI-Top-50-member-performance-2025-Aug-Remitter.xlsx,sheet title,1,IDBI Bank,True,99.99
2025-08,2025-08,22,Yes Bank Ltd.,YES Bank,177.66,91.49,8.37,0.15,0.3,84.27,c083ef6b-Ecosystem-Statistics-UPI-Top-50-member-performance-2025-Aug-Remitter.xlsx,sheet title,1,YES Bank,True,100.01
2025-08,2025-08,23,Karnataka Bank,Karnataka Bank,142.0,92.82,7.11,0.07,0.31,88.41,c083ef6b-Ecosystem-Statistics-UPI-Top-50-member-performance-2025-Aug-Remitter.xlsx,sheet title,1,Karnataka Bank,True,100.0
2025-08,2025-08,24,Tri O Tech Solutions Private Limited,Tri O Tech Solutions,134.92,100.0,0.0,0.0,,0.0,c083ef6b-Ecosystem-Statistics-UPI-Top-50-member-performance-2025-Aug-Remitter.xlsx,sheet title,1,Tri O Tech Solutions,False,100.0
2025-08,2025-08,25,IDFC Bank Ltd.,IDFC FIRST Bank,120.47,93.64,6.28,0.08,0.28,89.06,c083ef6b-Ecosystem-Statistics-UPI-Top-50-member-performance-2025-Aug-Remitter.xlsx,sheet title,1,IDFC FIRST Bank,True,100.0
2025-08,2025-08,26,The Jammu & Kashmir Bank Limited,Jammu & Kashmir Bank,99.01,93.01,5.82,1.17,0.68,36.82,c083ef6b-Ecosystem-Statistics-UPI-Top-50-member-performance-2025-Aug-Remitter.xlsx,sheet title,1,Jammu & Kashmir Bank,True,100.0
2025-08,2025-08,27,Karur Vysya Bank,Karur Vysya Bank,95.13,92.9,6.51,0.59,0.25,83.08,c083ef6b-Ecosystem-Statistics-UPI-Top-50-member-performance-2025-Aug-Remitter.xlsx,sheet title,1,Karur Vysya Bank,True,100.0
2025-08,2025-08,28,Bandhan Bank limited,Bandhan Bank,92.44,94.48,5.37,0.15,0.31,97.93,c083ef6b-Ecosystem-Statistics-UPI-Top-50-member-performance-2025-Aug-Remitter.xlsx,sheet title,1,Bandhan Bank,True,100.0
2025-08,2025-08,29,AU Small Finance Bank,AU Small Finance Bank,79.26,88.14,9.53,2.33,0.67,52.38,c083ef6b-Ecosystem-Statistics-UPI-Top-50-member-performance-2025-Aug-Remitter.xlsx,sheet title,1,AU Small Finance Bank,True,100.0
2025-08,2025-08,30,The South Indian Bank Limited,South Indian Bank,76.06,95.03,4.73,0.24,0.13,98.14,c083ef6b-Ecosystem-Statistics-UPI-Top-50-member-performance-2025-Aug-Remitter.xlsx,sheet title,1,South Indian Bank,True,100.0
2025-08,2025-08,31,JIO Payments Bank Ltd,Jio Payments Bank,61.01,84.15,12.3,3.55,0.54,87.22,c083ef6b-Ecosystem-Statistics-UPI-Top-50-member-performance-2025-Aug-Remitter.xlsx,sheet title,1,Jio Payments Bank,True,100.0
2025-08,2025-08,32,Punjab and Sind Bank,Punjab & Sind Bank,59.04,90.64,8.5,0.86,0.31,83.01,c083ef6b-Ecosystem-Statistics-UPI-Top-50-member-performance-2025-Aug-Remitter.xlsx,sheet title,1,Punjab & Sind Bank,True,100.0
2025-08,2025-08,33,City Union Bank,City Union Bank,57.26,92.59,7.3,0.11,0.1,99.53,c083ef6b-Ecosystem-Statistics-UPI-Top-50-member-performance-2025-Aug-Remitter.xlsx,sheet title,1,City Union Bank,True,100.0
2025-08,2025-08,34,Tamilnad Mercantile Bank Limited,Tamilnad Mercantile Bank,55.86,92.16,6.56,1.28,0.2,54.34,c083ef6b-Ecosystem-Statistics-UPI-Top-50-member-performance-2025-Aug-Remitter.xlsx,sheet title,1,Tamilnad Mercantile Bank,True,100.0
2025-08,2025-08,35,Ujjivan Small Finance Bank Limited,Ujjivan Small Finance Bank,54.77,90.46,8.26,1.28,0.21,71.19,c083ef6b-Ecosystem-Statistics-UPI-Top-50-member-performance-2025-Aug-Remitter.xlsx,sheet title,1,Ujjivan Small Finance Bank,True,100.0
2025-08,2025-08,36,Baroda U.P. Bank,Baroda UP Gramin Bank,53.78,87.67,4.69,7.63,0.92,44.49,c083ef6b-Ecosystem-Statistics-UPI-Top-50-member-performance-2025-Aug-Remitter.xlsx,sheet title,1,Baroda UP Gramin Bank,True,99.99
2025-08,2025-08,37,NSDL Payments Bank Limited,NSDL Payments Bank,51.33,85.08,13.62,1.3,0.39,71.78,c083ef6b-Ecosystem-Statistics-UPI-Top-50-member-performance-2025-Aug-Remitter.xlsx,sheet title,1,NSDL Payments Bank,True,100.0
2025-08,2025-08,38,Kerala Gramin Bank,Kerala Gramin Bank,50.92,90.77,6.54,2.69,0.51,70.32,c083ef6b-Ecosystem-Statistics-UPI-Top-50-member-performance-2025-Aug-Remitter.xlsx,sheet title,1,Kerala Gramin Bank,True,100.0
2025-08,2025-08,39,Telangana Grameena Bank,Telangana Grameena Bank,40.42,88.02,9.51,2.47,0.35,44.22,c083ef6b-Ecosystem-Statistics-UPI-Top-50-member-performance-2025-Aug-Remitter.xlsx,sheet title,1,Telangana Grameena Bank,True,100.0
2025-08,2025-08,40,Maharashtra Gramin Bank,Maharashtra Gramin Bank,38.08,83.77,13.79,2.44,0.23,52.46,c083ef6b-Ecosystem-Statistics-UPI-Top-50-member-performance-2025-Aug-Remitter.xlsx,sheet title,1,Maharashtra Gramin Bank,True,100.0
2025-08,2025-08,41,ESAF Small Finance Bank Ltd,ESAF Small Finance Bank,34.96,95.92,4.01,0.08,0.08,98.84,c083ef6b-Ecosystem-Statistics-UPI-Top-50-member-performance-2025-Aug-Remitter.xlsx,sheet title,1,ESAF Small Finance Bank,True,100.01
2025-08,2025-08,42,Karnataka Gramin Bank,Karnataka Gramin Bank,34.89,88.91,9.83,1.26,0.23,67.83,c083ef6b-Ecosystem-Statistics-UPI-Top-50-member-performance-2025-Aug-Remitter.xlsx,sheet title,1,Karnataka Gramin Bank,True,100.0
2025-08,2025-08,43,Rajasthan Marudhara Gramin Bank,Rajasthan Marudhara Gramin Bank,32.73,85.57,11.74,2.69,0.4,31.73,c083ef6b-Ecosystem-Statistics-UPI-Top-50-member-performance-2025-Aug-Remitter.xlsx,sheet title,1,Rajasthan Marudhara Gramin Bank,True,100.0
2025-08,2025-08,44,RBL Bank Ltd.,RBL Bank,32.15,92.71,6.73,0.56,0.09,76.46,c083ef6b-Ecosystem-Statistics-UPI-Top-50-member-performance-2025-Aug-Remitter.xlsx,sheet title,1,RBL Bank,True,100.0
2025-08,2025-08,45,Andhra Pragathi Grameena Bank,Andhra Pragathi Grameena Bank,32.07,83.11,13.12,3.77,0.24,60.28,c083ef6b-Ecosystem-Statistics-UPI-Top-50-member-performance-2025-Aug-Remitter.xlsx,sheet title,1,Andhra Pragathi Grameena Bank,True,100.0
2025-08,2025-08,46,DBS Bank India Limited,DBS Bank India,31.37,92.08,6.44,1.48,0.11,60.18,c083ef6b-Ecosystem-Statistics-UPI-Top-50-member-performance-2025-Aug-Remitter.xlsx,sheet title,1,DBS Bank India,True,100.0
2025-08,2025-08,47,Saraswat Co-operative Bank,Saraswat Co-operative Bank,30.02,94.06,4.57,1.37,0.09,71.34,c083ef6b-Ecosystem-Statistics-UPI-Top-50-member-performance-2025-Aug-Remitter.xlsx,sheet title,1,Saraswat Co-operative Bank,True,100.0
2025-08,2025-08,48,Equitas Small Finance Bank,Equitas Small Finance Bank,29.43,91.02,8.64,0.33,0.1,68.99,c083ef6b-Ecosystem-Statistics-UPI-Top-50-member-performance-2025-Aug-Remitter.xlsx,sheet title,1,Equitas Small Finance Bank,True,99.99
2025-08,2025-08,49,Axis Bank Credit Card,Axis Bank Credit Card,28.41,95.02,4.91,0.08,0.07,99.83,c083ef6b-Ecosystem-Statistics-UPI-Top-50-member-performance-2025-Aug-Remitter.xlsx,sheet title,1,Axis Bank Credit Card,False,100.01
2025-08,2025-08,50,Sarva Haryana Gramin Bank,Sarva Haryana Gramin Bank,26.5,92.03,4.46,3.51,0.24,42.86,c083ef6b-Ecosystem-Statistics-UPI-Top-50-member-performance-2025-Aug-Remitter.xlsx,sheet title,1,Sarva Haryana Gramin Bank,True,100.0
2025-09,2025-09,1,State Bank of India,State Bank of India,5275.12,93.04,6.32,0.64,17.37,91.38,99346e85-Ecosystem-Statistics-UPI-Top-50-member-performance-2025-Sep-Remitter_1.xlsx,sheet title,1,State Bank of India,True,100.0
2025-09,2025-09,2,HDFC Bank Ltd.,HDFC Bank,1536.13,95.06,4.94,0.01,3.51,97.83,99346e85-Ecosystem-Statistics-UPI-Top-50-member-performance-2025-Sep-Remitter_1.xlsx,sheet title,1,HDFC Bank,True,100.01
2025-09,2025-09,3,Bank of Baroda,Bank of Baroda,1356.34,91.15,8.73,0.13,4.21,97.01,99346e85-Ecosystem-Statistics-UPI-Top-50-member-performance-2025-Sep-Remitter_1.xlsx,sheet title,1,Bank of Baroda,True,100.01
2025-09,2025-09,4,Union Bank of India,Union Bank of India,1215.12,92.8,7.15,0.05,3.43,92.32,99346e85-Ecosystem-Statistics-UPI-Top-50-member-performance-2025-Sep-Remitter_1.xlsx,sheet title,1,Union Bank of India,True,100.0
2025-09,2025-09,5,Punjab National Bank,Punjab National Bank,1118.17,89.93,9.93,0.14,3.6,96.6,99346e85-Ecosystem-Statistics-UPI-Top-50-member-performance-2025-Sep-Remitter_1.xlsx,sheet title,1,Punjab National Bank,True,100.0
2025-09,2025-09,6,Kotak Mahindra Bank,Kotak Mahindra Bank,965.85,92.3,7.6,0.1,2.5,94.28,99346e85-Ecosystem-Statistics-UPI-Top-50-member-performance-2025-Sep-Remitter_1.xlsx,sheet title,1,Kotak Mahindra Bank,True,100.0
2025-09,2025-09,7,Canara Bank,Canara Bank,962.6,92.52,7.19,0.28,2.71,86.72,99346e85-Ecosystem-Statistics-UPI-Top-50-member-performance-2025-Sep-Remitter_1.xlsx,sheet title,1,Canara Bank,True,99.99
2025-09,2025-09,8,Axis Bank Ltd.,Axis Bank,902.48,94.95,5.04,0.01,1.96,96.25,99346e85-Ecosystem-Statistics-UPI-Top-50-member-performance-2025-Sep-Remitter_1.xlsx,sheet title,1,Axis Bank,True,100.0
2025-09,2025-09,9,ICICI Bank Ltd.,ICICI Bank,730.11,95.92,4.07,0.01,1.36,97.44,99346e85-Ecosystem-Statistics-UPI-Top-50-member-performance-2025-Sep-Remitter_1.xlsx,sheet title,1,ICICI Bank,True,100.0
2025-09,2025-09,10,India Post Payments Bank Limited,India Post Payments Bank,657.46,85.38,13.18,1.44,4.61,59.76,99346e85-Ecosystem-Statistics-UPI-Top-50-member-performance-2025-Sep-Remitter_1.xlsx,sheet title,1,India Post Payments Bank,True,100.0
2025-09,2025-09,11,Indian Bank,Indian Bank,647.09,92.65,7.16,0.2,1.77,1.77,99346e85-Ecosystem-Statistics-UPI-Top-50-member-performance-2025-Sep-Remitter_1.xlsx,sheet title,1,Indian Bank,True,100.01
2025-09,2025-09,12,Airtel Payments Bank Limited,Airtel Payments Bank,626.6,84.66,15.11,0.23,3.3,96.95,99346e85-Ecosystem-Statistics-UPI-Top-50-member-performance-2025-Sep-Remitter_1.xlsx,sheet title,1,Airtel Payments Bank,True,100.0
2025-09,2025-09,13,Bank Of India,Bank of India,603.94,93.55,6.26,0.19,2.34,89.43,99346e85-Ecosystem-Statistics-UPI-Top-50-member-performance-2025-Sep-Remitter_1.xlsx,sheet title,1,Bank of India,True,100.0
2025-09,2025-09,14,Indian Overseas Bank,Indian Overseas Bank,329.04,93.42,6.32,0.26,1.24,74.44,99346e85-Ecosystem-Statistics-UPI-Top-50-member-performance-2025-Sep-Remitter_1.xlsx,sheet title,1,Indian Overseas Bank,True,100.0
2025-09,2025-09,15,Central Bank of India,Central Bank of India,311.91,91.34,7.99,0.66,1.41,91.49,99346e85-Ecosystem-Statistics-UPI-Top-50-member-performance-2025-Sep-Remitter_1.xlsx,sheet title,1,Central Bank of India,True,99.99
2025-09,2025-09,16,UCO Bank,UCO Bank,281.68,90.75,8.47,0.79,1.56,66.23,99346e85-Ecosystem-Statistics-UPI-Top-50-member-performance-2025-Sep-Remitter_1.xlsx,sheet title,1,UCO Bank,True,100.01
2025-09,2025-09,17,Federal Bank Ltd.,Federal Bank,259.32,93.47,6.48,0.05,0.58,97.05,99346e85-Ecosystem-Statistics-UPI-Top-50-member-performance-2025-Sep-Remitter_1.xlsx,sheet title,1,Federal Bank,True,100.0
2025-09,2025-09,18,Fino Payments Bank Ltd.,Fino Payments Bank,231.13,85.06,13.61,1.32,1.07,86.03,99346e85-Ecosystem-Statistics-UPI-Top-50-member-performance-2025-Sep-Remitter_1.xlsx,sheet title,1,Fino Payments Bank,True,99.99
2025-09,2025-09,19,Indusind Bank Ltd.,IndusInd Bank,213.9,89.6,10.1,0.3,0.91,73.64,99346e85-Ecosystem-Statistics-UPI-Top-50-member-performance-2025-Sep-Remitter_1.xlsx,sheet title,1,IndusInd Bank,True,100.0
2025-09,2025-09,20,Bank of Maharashtra,Bank of Maharashtra,213.37,93.2,6.49,0.3,0.76,72.18,99346e85-Ecosystem-Statistics-UPI-Top-50-member-performance-2025-Sep-Remitter_1.xlsx,sheet title,1,Bank of Maharashtra,True,99.99
2025-09,2025-09,21,IDBI Bank Ltd.,IDBI Bank,201.57,93.14,6.35,0.51,0.69,76.64,99346e85-Ecosystem-Statistics-UPI-Top-50-member-performance-2025-Sep-Remitter_1.xlsx,sheet title,1,IDBI Bank,True,100.0
2025-09,2025-09,22,Yes Bank Ltd.,YES Bank,163.15,90.69,9.17,0.14,0.33,82.27,99346e85-Ecosystem-Statistics-UPI-Top-50-member-performance-2025-Sep-Remitter_1.xlsx,sheet title,1,YES Bank,True,100.0
2025-09,2025-09,23,Karnataka Bank,Karnataka Bank,141.24,92.61,7.22,0.16,0.42,86.07,99346e85-Ecosystem-Statistics-UPI-Top-50-member-performance-2025-Sep-Remitter_1.xlsx,sheet title,1,Karnataka Bank,True,99.99
2025-09,2025-09,24,Tri O Tech Solutions Private Limited,Tri O Tech Solutions,139.13,100.0,0.0,0.0,,0.0,99346e85-Ecosystem-Statistics-UPI-Top-50-member-performance-2025-Sep-Remitter_1.xlsx,sheet title,1,Tri O Tech Solutions,False,100.0
2025-09,2025-09,25,IDFC Bank Ltd.,IDFC FIRST Bank,114.4,93.3,6.67,0.03,0.29,93.12,99346e85-Ecosystem-Statistics-UPI-Top-50-member-performance-2025-Sep-Remitter_1.xlsx,sheet title,1,IDFC FIRST Bank,True,100.0
2025-09,2025-09,26,The Jammu & Kashmir Bank Limited,Jammu & Kashmir Bank,94.62,93.33,6.2,0.47,0.43,60.3,99346e85-Ecosystem-Statistics-UPI-Top-50-member-performance-2025-Sep-Remitter_1.xlsx,sheet title,1,Jammu & Kashmir Bank,True,100.0
2025-09,2025-09,27,Karur Vysya Bank,Karur Vysya Bank,92.71,92.73,6.88,0.4,0.28,89.51,99346e85-Ecosystem-Statistics-UPI-Top-50-member-performance-2025-Sep-Remitter_1.xlsx,sheet title,1,Karur Vysya Bank,True,100.01
2025-09,2025-09,28,BANDHAN BANK LIMITED,Bandhan Bank,91.72,94.77,4.91,0.32,0.4,90.53,99346e85-Ecosystem-Statistics-UPI-Top-50-member-performance-2025-Sep-Remitter_1.xlsx,sheet title,1,Bandhan Bank,True,100.0
2025-09,2025-09,29,AU Small Finance Bank,AU Small Finance Bank,77.16,89.48,9.86,0.66,0.35,75.21,99346e85-Ecosystem-Statistics-UPI-Top-50-member-performance-2025-Sep-Remitter_1.xlsx,sheet title,1,AU Small Finance Bank,True,100.0
2025-09,2025-09,30,The South Indian Bank Limited,South Indian Bank,73.96,94.74,4.96,0.3,0.14,98.2,99346e85-Ecosystem-Statistics-UPI-Top-50-member-performance-2025-Sep-Remitter_1.xlsx,sheet title,1,South Indian Bank,True,100.0
2025-09,2025-09,31,HDFC Bank Credit Card HCB,HDFC Bank Credit Card HCB,63.77,95.82,4.15,0.03,0.15,98.27,99346e85-Ecosystem-Statistics-UPI-Top-50-member-performance-2025-Sep-Remitter_1.xlsx,sheet title,1,HDFC Bank Credit Card HCB,False,100.0
2025-09,2025-09,32,JIO Payments Bank Ltd,Jio Payments Bank,63.71,86.3,13.0,0.7,0.41,95.72,99346e85-Ecosystem-Statistics-UPI-Top-50-member-performance-2025-Sep-Remitter_1.xlsx,sheet title,1,Jio Payments Bank,True,100.0
2025-09,2025-09,33,Punjab and Sind Bank,Punjab & Sind Bank,59.04,90.1,8.39,1.51,0.43,62.6,99346e85-Ecosystem-Statistics-UPI-Top-50-member-performance-2025-Sep-Remitter_1.xlsx,sheet title,1,Punjab & Sind Bank,True,100.0
2025-09,2025-09,34,City Union Bank,City Union Bank,56.06,92.58,7.27,0.15,0.13,96.36,99346e85-Ecosystem-Statistics-UPI-Top-50-member-performance-2025-Sep-Remitter_1.xlsx,sheet title,1,City Union Bank,True,100.0
2025-09,2025-09,35,Tamilnad Mercantile Bank Limited,Tamilnad Mercantile Bank,55.19,92.93,6.8,0.28,0.15,89.39,99346e85-Ecosystem-Statistics-UPI-Top-50-member-performance-2025-Sep-Remitter_1.xlsx,sheet title,1,Tamilnad Mercantile Bank,True,100.01
2025-09,2025-09,36,Baroda U.P. Bank,Baroda UP Gramin Bank,54.02,85.15,4.64,10.22,1.45,43.42,99346e85-Ecosystem-Statistics-UPI-Top-50-member-performance-2025-Sep-Remitter_1.xlsx,sheet title,1,Baroda UP Gramin Bank,True,100.01
2025-09,2025-09,37,Ujjivan Small Finance Bank Limited,Ujjivan Small Finance Bank,53.83,91.01,8.54,0.45,0.2,85.0,99346e85-Ecosystem-Statistics-UPI-Top-50-member-performance-2025-Sep-Remitter_1.xlsx,sheet title,1,Ujjivan Small Finance Bank,True,100.0
2025-09,2025-09,38,NSDL Payments Bank Limited,NSDL Payments Bank,50.72,83.8,14.81,1.4,0.43,71.15,99346e85-Ecosystem-Statistics-UPI-Top-50-member-performance-2025-Sep-Remitter_1.xlsx,sheet title,1,NSDL Payments Bank,True,100.01
2025-09,2025-09,39,Kerala Gramin Bank,Kerala Gramin Bank,49.94,87.81,6.32,5.88,0.88,66.18,99346e85-Ecosystem-Statistics-UPI-Top-50-member-performance-2025-Sep-Remitter_1.xlsx,sheet title,1,Kerala Gramin Bank,True,100.01
2025-09,2025-09,40,SBI Cards and Payment Services Limited,SBI Cards and Payment Services,44.04,95.53,4.3,0.18,0.14,97.1,99346e85-Ecosystem-Statistics-UPI-Top-50-member-performance-2025-Sep-Remitter_1.xlsx,sheet title,1,SBI Cards and Payment Services,False,100.01
2025-09,2025-09,41,Rajasthan Marudhara Gramin Bank,Rajasthan Marudhara Gramin Bank,42.78,86.27,11.97,1.76,0.42,43.83,99346e85-Ecosystem-Statistics-UPI-Top-50-member-performance-2025-Sep-Remitter_1.xlsx,sheet title,1,Rajasthan Marudhara Gramin Bank,True,100.0
2025-09,2025-09,42,Telangana Grameena Bank,Telangana Grameena Bank,39.87,88.26,9.3,2.44,0.37,39.15,99346e85-Ecosystem-Statistics-UPI-Top-50-member-performance-2025-Sep-Remitter_1.xlsx,sheet title,1,Telangana Grameena Bank,True,100.0
2025-09,2025-09,43,ESAF Small Finance Bank Ltd,ESAF Small Finance Bank,34.03,95.8,4.06,0.14,0.11,88.78,99346e85-Ecosystem-Statistics-UPI-Top-50-member-performance-2025-Sep-Remitter_1.xlsx,sheet title,1,ESAF Small Finance Bank,True,100.0
2025-09,2025-09,44,ICICI Bank Credit Card,ICICI Bank Credit Card,32.88,95.93,4.02,0.05,0.07,97.11,99346e85-Ecosystem-Statistics-UPI-Top-50-member-performance-2025-Sep-Remitter_1.xlsx,sheet title,1,ICICI Bank Credit Card,False,100.0
2025-09,2025-09,45,Andhra Pragathi Grameena Bank,Andhra Pragathi Grameena Bank,31.46,83.27,13.51,3.22,0.15,63.33,99346e85-Ecosystem-Statistics-UPI-Top-50-member-performance-2025-Sep-Remitter_1.xlsx,sheet title,1,Andhra Pragathi Grameena Bank,True,100.0
2025-09,2025-09,46,Karnataka Gramin Bank,Karnataka Gramin Bank,31.17,83.04,11.11,5.85,0.6,37.6,99346e85-Ecosystem-Statistics-UPI-Top-50-member-performance-2025-Sep-Remitter_1.xlsx,sheet title,1,Karnataka Gramin Bank,True,100.0
2025-09,2025-09,47,Maharashtra Gramin Bank,Maharashtra Gramin Bank,30.47,83.19,13.69,3.12,0.23,50.4,99346e85-Ecosystem-Statistics-UPI-Top-50-member-performance-2025-Sep-Remitter_1.xlsx,sheet title,1,Maharashtra Gramin Bank,True,100.0
2025-09,2025-09,48,DBS Bank India Limited,DBS Bank India,30.33,93.33,6.61,0.07,0.08,94.32,99346e85-Ecosystem-Statistics-UPI-Top-50-member-performance-2025-Sep-Remitter_1.xlsx,sheet title,1,DBS Bank India,True,100.01
2025-09,2025-09,49,RBL Bank Ltd.,RBL Bank,29.74,92.7,6.77,0.53,0.1,52.6,99346e85-Ecosystem-Statistics-UPI-Top-50-member-performance-2025-Sep-Remitter_1.xlsx,sheet title,1,RBL Bank,True,100.0
2025-09,2025-09,50,Saraswat Co-operative Bank,Saraswat Co-operative Bank,29.27,94.81,4.68,0.51,0.09,77.34,99346e85-Ecosystem-Statistics-UPI-Top-50-member-performance-2025-Sep-Remitter_1.xlsx,sheet title,1,Saraswat Co-operative Bank,True,100.0
2025-10,2025-10,1,State Bank of India,State Bank of India,5531.27,92.89,6.56,0.55,16.13,93.05,cc59846c-Ecosystem-Statistics-UPI-Top-50-member-performance-2025-Oct-Remitter.xlsx,sheet title,1,State Bank of India,True,100.0
2025-10,2025-10,2,HDFC Bank Ltd.,HDFC Bank,1638.91,95.09,4.89,0.02,3.91,98.04,cc59846c-Ecosystem-Statistics-UPI-Top-50-member-performance-2025-Oct-Remitter.xlsx,sheet title,1,HDFC Bank,True,100.0
2025-10,2025-10,3,Bank of Baroda,Bank of Baroda,1438.02,91.21,8.75,0.04,4.34,99.1,cc59846c-Ecosystem-Statistics-UPI-Top-50-member-performance-2025-Oct-Remitter.xlsx,sheet title,1,Bank of Baroda,True,100.0
2025-10,2025-10,4,Union Bank of India,Union Bank of India,1282.39,92.53,7.43,0.04,3.56,93.12,cc59846c-Ecosystem-Statistics-UPI-Top-50-member-performance-2025-Oct-Remitter.xlsx,sheet title,1,Union Bank of India,True,100.0
2025-10,2025-10,5,Punjab National Bank,Punjab National Bank,1156.34,90.06,9.73,0.21,4.31,88.88,cc59846c-Ecosystem-Statistics-UPI-Top-50-member-performance-2025-Oct-Remitter.xlsx,sheet title,1,Punjab National Bank,True,100.0
2025-10,2025-10,6,Kotak Mahindra Bank,Kotak Mahindra Bank,1031.11,92.04,7.93,0.03,2.55,97.62,cc59846c-Ecosystem-Statistics-UPI-Top-50-member-performance-2025-Oct-Remitter.xlsx,sheet title,1,Kotak Mahindra Bank,True,100.0
2025-10,2025-10,7,Canara Bank,Canara Bank,1014.04,92.52,7.42,0.06,2.56,95.72,cc59846c-Ecosystem-Statistics-UPI-Top-50-member-performance-2025-Oct-Remitter.xlsx,sheet title,1,Canara Bank,True,100.0
2025-10,2025-10,8,Axis Bank Ltd.,Axis Bank,954.46,94.92,5.08,0.0,2.0,98.81,cc59846c-Ecosystem-Statistics-UPI-Top-50-member-performance-2025-Oct-Remitter.xlsx,sheet title,1,Axis Bank,True,100.0
2025-10,2025-10,9,ICICI Bank Ltd.,ICICI Bank,769.72,95.94,4.05,0.01,1.39,99.6,cc59846c-Ecosystem-Statistics-UPI-Top-50-member-performance-2025-Oct-Remitter.xlsx,sheet title,1,ICICI Bank,True,100.0
2025-10,2025-10,10,India Post Payments Bank Limited,India Post Payments Bank,712.41,85.72,13.54,0.74,3.8,81.92,cc59846c-Ecosystem-Statistics-UPI-Top-50-member-performance-2025-Oct-Remitter.xlsx,sheet title,1,India Post Payments Bank,True,100.0
2025-10,2025-10,11,Indian Bank,Indian Bank,687.32,92.42,7.47,0.11,1.8,95.19,cc59846c-Ecosystem-Statistics-UPI-Top-50-member-performance-2025-Oct-Remitter.xlsx,sheet title,1,Indian Bank,True,100.0
2025-10,2025-10,12,Airtel Payments Bank Limited,Airtel Payments Bank,671.92,83.17,16.77,0.06,2.95,99.32,cc59846c-Ecosystem-Statistics-UPI-Top-50-member-performance-2025-Oct-Remitter.xlsx,sheet title,1,Airtel Payments Bank,True,100.0
2025-10,2025-10,13,Bank Of India,Bank of India,642.99,93.23,6.46,0.31,2.64,89.57,cc59846c-Ecosystem-Statistics-UPI-Top-50-member-performance-2025-Oct-Remitter.xlsx,sheet title,1,Bank of India,True,100.0
2025-10,2025-10,14,Indian Overseas Bank,Indian Overseas Bank,350.56,93.12,6.82,0.07,1.02,97.18,cc59846c-Ecosystem-Statistics-UPI-Top-50-member-performance-2025-Oct-Remitter.xlsx,sheet title,1,Indian Overseas Bank,True,100.01
2025-10,2025-10,15,Central Bank of India,Central Bank of India,333.63,90.91,8.58,0.51,1.5,88.89,cc59846c-Ecosystem-Statistics-UPI-Top-50-member-performance-2025-Oct-Remitter.xlsx,sheet title,1,Central Bank of India,True,100.0
2025-10,2025-10,16,UCO Bank,UCO Bank,296.04,90.21,9.46,0.33,1.15,91.39,cc59846c-Ecosystem-Statistics-UPI-Top-50-member-performance-2025-Oct-Remitter.xlsx,sheet title,1,UCO Bank,True,100.0
2025-10,2025-10,17,Federal Bank Ltd.,Federal Bank,273.16,93.13,6.84,0.04,0.54,99.49,cc59846c-Ecosystem-Statistics-UPI-Top-50-member-performance-2025-Oct-Remitter.xlsx,sheet title,1,Federal Bank,True,100.01
2025-10,2025-10,18,Fino Payments Bank Ltd.,Fino Payments Bank,248.52,83.26,14.88,1.86,1.09,88.62,cc59846c-Ecosystem-Statistics-UPI-Top-50-member-performance-2025-Oct-Remitter.xlsx,sheet title,1,Fino Payments Bank,True,100.0
2025-10,2025-10,19,Bank of Maharashtra,Bank of Maharashtra,230.93,93.5,6.37,0.13,0.65,86.53,cc59846c-Ecosystem-Statistics-UPI-Top-50-member-performance-2025-Oct-Remitter.xlsx,sheet title,1,Bank of Maharashtra,True,100.0
2025-10,2025-10,20,Indusind Bank Ltd.,IndusInd Bank,225.19,88.93,10.76,0.31,0.97,69.45,cc59846c-Ecosystem-Statistics-UPI-Top-50-member-performance-2025-Oct-Remitter.xlsx,sheet title,1,IndusInd Bank,True,100.0
2025-10,2025-10,21,IDBI Bank Ltd.,IDBI Bank,210.68,93.7,5.93,0.37,0.63,76.49,cc59846c-Ecosystem-Statistics-UPI-Top-50-member-performance-2025-Oct-Remitter.xlsx,sheet title,1,IDBI Bank,True,100.0
2025-10,2025-10,22,Yes Bank Ltd.,YES Bank,189.91,91.86,8.05,0.09,0.33,85.78,cc59846c-Ecosystem-Statistics-UPI-Top-50-member-performance-2025-Oct-Remitter.xlsx,sheet title,1,YES Bank,True,100.0
2025-10,2025-10,23,Karnataka Bank,Karnataka Bank,147.34,92.27,7.53,0.2,0.57,93.86,cc59846c-Ecosystem-Statistics-UPI-Top-50-member-performance-2025-Oct-Remitter.xlsx,sheet title,1,Karnataka Bank,True,100.0
2025-10,2025-10,24,Tri O Tech Solutions Private Limited,Tri O Tech Solutions,145.04,100.0,0.0,0.0,,0.0,cc59846c-Ecosystem-Statistics-UPI-Top-50-member-performance-2025-Oct-Remitter.xlsx,sheet title,1,Tri O Tech Solutions,False,100.0
2025-10,2025-10,25,IDFC Bank Ltd.,IDFC FIRST Bank,121.18,92.94,6.95,0.12,0.31,91.77,cc59846c-Ecosystem-Statistics-UPI-Top-50-member-performance-2025-Oct-Remitter.xlsx,sheet title,1,IDFC FIRST Bank,True,100.01
2025-10,2025-10,26,The Jammu & Kashmir Bank Limited,Jammu & Kashmir Bank,103.76,92.63,6.05,1.32,0.73,47.98,cc59846c-Ecosystem-Statistics-UPI-Top-50-member-performance-2025-Oct-Remitter.xlsx,sheet title,1,Jammu & Kashmir Bank,True,100.0
2025-10,2025-10,27,Karur Vysya Bank,Karur Vysya Bank,95.19,92.21,7.4,0.38,0.27,78.5,cc59846c-Ecosystem-Statistics-UPI-Top-50-member-performance-2025-Oct-Remitter.xlsx,sheet title,1,Karur Vysya Bank,True,99.99
2025-10,2025-10,28,BANDHAN BANK LIMITED,Bandhan Bank,94.16,94.98,4.68,0.34,0.37,98.35,cc59846c-Ecosystem-Statistics-UPI-Top-50-member-performance-2025-Oct-Remitter.xlsx,sheet title,1,Bandhan Bank,True,100.0
2025-10,2025-10,29,AU Small Finance Bank,AU Small Finance Bank,82.21,87.77,10.42,1.81,0.63,42.32,cc59846c-Ecosystem-Statistics-UPI-Top-50-member-performance-2025-Oct-Remitter.xlsx,sheet title,1,AU Small Finance Bank,True,100.0
2025-10,2025-10,30,The South Indian Bank Limited,South Indian Bank,76.87,94.75,5.19,0.06,0.14,97.24,cc59846c-Ecosystem-Statistics-UPI-Top-50-member-performance-2025-Oct-Remitter.xlsx,sheet title,1,South Indian Bank,True,100.0
2025-10,2025-10,31,JIO Payments Bank Ltd,Jio Payments Bank,71.17,85.77,13.86,0.37,0.55,94.36,cc59846c-Ecosystem-Statistics-UPI-Top-50-member-performance-2025-Oct-Remitter.xlsx,sheet title,1,Jio Payments Bank,True,100.0
2025-10,2025-10,32,Punjab and Sind Bank,Punjab & Sind Bank,61.44,86.2,8.82,4.98,0.77,42.63,cc59846c-Ecosystem-Statistics-UPI-Top-50-member-performance-2025-Oct-Remitter.xlsx,sheet title,1,Punjab & Sind Bank,True,100.0
2025-10,2025-10,33,Uttar Pradesh Gramin Bank,Uttar Pradesh Gramin Bank,61.35,89.55,5.84,4.61,0.89,46.5,cc59846c-Ecosystem-Statistics-UPI-Top-50-member-performance-2025-Oct-Remitter.xlsx,sheet title,1,Uttar Pradesh Gramin Bank,True,100.0
2025-10,2025-10,34,NSDL Payments Bank Limited,NSDL Payments Bank,58.08,82.56,17.11,0.33,0.37,90.05,cc59846c-Ecosystem-Statistics-UPI-Top-50-member-performance-2025-Oct-Remitter.xlsx,sheet title,1,NSDL Payments Bank,True,100.0
2025-10,2025-10,35,City Union Bank,City Union Bank,57.97,92.33,7.51,0.16,0.13,99.47,cc59846c-Ecosystem-Statistics-UPI-Top-50-member-performance-2025-Oct-Remitter.xlsx,sheet title,1,City Union Bank,True,100.0
2025-10,2025-10,36,Tamilnad Mercantile Bank Limited,Tamilnad Mercantile Bank,57.59,92.63,6.98,0.39,0.15,84.16,cc59846c-Ecosystem-Statistics-UPI-Top-50-member-performance-2025-Oct-Remitter.xlsx,sheet title,1,Tamilnad Mercantile Bank,True,100.0
2025-10,2025-10,37,Ujjivan Small Finance Bank Limited,Ujjivan Small Finance Bank,56.36,90.2,9.18,0.62,0.22,77.59,cc59846c-Ecosystem-Statistics-UPI-Top-50-member-performance-2025-Oct-Remitter.xlsx,sheet title,1,Ujjivan Small Finance Bank,True,100.0
2025-10,2025-10,38,Kerala Gramin Bank,Kerala Gramin Bank,51.97,91.01,6.91,2.08,0.35,71.49,cc59846c-Ecosystem-Statistics-UPI-Top-50-member-performance-2025-Oct-Remitter.xlsx,sheet title,1,Kerala Gramin Bank,True,100.0
2025-10,2025-10,39,Rajasthan Gramin Bank,Rajasthan Marudhara Gramin Bank,47.67,86.98,12.21,0.81,0.4,57.06,cc59846c-Ecosystem-Statistics-UPI-Top-50-member-performance-2025-Oct-Remitter.xlsx,sheet title,1,Rajasthan Marudhara Gramin Bank,True,100.0
2025-10,2025-10,40,Karnataka Gramin Bank,Karnataka Gramin Bank,44.83,83.94,12.24,3.82,0.71,56.17,cc59846c-Ecosystem-Statistics-UPI-Top-50-member-performance-2025-Oct-Remitter.xlsx,sheet title,1,Karnataka Gramin Bank,True,100.0
2025-10,2025-10,41,Telangana Grameena Bank,Telangana Grameena Bank,42.49,87.93,10.0,2.07,0.4,33.13,cc59846c-Ecosystem-Statistics-UPI-Top-50-member-performance-2025-Oct-Remitter.xlsx,sheet title,1,Telangana Grameena Bank,True,100.0
2025-10,2025-10,42,Maharashtra Gramin Bank,Maharashtra Gramin Bank,37.14,85.22,13.29,1.49,0.21,45.64,cc59846c-Ecosystem-Statistics-UPI-Top-50-member-performance-2025-Oct-Remitter.xlsx,sheet title,1,Maharashtra Gramin Bank,True,100.0
2025-10,2025-10,43,ESAF Small Finance Bank Ltd,ESAF Small Finance Bank,35.02,95.61,4.16,0.23,0.1,96.51,cc59846c-Ecosystem-Statistics-UPI-Top-50-member-performance-2025-Oct-Remitter.xlsx,sheet title,1,ESAF Small Finance Bank,True,100.0
2025-10,2025-10,44,Slice Small Finance Bank Limited,Slice Small Finance Bank,34.08,95.78,3.89,0.33,0.16,81.2,cc59846c-Ecosystem-Statistics-UPI-Top-50-member-performance-2025-Oct-Remitter.xlsx,sheet title,1,Slice Small Finance Bank,True,100.0
2025-10,2025-10,45,Saraswat Co-operative Bank,Saraswat Co-operative Bank,32.19,94.7,4.7,0.59,0.1,72.24,cc59846c-Ecosystem-Statistics-UPI-Top-50-member-performance-2025-Oct-Remitter.xlsx,sheet title,1,Saraswat Co-operative Bank,True,99.99
2025-10,2025-10,46,DBS Bank India Limited,DBS Bank India,31.38,92.84,7.15,0.01,0.07,96.29,cc59846c-Ecosystem-Statistics-UPI-Top-50-member-performance-2025-Oct-Remitter.xlsx,sheet title,1,DBS Bank India,True,100.0
2025-10,2025-10,47,RBL Bank Ltd.,RBL Bank,29.59,91.84,8.06,0.1,0.06,87.04,cc59846c-Ecosystem-Statistics-UPI-Top-50-member-performance-2025-Oct-Remitter.xlsx,sheet title,1,RBL Bank,True,100.0
2025-10,2025-10,48,Equitas Small Finance Bank,Equitas Small Finance Bank,29.1,91.05,8.67,0.28,0.09,84.1,cc59846c-Ecosystem-Statistics-UPI-Top-50-member-performance-2025-Oct-Remitter.xlsx,sheet title,1,Equitas Small Finance Bank,True,100.0
2025-10,2025-10,49,Sarva Haryana Gramin Bank,Sarva Haryana Gramin Bank,27.74,92.99,6.01,1.0,0.17,68.88,cc59846c-Ecosystem-Statistics-UPI-Top-50-member-performance-2025-Oct-Remitter.xlsx,sheet title,1,Sarva Haryana Gramin Bank,True,100.0
2025-10,2025-10,50,Standard Chartered Bank,Standard Chartered Bank,23.0,96.32,3.62,0.06,0.04,90.06,cc59846c-Ecosystem-Statistics-UPI-Top-50-member-performance-2025-Oct-Remitter.xlsx,sheet title,1,Standard Chartered Bank,True,100.0
2025-11,2025-11,1,State Bank of India,State Bank of India,5514.06,92.79,6.92,0.29,18.57,97.75,836b2314-Ecosystem-Statistics-UPI-Top-50-member-performance-2025-Nov-Remitter.xlsx,sheet title,1,State Bank of India,True,100.0
2025-11,2025-11,2,HDFC Bank Ltd.,HDFC Bank,1587.84,94.88,5.1,0.02,3.67,93.8,836b2314-Ecosystem-Statistics-UPI-Top-50-member-performance-2025-Nov-Remitter.xlsx,sheet title,1,HDFC Bank,True,100.0
2025-11,2025-11,3,Bank of Baroda,Bank of Baroda,1420.1,90.48,9.41,0.11,5.06,96.82,836b2314-Ecosystem-Statistics-UPI-Top-50-member-performance-2025-Nov-Remitter.xlsx,sheet title,1,Bank of Baroda,True,100.0
2025-11,2025-11,4,Union Bank of India,Union Bank of India,1274.78,91.99,7.88,0.14,3.87,91.57,836b2314-Ecosystem-Statistics-UPI-Top-50-member-performance-2025-Nov-Remitter.xlsx,sheet title,1,Union Bank of India,True,100.01
2025-11,2025-11,5,Punjab National Bank,Punjab National Bank,1130.68,90.3,9.43,0.28,4.67,95.99,836b2314-Ecosystem-Statistics-UPI-Top-50-member-performance-2025-Nov-Remitter.xlsx,sheet title,1,Punjab National Bank,True,100.01
2025-11,2025-11,6,Canara Bank,Canara Bank,1012.47,91.63,7.7,0.67,3.88,79.02,836b2314-Ecosystem-Statistics-UPI-Top-50-member-performance-2025-Nov-Remitter.xlsx,sheet title,1,Canara Bank,True,100.0
2025-11,2025-11,7,Kotak Mahindra Bank,Kotak Mahindra Bank,1010.55,91.41,8.21,0.38,3.95,70.97,836b2314-Ecosystem-Statistics-UPI-Top-50-member-performance-2025-Nov-Remitter.xlsx,sheet title,1,Kotak Mahindra Bank,True,100.0
2025-11,2025-11,8,Axis Bank Ltd.,Axis Bank,989.22,94.98,5.02,0.0,2.03,98.48,836b2314-Ecosystem-Statistics-UPI-Top-50-member-performance-2025-Nov-Remitter.xlsx,sheet title,1,Axis Bank,True,100.0
2025-11,2025-11,9,ICICI Bank Ltd.,ICICI Bank,743.57,95.93,3.98,0.09,1.38,96.94,836b2314-Ecosystem-Statistics-UPI-Top-50-member-performance-2025-Nov-Remitter.xlsx,sheet title,1,ICICI Bank,True,100.0
2025-11,2025-11,10,India Post Payments Bank Limited,India Post Payments Bank,722.11,85.09,14.21,0.7,5.16,76.92,836b2314-Ecosystem-Statistics-UPI-Top-50-member-performance-2025-Nov-Remitter.xlsx,sheet title,1,India Post Payments Bank,True,100.0
2025-11,2025-11,11,Indian Bank,Indian Bank,688.17,91.09,8.63,0.28,2.31,89.63,836b2314-Ecosystem-Statistics-UPI-Top-50-member-performance-2025-Nov-Remitter.xlsx,sheet title,1,Indian Bank,True,100.0
2025-11,2025-11,12,Airtel Payments Bank Limited,Airtel Payments Bank,655.9,81.72,18.05,0.23,4.37,94.53,836b2314-Ecosystem-Statistics-UPI-Top-50-member-performance-2025-Nov-Remitter.xlsx,sheet title,1,Airtel Payments Bank,True,100.0
2025-11,2025-11,13,Bank Of India,Bank of India,637.79,92.42,6.92,0.66,2.99,83.83,836b2314-Ecosystem-Statistics-UPI-Top-50-member-performance-2025-Nov-Remitter.xlsx,sheet title,1,Bank of India,True,100.0
2025-11,2025-11,14,Indian Overseas Bank,Indian Overseas Bank,353.99,91.16,6.79,2.05,3.68,78.85,836b2314-Ecosystem-Statistics-UPI-Top-50-member-performance-2025-Nov-Remitter.xlsx,sheet title,1,Indian Overseas Bank,True,100.0
2025-11,2025-11,15,Central Bank of India,Central Bank of India,334.49,90.4,8.67,0.93,1.96,86.33,836b2314-Ecosystem-Statistics-UPI-Top-50-member-performance-2025-Nov-Remitter.xlsx,sheet title,1,Central Bank of India,True,100.0
2025-11,2025-11,16,UCO Bank,UCO Bank,293.38,89.8,10.11,0.09,1.07,93.31,836b2314-Ecosystem-Statistics-UPI-Top-50-member-performance-2025-Nov-Remitter.xlsx,sheet title,1,UCO Bank,True,100.0
2025-11,2025-11,17,Federal Bank Ltd.,Federal Bank,270.16,92.86,7.11,0.03,0.57,98.44,836b2314-Ecosystem-Statistics-UPI-Top-50-member-performance-2025-Nov-Remitter.xlsx,sheet title,1,Federal Bank,True,100.0
2025-11,2025-11,18,Fino Payments Bank Ltd.,Fino Payments Bank,242.83,81.31,17.35,1.34,1.28,91.41,836b2314-Ecosystem-Statistics-UPI-Top-50-member-performance-2025-Nov-Remitter.xlsx,sheet title,1,Fino Payments Bank,True,100.0
2025-11,2025-11,19,Bank of Maharashtra,Bank of Maharashtra,228.31,93.27,6.65,0.08,0.66,88.18,836b2314-Ecosystem-Statistics-UPI-Top-50-member-performance-2025-Nov-Remitter.xlsx,sheet title,1,Bank of Maharashtra,True,100.0
2025-11,2025-11,20,Indusind Bank Ltd.,IndusInd Bank,218.34,87.95,11.3,0.74,1.08,74.18,836b2314-Ecosystem-Statistics-UPI-Top-50-member-performance-2025-Nov-Remitter.xlsx,sheet title,1,IndusInd Bank,True,99.99
2025-11,2025-11,21,IDBI Bank Ltd.,IDBI Bank,205.9,93.76,6.1,0.14,0.59,85.48,836b2314-Ecosystem-Statistics-UPI-Top-50-member-performance-2025-Nov-Remitter.xlsx,sheet title,1,IDBI Bank,True,100.0
2025-11,2025-11,22,Yes Bank Ltd.,YES Bank,175.69,90.99,8.83,0.17,0.38,73.48,836b2314-Ecosystem-Statistics-UPI-Top-50-member-performance-2025-Nov-Remitter.xlsx,sheet title,1,YES Bank,True,99.99
2025-11,2025-11,23,Tri O Tech Solutions Private Limited,Tri O Tech Solutions,148.71,100.0,0.0,0.0,,0.0,836b2314-Ecosystem-Statistics-UPI-Top-50-member-performance-2025-Nov-Remitter.xlsx,sheet title,1,Tri O Tech Solutions,False,100.0
2025-11,2025-11,24,Karnataka Bank,Karnataka Bank,147.88,92.2,7.66,0.13,0.51,98.75,836b2314-Ecosystem-Statistics-UPI-Top-50-member-performance-2025-Nov-Remitter.xlsx,sheet title,1,Karnataka Bank,True,99.99
2025-11,2025-11,25,IDFC Bank Ltd.,IDFC FIRST Bank,121.41,92.87,7.08,0.05,0.3,92.31,836b2314-Ecosystem-Statistics-UPI-Top-50-member-performance-2025-Nov-Remitter.xlsx,sheet title,1,IDFC FIRST Bank,True,100.0
2025-11,2025-11,26,The Jammu & Kashmir Bank Limited,Jammu & Kashmir Bank,102.21,92.45,6.32,1.23,0.85,53.26,836b2314-Ecosystem-Statistics-UPI-Top-50-member-performance-2025-Nov-Remitter.xlsx,sheet title,1,Jammu & Kashmir Bank,True,100.0
2025-11,2025-11,27,Karur Vysya Bank,Karur Vysya Bank,95.46,92.91,6.97,0.12,0.25,88.84,836b2314-Ecosystem-Statistics-UPI-Top-50-member-performance-2025-Nov-Remitter.xlsx,sheet title,1,Karur Vysya Bank,True,100.0
2025-11,2025-11,28,BANDHAN BANK LIMITED,Bandhan Bank,92.91,94.34,4.54,1.12,0.63,65.61,836b2314-Ecosystem-Statistics-UPI-Top-50-member-performance-2025-Nov-Remitter.xlsx,sheet title,1,Bandhan Bank,True,100.0
2025-11,2025-11,29,AU Small Finance Bank,AU Small Finance Bank,79.93,88.12,10.93,0.95,0.44,75.06,836b2314-Ecosystem-Statistics-UPI-Top-50-member-performance-2025-Nov-Remitter.xlsx,sheet title,1,AU Small Finance Bank,True,100.0
2025-11,2025-11,30,The South Indian Bank Limited,South Indian Bank,77.11,94.27,5.49,0.24,0.14,91.76,836b2314-Ecosystem-Statistics-UPI-Top-50-member-performance-2025-Nov-Remitter.xlsx,sheet title,1,South Indian Bank,True,100.0
2025-11,2025-11,31,JIO Payments Bank Ltd,Jio Payments Bank,75.81,82.97,15.06,1.97,0.84,86.61,836b2314-Ecosystem-Statistics-UPI-Top-50-member-performance-2025-Nov-Remitter.xlsx,sheet title,1,Jio Payments Bank,True,100.0
2025-11,2025-11,32,Uttar Pradesh Gramin Bank,Uttar Pradesh Gramin Bank,65.09,91.7,4.8,3.5,0.94,48.08,836b2314-Ecosystem-Statistics-UPI-Top-50-member-performance-2025-Nov-Remitter.xlsx,sheet title,1,Uttar Pradesh Gramin Bank,True,100.0
2025-11,2025-11,33,Punjab and Sind Bank,Punjab & Sind Bank,59.84,90.13,9.04,0.83,0.3,95.9,836b2314-Ecosystem-Statistics-UPI-Top-50-member-performance-2025-Nov-Remitter.xlsx,sheet title,1,Punjab & Sind Bank,True,100.0
2025-11,2025-11,34,NSDL Payments Bank Limited,NSDL Payments Bank,58.75,81.88,17.43,0.69,0.56,89.64,836b2314-Ecosystem-Statistics-UPI-Top-50-member-performance-2025-Nov-Remitter.xlsx,sheet title,1,NSDL Payments Bank,True,100.0
2025-11,2025-11,35,City Union Bank,City Union Bank,57.73,92.19,7.72,0.08,0.11,98.9,836b2314-Ecosystem-Statistics-UPI-Top-50-member-performance-2025-Nov-Remitter.xlsx,sheet title,1,City Union Bank,True,99.99
2025-11,2025-11,36,Tamilnad Mercantile Bank Limited,Tamilnad Mercantile Bank,57.69,92.37,7.18,0.45,0.17,79.53,836b2314-Ecosystem-Statistics-UPI-Top-50-member-performance-2025-Nov-Remitter.xlsx,sheet title,1,Tamilnad Mercantile Bank,True,100.0
2025-11,2025-11,37,Ujjivan Small Finance Bank Limited,Ujjivan Small Finance Bank,55.38,90.12,9.66,0.22,0.2,94.77,836b2314-Ecosystem-Statistics-UPI-Top-50-member-performance-2025-Nov-Remitter.xlsx,sheet title,1,Ujjivan Small Finance Bank,True,100.0
2025-11,2025-11,38,Kerala Gramin Bank,Kerala Gramin Bank,52.13,92.25,6.96,0.78,0.29,54.51,836b2314-Ecosystem-Statistics-UPI-Top-50-member-performance-2025-Nov-Remitter.xlsx,sheet title,1,Kerala Gramin Bank,True,99.99
2025-11,2025-11,39,Rajasthan Gramin Bank,Rajasthan Marudhara Gramin Bank,49.22,84.89,12.28,2.83,0.48,58.94,836b2314-Ecosystem-Statistics-UPI-Top-50-member-performance-2025-Nov-Remitter.xlsx,sheet title,1,Rajasthan Marudhara Gramin Bank,True,100.0
2025-11,2025-11,40,Karnataka Gramin Bank,Karnataka Gramin Bank,48.12,87.01,10.7,2.29,0.51,55.91,836b2314-Ecosystem-Statistics-UPI-Top-50-member-performance-2025-Nov-Remitter.xlsx,sheet title,1,Karnataka Gramin Bank,True,100.0
2025-11,2025-11,41,Telangana Grameena Bank,Telangana Grameena Bank,44.51,88.25,10.18,1.57,0.2,79.41,836b2314-Ecosystem-Statistics-UPI-Top-50-member-performance-2025-Nov-Remitter.xlsx,sheet title,1,Telangana Grameena Bank,True,100.0
2025-11,2025-11,42,Slice Small Finance Bank Limited,Slice Small Finance Bank,40.67,95.52,4.28,0.2,0.22,88.89,836b2314-Ecosystem-Statistics-UPI-Top-50-member-performance-2025-Nov-Remitter.xlsx,sheet title,1,Slice Small Finance Bank,True,100.0
2025-11,2025-11,43,Maharashtra Gramin Bank,Maharashtra Gramin Bank,37.47,85.79,13.44,0.76,0.17,58.41,836b2314-Ecosystem-Statistics-UPI-Top-50-member-performance-2025-Nov-Remitter.xlsx,sheet title,1,Maharashtra Gramin Bank,True,99.99
2025-11,2025-11,44,ESAF Small Finance Bank Ltd,ESAF Small Finance Bank,34.85,95.3,4.07,0.64,0.13,87.85,836b2314-Ecosystem-Statistics-UPI-Top-50-member-performance-2025-Nov-Remitter.xlsx,sheet title,1,ESAF Small Finance Bank,True,100.01
2025-11,2025-11,45,Andhra Pradesh Grameena Bank,Andhra Pradesh Grameena Bank,31.72,89.48,8.96,1.56,0.24,57.35,836b2314-Ecosystem-Statistics-UPI-Top-50-member-performance-2025-Nov-Remitter.xlsx,sheet title,1,Andhra Pradesh Grameena Bank,True,100.0
2025-11,2025-11,46,Saraswat Co-operative Bank,Saraswat Co-operative Bank,31.18,94.43,5.13,0.44,0.08,80.17,836b2314-Ecosystem-Statistics-UPI-Top-50-member-performance-2025-Nov-Remitter.xlsx,sheet title,1,Saraswat Co-operative Bank,True,100.0
2025-11,2025-11,47,DBS Bank India Limited,DBS Bank India,30.93,92.4,7.47,0.13,0.08,94.01,836b2314-Ecosystem-Statistics-UPI-Top-50-member-performance-2025-Nov-Remitter.xlsx,sheet title,1,DBS Bank India,True,100.0
2025-11,2025-11,48,RBL Bank Ltd.,RBL Bank,28.73,91.68,7.94,0.38,0.07,74.05,836b2314-Ecosystem-Statistics-UPI-Top-50-member-performance-2025-Nov-Remitter.xlsx,sheet title,1,RBL Bank,True,100.0
2025-11,2025-11,49,Equitas Small Finance Bank,Equitas Small Finance Bank,28.07,90.71,9.09,0.2,0.09,96.14,836b2314-Ecosystem-Statistics-UPI-Top-50-member-performance-2025-Nov-Remitter.xlsx,sheet title,1,Equitas Small Finance Bank,True,100.0
2025-11,2025-11,50,Sarva Haryana Gramin Bank,Sarva Haryana Gramin Bank,26.58,92.15,7.47,0.39,0.17,82.97,836b2314-Ecosystem-Statistics-UPI-Top-50-member-performance-2025-Nov-Remitter.xlsx,sheet title,1,Sarva Haryana Gramin Bank,True,100.01
2025-12,2025-12,1,State Bank of India,State Bank of India,5833.74,91.89,7.54,0.57,18.25,97.54,99f88f39-Ecosystem-Statistics-UPI-Top-50-member-performance-2025-Dec-Remitter.xlsx,sheet title,1,State Bank of India,True,100.0
2025-12,2025-12,2,HDFC Bank Ltd.,HDFC Bank,1654.3,94.3,5.67,0.03,3.88,92.97,99f88f39-Ecosystem-Statistics-UPI-Top-50-member-performance-2025-Dec-Remitter.xlsx,sheet title,1,HDFC Bank,True,100.0
2025-12,2025-12,3,Bank of Baroda,Bank of Baroda,1514.5,89.57,10.32,0.11,5.36,98.9,99f88f39-Ecosystem-Statistics-UPI-Top-50-member-performance-2025-Dec-Remitter.xlsx,sheet title,1,Bank of Baroda,True,100.0
2025-12,2025-12,4,Union Bank of India,Union Bank of India,1346.98,90.75,8.66,0.58,5.47,67.95,99f88f39-Ecosystem-Statistics-UPI-Top-50-member-performance-2025-Dec-Remitter.xlsx,sheet title,1,Union Bank of India,True,99.99
2025-12,2025-12,5,Punjab National Bank,Punjab National Bank,1206.23,89.29,10.15,0.56,5.64,89.78,99f88f39-Ecosystem-Statistics-UPI-Top-50-member-performance-2025-Dec-Remitter.xlsx,sheet title,1,Punjab National Bank,True,100.0
2025-12,2025-12,6,Axis Bank Ltd.,Axis Bank,1107.12,94.87,5.12,0.01,2.11,99.69,99f88f39-Ecosystem-Statistics-UPI-Top-50-member-performance-2025-Dec-Remitter.xlsx,sheet title,1,Axis Bank,True,100.0
2025-12,2025-12,7,Canara Bank,Canara Bank,1076.87,90.95,8.24,0.8,4.54,76.4,99f88f39-Ecosystem-Statistics-UPI-Top-50-member-performance-2025-Dec-Remitter.xlsx,sheet title,1,Canara Bank,True,99.99
2025-12,2025-12,8,Kotak Mahindra Bank,Kotak Mahindra Bank,1075.99,90.79,9.19,0.01,3.01,96.27,99f88f39-Ecosystem-Statistics-UPI-Top-50-member-performance-2025-Dec-Remitter.xlsx,sheet title,1,Kotak Mahindra Bank,True,99.99
2025-12,2025-12,9,ICICI Bank Ltd.,ICICI Bank,777.48,95.74,4.2,0.05,1.4,97.08,99f88f39-Ecosystem-Statistics-UPI-Top-50-member-performance-2025-Dec-Remitter.xlsx,sheet title,1,ICICI Bank,True,99.99
2025-12,2025-12,10,India Post Payments Bank Limited,India Post Payments Bank,770.88,84.39,14.98,0.63,4.63,92.76,99f88f39-Ecosystem-Statistics-UPI-Top-50-member-performance-2025-Dec-Remitter.xlsx,sheet title,1,India Post Payments Bank,True,100.0
2025-12,2025-12,11,Indian Bank,Indian Bank,728.78,91.08,8.69,0.22,2.51,92.97,99f88f39-Ecosystem-Statistics-UPI-Top-50-member-performance-2025-Dec-Remitter.xlsx,sheet title,1,Indian Bank,True,99.99
2025-12,2025-12,12,Airtel Payments Bank Limited,Airtel Payments Bank,713.93,80.83,18.93,0.24,4.42,93.44,99f88f39-Ecosystem-Statistics-UPI-Top-50-member-performance-2025-Dec-Remitter.xlsx,sheet title,1,Airtel Payments Bank,True,100.0
2025-12,2025-12,13,Bank Of India,Bank of India,675.44,92.49,7.29,0.22,2.58,94.4,99f88f39-Ecosystem-Statistics-UPI-Top-50-member-performance-2025-Dec-Remitter.xlsx,sheet title,1,Bank of India,True,100.0
2025-12,2025-12,14,Indian Overseas Bank,Indian Overseas Bank,373.86,91.34,7.65,1.01,1.21,69.35,99f88f39-Ecosystem-Statistics-UPI-Top-50-member-performance-2025-Dec-Remitter.xlsx,sheet title,1,Indian Overseas Bank,True,100.0
2025-12,2025-12,15,Central Bank of India,Central Bank of India,361.51,89.74,9.46,0.81,2.29,82.16,99f88f39-Ecosystem-Statistics-UPI-Top-50-member-performance-2025-Dec-Remitter.xlsx,sheet title,1,Central Bank of India,True,100.01
2025-12,2025-12,16,UCO Bank,UCO Bank,311.19,89.39,10.46,0.15,1.31,86.85,99f88f39-Ecosystem-Statistics-UPI-Top-50-member-performance-2025-Dec-Remitter.xlsx,sheet title,1,UCO Bank,True,100.0
2025-12,2025-12,17,Federal Bank Ltd.,Federal Bank,287.32,92.27,7.62,0.11,0.65,95.84,99f88f39-Ecosystem-Statistics-UPI-Top-50-member-performance-2025-Dec-Remitter.xlsx,sheet title,1,Federal Bank,True,100.0
2025-12,2025-12,18,Fino Payments Bank Ltd.,Fino Payments Bank,257.61,81.75,17.75,0.51,1.41,89.47,99f88f39-Ecosystem-Statistics-UPI-Top-50-member-performance-2025-Dec-Remitter.xlsx,sheet title,1,Fino Payments Bank,True,100.01
2025-12,2025-12,19,Bank of Maharashtra,Bank of Maharashtra,241.41,92.5,7.23,0.27,0.78,75.21,99f88f39-Ecosystem-Statistics-UPI-Top-50-member-performance-2025-Dec-Remitter.xlsx,sheet title,1,Bank of Maharashtra,True,100.0
2025-12,2025-12,20,Indusind Bank Ltd.,IndusInd Bank,232.46,87.6,12.15,0.25,1.03,76.41,99f88f39-Ecosystem-Statistics-UPI-Top-50-member-performance-2025-Dec-Remitter.xlsx,sheet title,1,IndusInd Bank,True,100.0
2025-12,2025-12,21,IDBI Bank Ltd.,IDBI Bank,216.21,92.87,6.73,0.4,0.7,74.23,99f88f39-Ecosystem-Statistics-UPI-Top-50-member-performance-2025-Dec-Remitter.xlsx,sheet title,1,IDBI Bank,True,100.0
2025-12,2025-12,22,Yes Bank Ltd.,YES Bank,182.31,90.49,9.39,0.12,0.34,87.17,99f88f39-Ecosystem-Statistics-UPI-Top-50-member-performance-2025-Dec-Remitter.xlsx,sheet title,1,YES Bank,True,100.0
2025-12,2025-12,23,Karnataka Bank,Karnataka Bank,158.04,91.61,8.24,0.15,0.54,94.62,99f88f39-Ecosystem-Statistics-UPI-Top-50-member-performance-2025-Dec-Remitter.xlsx,sheet title,1,Karnataka Bank,True,100.0
2025-12,2025-12,24,Tri O Tech Solutions Private Limited,Tri O Tech Solutions,157.89,100.0,0.0,0.0,,0.0,99f88f39-Ecosystem-Statistics-UPI-Top-50-member-performance-2025-Dec-Remitter.xlsx,sheet title,1,Tri O Tech Solutions,False,100.0
2025-12,2025-12,25,IDFC Bank Ltd.,IDFC FIRST Bank,126.76,92.29,7.68,0.03,0.33,88.23,99f88f39-Ecosystem-Statistics-UPI-Top-50-member-performance-2025-Dec-Remitter.xlsx,sheet title,1,IDFC FIRST Bank,True,100.0
2025-12,2025-12,26,The Jammu & Kashmir Bank Limited,Jammu & Kashmir Bank,107.49,92.54,6.96,0.5,0.63,77.36,99f88f39-Ecosystem-Statistics-UPI-Top-50-member-performance-2025-Dec-Remitter.xlsx,sheet title,1,Jammu & Kashmir Bank,True,100.0
2025-12,2025-12,27,Karur Vysya Bank,Karur Vysya Bank,102.37,92.51,7.37,0.12,0.3,84.63,99f88f39-Ecosystem-Statistics-UPI-Top-50-member-performance-2025-Dec-Remitter.xlsx,sheet title,1,Karur Vysya Bank,True,100.0
2025-12,2025-12,28,BANDHAN BANK LIMITED,Bandhan Bank,97.47,95.42,4.58,0.0,0.43,97.99,99f88f39-Ecosystem-Statistics-UPI-Top-50-member-performance-2025-Dec-Remitter.xlsx,sheet title,1,Bandhan Bank,True,100.0
2025-12,2025-12,29,JIO Payments Bank Ltd,Jio Payments Bank,85.37,80.99,16.26,2.75,1.08,97.16,99f88f39-Ecosystem-Statistics-UPI-Top-50-member-performance-2025-Dec-Remitter.xlsx,sheet title,1,Jio Payments Bank,True,100.0
2025-12,2025-12,30,AU Small Finance Bank,AU Small Finance Bank,85.25,88.18,11.66,0.16,0.35,91.62,99f88f39-Ecosystem-Statistics-UPI-Top-50-member-performance-2025-Dec-Remitter.xlsx,sheet title,1,AU Small Finance Bank,True,100.0
2025-12,2025-12,31,The South Indian Bank Limited,South Indian Bank,81.38,94.38,5.58,0.04,0.15,99.04,99f88f39-Ecosystem-Statistics-UPI-Top-50-member-performance-2025-Dec-Remitter.xlsx,sheet title,1,South Indian Bank,True,100.0
2025-12,2025-12,32,Uttar Pradesh Gramin Bank,Uttar Pradesh Gramin Bank,71.45,91.42,4.52,4.06,1.04,45.06,99f88f39-Ecosystem-Statistics-UPI-Top-50-member-performance-2025-Dec-Remitter.xlsx,sheet title,1,Uttar Pradesh Gramin Bank,True,100.0
2025-12,2025-12,33,NSDL Payments Bank Limited,NSDL Payments Bank,67.06,79.15,18.67,2.19,0.86,76.31,99f88f39-Ecosystem-Statistics-UPI-Top-50-member-performance-2025-Dec-Remitter.xlsx,sheet title,1,NSDL Payments Bank,True,100.01
2025-12,2025-12,34,Punjab and Sind Bank,Punjab & Sind Bank,62.97,87.64,10.95,1.41,0.52,60.95,99f88f39-Ecosystem-Statistics-UPI-Top-50-member-performance-2025-Dec-Remitter.xlsx,sheet title,1,Punjab & Sind Bank,True,100.0
2025-12,2025-12,35,Tamilnad Mercantile Bank Limited,Tamilnad Mercantile Bank,62.47,91.74,7.44,0.83,0.25,70.9,99f88f39-Ecosystem-Statistics-UPI-Top-50-member-performance-2025-Dec-Remitter.xlsx,sheet title,1,Tamilnad Mercantile Bank,True,100.01
2025-12,2025-12,36,City Union Bank,City Union Bank,61.25,91.82,8.11,0.07,0.15,95.68,99f88f39-Ecosystem-Statistics-UPI-Top-50-member-performance-2025-Dec-Remitter.xlsx,sheet title,1,City Union Bank,True,100.0
2025-12,2025-12,37,Ujjivan Small Finance Bank Limited,Ujjivan Small Finance Bank,59.73,88.34,11.5,0.16,0.21,94.27,99f88f39-Ecosystem-Statistics-UPI-Top-50-member-performance-2025-Dec-Remitter.xlsx,sheet title,1,Ujjivan Small Finance Bank,True,100.0
2025-12,2025-12,38,Kerala Gramin Bank,Kerala Gramin Bank,55.2,92.26,7.43,0.31,0.21,67.92,99f88f39-Ecosystem-Statistics-UPI-Top-50-member-performance-2025-Dec-Remitter.xlsx,sheet title,1,Kerala Gramin Bank,True,100.0
2025-12,2025-12,39,Rajasthan Gramin Bank,Rajasthan Marudhara Gramin Bank,54.91,84.05,12.66,3.29,0.69,50.33,99f88f39-Ecosystem-Statistics-UPI-Top-50-member-performance-2025-Dec-Remitter.xlsx,sheet title,1,Rajasthan Marudhara Gramin Bank,True,100.0
2025-12,2025-12,40,Karnataka Gramin Bank,Karnataka Gramin Bank,53.94,88.85,10.88,0.27,0.22,77.66,99f88f39-Ecosystem-Statistics-UPI-Top-50-member-performance-2025-Dec-Remitter.xlsx,sheet title,1,Karnataka Gramin Bank,True,100.0
2025-12,2025-12,41,Slice Small Finance Bank Limited,Slice Small Finance Bank,48.39,95.36,4.51,0.12,0.22,90.62,99f88f39-Ecosystem-Statistics-UPI-Top-50-member-performance-2025-Dec-Remitter.xlsx,sheet title,1,Slice Small Finance Bank,True,99.99
2025-12,2025-12,42,Telangana Grameena Bank,Telangana Grameena Bank,47.72,88.63,10.65,0.71,0.19,90.13,99f88f39-Ecosystem-Statistics-UPI-Top-50-member-performance-2025-Dec-Remitter.xlsx,sheet title,1,Telangana Grameena Bank,True,99.99
2025-12,2025-12,43,Andhra Pradesh Grameena Bank,Andhra Pradesh Grameena Bank,39.67,91.41,7.66,0.93,0.23,55.25,99f88f39-Ecosystem-Statistics-UPI-Top-50-member-performance-2025-Dec-Remitter.xlsx,sheet title,1,Andhra Pradesh Grameena Bank,True,100.0
2025-12,2025-12,44,Maharashtra Gramin Bank,Maharashtra Gramin Bank,39.27,84.54,13.94,1.52,0.26,37.41,99f88f39-Ecosystem-Statistics-UPI-Top-50-member-performance-2025-Dec-Remitter.xlsx,sheet title,1,Maharashtra Gramin Bank,True,100.0
2025-12,2025-12,45,ESAF Small Finance Bank Ltd,ESAF Small Finance Bank,36.95,95.86,3.85,0.3,0.12,96.96,99f88f39-Ecosystem-Statistics-UPI-Top-50-member-performance-2025-Dec-Remitter.xlsx,sheet title,1,ESAF Small Finance Bank,True,100.01
2025-12,2025-12,46,Saraswat Co-operative Bank,Saraswat Co-operative Bank,33.09,94.17,5.28,0.56,0.1,70.21,99f88f39-Ecosystem-Statistics-UPI-Top-50-member-performance-2025-Dec-Remitter.xlsx,sheet title,1,Saraswat Co-operative Bank,True,100.01
2025-12,2025-12,47,DBS Bank India Limited,DBS Bank India,32.42,91.93,8.02,0.05,0.08,95.64,99f88f39-Ecosystem-Statistics-UPI-Top-50-member-performance-2025-Dec-Remitter.xlsx,sheet title,1,DBS Bank India,True,100.0
2025-12,2025-12,48,RBL Bank Ltd.,RBL Bank,31.79,92.57,7.36,0.07,0.06,89.37,99f88f39-Ecosystem-Statistics-UPI-Top-50-member-performance-2025-Dec-Remitter.xlsx,sheet title,1,RBL Bank,True,100.0
2025-12,2025-12,49,Equitas Small Finance Bank,Equitas Small Finance Bank,29.61,90.25,9.74,0.01,0.09,99.47,99f88f39-Ecosystem-Statistics-UPI-Top-50-member-performance-2025-Dec-Remitter.xlsx,sheet title,1,Equitas Small Finance Bank,True,100.0
2025-12,2025-12,50,Sarva Haryana Gramin Bank,Sarva Haryana Gramin Bank,27.78,91.17,6.97,1.87,0.38,45.62,99f88f39-Ecosystem-Statistics-UPI-Top-50-member-performance-2025-Dec-Remitter.xlsx,sheet title,1,Sarva Haryana Gramin Bank,True,100.01
2026-01,2026-01,1,State Bank of India,State Bank of India,5855.79,92.07,7.61,0.32,23.23,95.9,027912fa-Ecosystem-Statistics-UPI-Top-50-member-performance-2026-Jan-Remitter.xlsx,sheet title,1,State Bank of India,True,100.0
2026-01,2026-01,2,HDFC Bank Ltd.,HDFC Bank,1651.17,94.08,5.87,0.05,4.63,92.59,027912fa-Ecosystem-Statistics-UPI-Top-50-member-performance-2026-Jan-Remitter.xlsx,sheet title,1,HDFC Bank,True,100.0
2026-01,2026-01,3,Bank of Baroda,Bank of Baroda,1542.14,89.46,10.53,0.01,7.0,99.53,027912fa-Ecosystem-Statistics-UPI-Top-50-member-performance-2026-Jan-Remitter.xlsx,sheet title,1,Bank of Baroda,True,100.0
2026-01,2026-01,4,Union Bank of India,Union Bank of India,1353.05,91.03,8.72,0.24,5.87,82.26,027912fa-Ecosystem-Statistics-UPI-Top-50-member-performance-2026-Jan-Remitter.xlsx,sheet title,1,Union Bank of India,True,99.99
2026-01,2026-01,5,Punjab National Bank,Punjab National Bank,1222.89,88.58,10.88,0.54,8.57,79.78,027912fa-Ecosystem-Statistics-UPI-Top-50-member-performance-2026-Jan-Remitter.xlsx,sheet title,1,Punjab National Bank,True,100.0
2026-01,2026-01,6,Canara Bank,Canara Bank,1093.77,90.83,8.63,0.55,4.96,82.46,027912fa-Ecosystem-Statistics-UPI-Top-50-member-performance-2026-Jan-Remitter.xlsx,sheet title,1,Canara Bank,True,100.01
2026-01,2026-01,7,Kotak Mahindra Bank,Kotak Mahindra Bank,1091.42,90.27,9.73,0.0,3.9,98.25,027912fa-Ecosystem-Statistics-UPI-Top-50-member-performance-2026-Jan-Remitter.xlsx,sheet title,1,Kotak Mahindra Bank,True,100.0
2026-01,2026-01,8,Axis Bank Ltd.,Axis Bank,1016.49,94.22,5.78,0.0,2.73,97.0,027912fa-Ecosystem-Statistics-UPI-Top-50-member-performance-2026-Jan-Remitter.xlsx,sheet title,1,Axis Bank,True,100.0
2026-01,2026-01,9,INDIA POST PAYMENTS BANK LIMITED,India Post Payments Bank,832.71,82.08,17.28,0.64,6.51,94.82,027912fa-Ecosystem-Statistics-UPI-Top-50-member-performance-2026-Jan-Remitter.xlsx,sheet title,1,India Post Payments Bank,True,100.0
2026-01,2026-01,10,ICICI Bank Ltd.,ICICI Bank,764.26,95.29,4.3,0.4,2.11,81.55,027912fa-Ecosystem-Statistics-UPI-Top-50-member-performance-2026-Jan-Remitter.xlsx,sheet title,1,ICICI Bank,True,99.99
2026-01,2026-01,11,Indian Bank,Indian Bank,738.42,90.76,9.05,0.19,2.88,97.69,027912fa-Ecosystem-Statistics-UPI-Top-50-member-performance-2026-Jan-Remitter.xlsx,sheet title,1,Indian Bank,True,100.0
2026-01,2026-01,12,Airtel Payments Bank Limited,Airtel Payments Bank,738.09,78.94,20.89,0.18,5.96,98.39,027912fa-Ecosystem-Statistics-UPI-Top-50-member-performance-2026-Jan-Remitter.xlsx,sheet title,1,Airtel Payments Bank,True,100.01
2026-01,2026-01,13,Bank Of India,Bank of India,687.39,92.22,7.73,0.05,3.32,96.95,027912fa-Ecosystem-Statistics-UPI-Top-50-member-performance-2026-Jan-Remitter.xlsx,sheet title,1,Bank of India,True,100.0
2026-01,2026-01,14,Indian Overseas Bank,Indian Overseas Bank,383.18,91.59,8.2,0.21,1.72,89.05,027912fa-Ecosystem-Statistics-UPI-Top-50-member-performance-2026-Jan-Remitter.xlsx,sheet title,1,Indian Overseas Bank,True,100.0
2026-01,2026-01,15,Central Bank of India,Central Bank of India,373.55,89.66,10.06,0.28,2.18,94.26,027912fa-Ecosystem-Statistics-UPI-Top-50-member-performance-2026-Jan-Remitter.xlsx,sheet title,1,Central Bank of India,True,100.0
2026-01,2026-01,16,UCO Bank,UCO Bank,316.57,88.67,11.31,0.02,1.51,96.97,027912fa-Ecosystem-Statistics-UPI-Top-50-member-performance-2026-Jan-Remitter.xlsx,sheet title,1,UCO Bank,True,100.0
2026-01,2026-01,17,Federal Bank Ltd.,Federal Bank,290.33,92.04,7.93,0.03,0.76,98.66,027912fa-Ecosystem-Statistics-UPI-Top-50-member-performance-2026-Jan-Remitter.xlsx,sheet title,1,Federal Bank,True,100.0
2026-01,2026-01,18,Bank of Maharashtra,Bank of Maharashtra,246.23,92.49,7.5,0.01,0.79,95.72,027912fa-Ecosystem-Statistics-UPI-Top-50-member-performance-2026-Jan-Remitter.xlsx,sheet title,1,Bank of Maharashtra,True,100.0
2026-01,2026-01,19,Indusind Bank Ltd.,IndusInd Bank,237.56,87.16,12.68,0.16,1.3,82.57,027912fa-Ecosystem-Statistics-UPI-Top-50-member-performance-2026-Jan-Remitter.xlsx,sheet title,1,IndusInd Bank,True,100.0
2026-01,2026-01,20,Fino Payments Bank Ltd.,Fino Payments Bank,229.08,78.32,20.92,0.77,2.3,68.82,027912fa-Ecosystem-Statistics-UPI-Top-50-member-performance-2026-Jan-Remitter.xlsx,sheet title,1,Fino Payments Bank,True,100.01
2026-01,2026-01,21,IDBI Bank Ltd.,IDBI Bank,218.9,92.87,6.98,0.15,0.75,84.37,027912fa-Ecosystem-Statistics-UPI-Top-50-member-performance-2026-Jan-Remitter.xlsx,sheet title,1,IDBI Bank,True,100.0
2026-01,2026-01,22,Yes Bank Ltd.,YES Bank,172.58,91.14,8.8,0.06,0.4,92.23,027912fa-Ecosystem-Statistics-UPI-Top-50-member-performance-2026-Jan-Remitter.xlsx,sheet title,1,YES Bank,True,100.0
2026-01,2026-01,23,Tri O Tech Solutions Private Limited,Tri O Tech Solutions,159.92,100.0,0.0,0.0,,0.0,027912fa-Ecosystem-Statistics-UPI-Top-50-member-performance-2026-Jan-Remitter.xlsx,sheet title,1,Tri O Tech Solutions,False,100.0
2026-01,2026-01,24,Karnataka Bank,Karnataka Bank,155.9,90.67,9.09,0.24,0.58,98.12,027912fa-Ecosystem-Statistics-UPI-Top-50-member-performance-2026-Jan-Remitter.xlsx,sheet title,1,Karnataka Bank,True,100.0
2026-01,2026-01,25,IDFC Bank Ltd.,IDFC FIRST Bank,131.03,92.19,7.78,0.02,0.37,98.02,027912fa-Ecosystem-Statistics-UPI-Top-50-member-performance-2026-Jan-Remitter.xlsx,sheet title,1,IDFC FIRST Bank,True,99.99
2026-01,2026-01,26,The Jammu & Kashmir Bank Limited,Jammu & Kashmir Bank,105.46,91.98,7.71,0.31,0.74,76.46,027912fa-Ecosystem-Statistics-UPI-Top-50-member-performance-2026-Jan-Remitter.xlsx,sheet title,1,Jammu & Kashmir Bank,True,100.0
2026-01,2026-01,27,Karur Vysya Bank,Karur Vysya Bank,101.3,92.31,7.55,0.13,0.31,89.68,027912fa-Ecosystem-Statistics-UPI-Top-50-member-performance-2026-Jan-Remitter.xlsx,sheet title,1,Karur Vysya Bank,True,99.99
2026-01,2026-01,28,BANDHAN BANK LIMITED,Bandhan Bank,99.04,95.22,4.49,0.29,0.58,97.6,027912fa-Ecosystem-Statistics-UPI-Top-50-member-performance-2026-Jan-Remitter.xlsx,sheet title,1,Bandhan Bank,True,100.0
2026-01,2026-01,29,JIO PAYMENTS BANK LTD,Jio Payments Bank,90.12,82.46,16.83,0.71,1.43,96.76,027912fa-Ecosystem-Statistics-UPI-Top-50-member-performance-2026-Jan-Remitter.xlsx,sheet title,1,Jio Payments Bank,True,100.0
2026-01,2026-01,30,AU small Finance Bank,AU Small Finance Bank,87.17,87.32,12.12,0.56,0.55,79.76,027912fa-Ecosystem-Statistics-UPI-Top-50-member-performance-2026-Jan-Remitter.xlsx,sheet title,1,AU Small Finance Bank,True,100.0
2026-01,2026-01,31,The South Indian Bank Limited,South Indian Bank,81.99,94.32,5.63,0.06,0.16,99.36,027912fa-Ecosystem-Statistics-UPI-Top-50-member-performance-2026-Jan-Remitter.xlsx,sheet title,1,South Indian Bank,True,100.01
2026-01,2026-01,32,NSDL Payments Bank Limited,NSDL Payments Bank,72.22,77.96,20.24,1.8,1.28,77.92,027912fa-Ecosystem-Statistics-UPI-Top-50-member-performance-2026-Jan-Remitter.xlsx,sheet title,1,NSDL Payments Bank,True,100.0
2026-01,2026-01,33,Punjab and Sind Bank,Punjab & Sind Bank,63.67,88.21,11.08,0.71,0.37,94.72,027912fa-Ecosystem-Statistics-UPI-Top-50-member-performance-2026-Jan-Remitter.xlsx,sheet title,1,Punjab & Sind Bank,True,100.0
2026-01,2026-01,34,Tamilnad Mercantile Bank Limited,Tamilnad Mercantile Bank,61.69,92.17,7.74,0.09,0.18,93.01,027912fa-Ecosystem-Statistics-UPI-Top-50-member-performance-2026-Jan-Remitter.xlsx,sheet title,1,Tamilnad Mercantile Bank,True,100.0
2026-01,2026-01,35,UJJIVAN SMALL FINANCE BANK LIMITED,Ujjivan Small Finance Bank,60.33,88.73,11.11,0.16,0.29,92.79,027912fa-Ecosystem-Statistics-UPI-Top-50-member-performance-2026-Jan-Remitter.xlsx,sheet title,1,Ujjivan Small Finance Bank,True,100.0
2026-01,2026-01,36,City Union Bank,City Union Bank,60.03,91.53,8.42,0.05,0.17,99.82,027912fa-Ecosystem-Statistics-UPI-Top-50-member-performance-2026-Jan-Remitter.xlsx,sheet title,1,City Union Bank,True,100.0
2026-01,2026-01,37,Rajasthan Marudhara Gramin Bank,Rajasthan Marudhara Gramin Bank,57.4,84.87,13.13,1.99,0.58,87.29,027912fa-Ecosystem-Statistics-UPI-Top-50-member-performance-2026-Jan-Remitter.xlsx,sheet title,1,Rajasthan Marudhara Gramin Bank,True,99.99
2026-01,2026-01,38,KERALA GRAMIN BANK,Kerala Gramin Bank,57.0,92.43,7.27,0.3,0.17,89.16,027912fa-Ecosystem-Statistics-UPI-Top-50-member-performance-2026-Jan-Remitter.xlsx,sheet title,1,Kerala Gramin Bank,True,100.0
2026-01,2026-01,39,Slice Small Finance Bank Limited,Slice Small Finance Bank,56.48,95.04,4.84,0.11,0.29,90.38,027912fa-Ecosystem-Statistics-UPI-Top-50-member-performance-2026-Jan-Remitter.xlsx,sheet title,1,Slice Small Finance Bank,True,99.99
2026-01,2026-01,40,Karnataka Gramin Bank,Karnataka Gramin Bank,55.87,87.39,11.59,1.02,0.35,59.51,027912fa-Ecosystem-Statistics-UPI-Top-50-member-performance-2026-Jan-Remitter.xlsx,sheet title,1,Karnataka Gramin Bank,True,100.0
2026-01,2026-01,41,TELANGANA GRAMEENA BANK,Telangana Grameena Bank,48.68,86.99,10.66,2.34,0.38,48.74,027912fa-Ecosystem-Statistics-UPI-Top-50-member-performance-2026-Jan-Remitter.xlsx,sheet title,1,Telangana Grameena Bank,True,99.99
2026-01,2026-01,42,CHAITANYA GODAVARI GRAMEENA BANK,Chaitanya Godavari Grameena Bank,43.44,89.52,9.69,0.8,0.26,69.21,027912fa-Ecosystem-Statistics-UPI-Top-50-member-performance-2026-Jan-Remitter.xlsx,sheet title,1,Chaitanya Godavari Grameena Bank,True,100.01
2026-01,2026-01,43,Maharashtra Gramin Bank,Maharashtra Gramin Bank,41.15,83.7,14.61,1.69,0.29,42.54,027912fa-Ecosystem-Statistics-UPI-Top-50-member-performance-2026-Jan-Remitter.xlsx,sheet title,1,Maharashtra Gramin Bank,True,100.0
2026-01,2026-01,44,ESAF SMALL FINANCE BANK LTD,ESAF Small Finance Bank,37.02,95.45,3.92,0.63,0.18,78.32,027912fa-Ecosystem-Statistics-UPI-Top-50-member-performance-2026-Jan-Remitter.xlsx,sheet title,1,ESAF Small Finance Bank,True,100.0
2026-01,2026-01,45,Saraswat Co-operative Bank,Saraswat Co-operative Bank,33.06,94.18,5.56,0.27,0.09,89.22,027912fa-Ecosystem-Statistics-UPI-Top-50-member-performance-2026-Jan-Remitter.xlsx,sheet title,1,Saraswat Co-operative Bank,True,100.01
2026-01,2026-01,46,DBS Bank India Limited,DBS Bank India,31.99,91.47,8.45,0.08,0.1,90.6,027912fa-Ecosystem-Statistics-UPI-Top-50-member-performance-2026-Jan-Remitter.xlsx,sheet title,1,DBS Bank India,True,100.0
2026-01,2026-01,47,RBL Bank Ltd.,RBL Bank,31.06,91.64,7.8,0.56,0.08,85.01,027912fa-Ecosystem-Statistics-UPI-Top-50-member-performance-2026-Jan-Remitter.xlsx,sheet title,1,RBL Bank,True,100.0
2026-01,2026-01,48,EQUITAS SMALL FINANCE BANK,Equitas Small Finance Bank,29.41,89.89,10.09,0.02,0.11,98.52,027912fa-Ecosystem-Statistics-UPI-Top-50-member-performance-2026-Jan-Remitter.xlsx,sheet title,1,Equitas Small Finance Bank,True,100.0
2026-01,2026-01,49,SARVA HARYANA GRAMIN BANK,Sarva Haryana Gramin Bank,27.49,91.0,7.91,1.1,0.33,67.98,027912fa-Ecosystem-Statistics-UPI-Top-50-member-performance-2026-Jan-Remitter.xlsx,sheet title,1,Sarva Haryana Gramin Bank,True,100.01
2026-01,2026-01,50,ONE MOBIKWIK SYSTEMS LIMITED,One MobiKwik Systems,24.65,99.95,0.05,0.0,,0.0,027912fa-Ecosystem-Statistics-UPI-Top-50-member-performance-2026-Jan-Remitter.xlsx,sheet title,1,One MobiKwik Systems,False,100.0
2026-02,2026-02,1,State Bank of India,State Bank of India,5518.02,92.24,7.73,0.04,21.1,98.31,b248176f-Ecosystem-Statistics-UPI-Top-50-member-performance-2026-Feb-Remitter.xlsx,sheet title,1,State Bank of India,True,100.01
2026-02,2026-02,2,HDFC Bank Ltd.,HDFC Bank,1525.33,94.07,5.84,0.09,4.54,80.05,b248176f-Ecosystem-Statistics-UPI-Top-50-member-performance-2026-Feb-Remitter.xlsx,sheet title,1,HDFC Bank,True,100.0
2026-02,2026-02,3,Bank of Baroda,Bank of Baroda,1460.03,89.37,10.62,0.01,6.43,98.45,b248176f-Ecosystem-Statistics-UPI-Top-50-member-performance-2026-Feb-Remitter.xlsx,sheet title,1,Bank of Baroda,True,100.0
2026-02,2026-02,4,Union Bank of India,Union Bank of India,1285.21,91.21,8.79,0.01,4.61,94.6,b248176f-Ecosystem-Statistics-UPI-Top-50-member-performance-2026-Feb-Remitter.xlsx,sheet title,1,Union Bank of India,True,100.01
2026-02,2026-02,5,Punjab National Bank,Punjab National Bank,1150.14,88.49,10.9,0.61,7.15,87.48,b248176f-Ecosystem-Statistics-UPI-Top-50-member-performance-2026-Feb-Remitter.xlsx,sheet title,1,Punjab National Bank,True,100.0
2026-02,2026-02,6,Canara Bank,Canara Bank,1029.34,91.63,8.22,0.15,4.01,86.78,b248176f-Ecosystem-Statistics-UPI-Top-50-member-performance-2026-Feb-Remitter.xlsx,sheet title,1,Canara Bank,True,100.0
2026-02,2026-02,7,Kotak Mahindra Bank,Kotak Mahindra Bank,1020.92,90.24,9.76,0.0,3.58,96.65,b248176f-Ecosystem-Statistics-UPI-Top-50-member-performance-2026-Feb-Remitter.xlsx,sheet title,1,Kotak Mahindra Bank,True,100.0
2026-02,2026-02,8,Axis Bank Ltd.,Axis Bank,934.11,94.09,5.91,0.0,2.35,96.48,b248176f-Ecosystem-Statistics-UPI-Top-50-member-performance-2026-Feb-Remitter.xlsx,sheet title,1,Axis Bank,True,100.0
2026-02,2026-02,9,INDIA POST PAYMENTS BANK LIMITED,India Post Payments Bank,769.03,82.05,17.36,0.59,5.83,92.78,b248176f-Ecosystem-Statistics-UPI-Top-50-member-performance-2026-Feb-Remitter.xlsx,sheet title,1,India Post Payments Bank,True,100.0
2026-02,2026-02,10,Indian Bank,Indian Bank,703.41,90.72,9.27,0.01,2.47,95.96,b248176f-Ecosystem-Statistics-UPI-Top-50-member-performance-2026-Feb-Remitter.xlsx,sheet title,1,Indian Bank,True,100.0
2026-02,2026-02,11,ICICI Bank Ltd.,ICICI Bank,691.15,95.5,4.5,0.0,1.34,95.44,b248176f-Ecosystem-Statistics-UPI-Top-50-member-performance-2026-Feb-Remitter.xlsx,sheet title,1,ICICI Bank,True,100.0
2026-02,2026-02,12,Airtel Payments Bank Limited,Airtel Payments Bank,680.62,77.78,21.97,0.25,5.28,89.92,b248176f-Ecosystem-Statistics-UPI-Top-50-member-performance-2026-Feb-Remitter.xlsx,sheet title,1,Airtel Payments Bank,True,100.0
2026-02,2026-02,13,Bank Of India,Bank of India,644.12,91.74,7.69,0.57,3.65,86.2,b248176f-Ecosystem-Statistics-UPI-Top-50-member-performance-2026-Feb-Remitter.xlsx,sheet title,1,Bank of India,True,100.0
2026-02,2026-02,14,Indian Overseas Bank,Indian Overseas Bank,369.12,91.71,8.19,0.09,1.44,90.98,b248176f-Ecosystem-Statistics-UPI-Top-50-member-performance-2026-Feb-Remitter.xlsx,sheet title,1,Indian Overseas Bank,True,99.99
2026-02,2026-02,15,Central Bank of India,Central Bank of India,357.01,88.96,10.24,0.8,2.44,77.2,b248176f-Ecosystem-Statistics-UPI-Top-50-member-performance-2026-Feb-Remitter.xlsx,sheet title,1,Central Bank of India,True,100.0
2026-02,2026-02,16,UCO Bank,UCO Bank,298.32,87.95,11.84,0.21,1.53,85.27,b248176f-Ecosystem-Statistics-UPI-Top-50-member-performance-2026-Feb-Remitter.xlsx,sheet title,1,UCO Bank,True,100.0
2026-02,2026-02,17,Federal Bank Ltd.,Federal Bank,266.98,91.74,8.19,0.07,0.67,98.21,b248176f-Ecosystem-Statistics-UPI-Top-50-member-performance-2026-Feb-Remitter.xlsx,sheet title,1,Federal Bank,True,100.0
2026-02,2026-02,18,Fino Payments Bank Ltd.,Fino Payments Bank,236.38,78.72,21.22,0.06,1.7,92.23,b248176f-Ecosystem-Statistics-UPI-Top-50-member-performance-2026-Feb-Remitter.xlsx,sheet title,1,Fino Payments Bank,True,100.0
2026-02,2026-02,19,Bank of Maharashtra,Bank of Maharashtra,229.72,92.28,7.71,0.01,0.73,91.34,b248176f-Ecosystem-Statistics-UPI-Top-50-member-performance-2026-Feb-Remitter.xlsx,sheet title,1,Bank of Maharashtra,True,100.0
2026-02,2026-02,20,Indusind Bank Ltd.,IndusInd Bank,222.25,86.77,12.92,0.3,1.2,79.29,b248176f-Ecosystem-Statistics-UPI-Top-50-member-performance-2026-Feb-Remitter.xlsx,sheet title,1,IndusInd Bank,True,99.99
2026-02,2026-02,21,IDBI Bank Ltd.,IDBI Bank,203.74,92.83,7.17,0.0,0.69,82.31,b248176f-Ecosystem-Statistics-UPI-Top-50-member-performance-2026-Feb-Remitter.xlsx,sheet title,1,IDBI Bank,True,100.0
2026-02,2026-02,22,Yes Bank Ltd.,YES Bank,154.27,90.79,9.15,0.06,0.36,91.66,b248176f-Ecosystem-Statistics-UPI-Top-50-member-performance-2026-Feb-Remitter.xlsx,sheet title,1,YES Bank,True,100.0
2026-02,2026-02,23,Tri O Tech Solutions Private Limited,Tri O Tech Solutions,147.62,100.0,0.0,0.0,,0.0,b248176f-Ecosystem-Statistics-UPI-Top-50-member-performance-2026-Feb-Remitter.xlsx,sheet title,1,Tri O Tech Solutions,False,100.0
2026-02,2026-02,24,Karnataka Bank,Karnataka Bank,145.72,90.8,8.86,0.34,0.64,86.8,b248176f-Ecosystem-Statistics-UPI-Top-50-member-performance-2026-Feb-Remitter.xlsx,sheet title,1,Karnataka Bank,True,100.0
2026-02,2026-02,25,IDFC Bank Ltd.,IDFC FIRST Bank,143.48,92.82,6.77,0.42,0.4,78.32,b248176f-Ecosystem-Statistics-UPI-Top-50-member-performance-2026-Feb-Remitter.xlsx,sheet title,1,IDFC FIRST Bank,True,100.01
2026-02,2026-02,26,The Jammu & Kashmir Bank Limited,Jammu & Kashmir Bank,99.71,92.09,7.77,0.14,0.54,83.17,b248176f-Ecosystem-Statistics-UPI-Top-50-member-performance-2026-Feb-Remitter.xlsx,sheet title,1,Jammu & Kashmir Bank,True,100.0
2026-02,2026-02,27,Karur Vysya Bank,Karur Vysya Bank,96.54,92.17,7.69,0.14,0.32,85.04,b248176f-Ecosystem-Statistics-UPI-Top-50-member-performance-2026-Feb-Remitter.xlsx,sheet title,1,Karur Vysya Bank,True,100.0
2026-02,2026-02,28,BANDHAN BANK LIMITED,Bandhan Bank,92.43,94.94,4.8,0.25,0.55,88.1,b248176f-Ecosystem-Statistics-UPI-Top-50-member-performance-2026-Feb-Remitter.xlsx,sheet title,1,Bandhan Bank,True,99.99
2026-02,2026-02,29,JIO PAYMENTS BANK LTD,Jio Payments Bank,89.08,82.14,17.58,0.28,1.32,95.74,b248176f-Ecosystem-Statistics-UPI-Top-50-member-performance-2026-Feb-Remitter.xlsx,sheet title,1,Jio Payments Bank,True,100.0
2026-02,2026-02,30,AU small Finance Bank,AU Small Finance Bank,81.88,88.0,12.0,0.0,0.42,52.09,b248176f-Ecosystem-Statistics-UPI-Top-50-member-performance-2026-Feb-Remitter.xlsx,sheet title,1,AU Small Finance Bank,True,100.0
2026-02,2026-02,31,The South Indian Bank Limited,South Indian Bank,75.83,94.11,5.84,0.06,0.15,97.25,b248176f-Ecosystem-Statistics-UPI-Top-50-member-performance-2026-Feb-Remitter.xlsx,sheet title,1,South Indian Bank,True,100.01
2026-02,2026-02,32,Baroda U.P. Bank,Baroda UP Gramin Bank,75.3,88.41,4.33,7.26,1.74,38.99,b248176f-Ecosystem-Statistics-UPI-Top-50-member-performance-2026-Feb-Remitter.xlsx,sheet title,1,Baroda UP Gramin Bank,True,100.0
2026-02,2026-02,33,NSDL Payments Bank Limited,NSDL Payments Bank,68.12,74.79,20.33,4.88,1.45,69.67,b248176f-Ecosystem-Statistics-UPI-Top-50-member-performance-2026-Feb-Remitter.xlsx,sheet title,1,NSDL Payments Bank,True,100.0
2026-02,2026-02,34,Punjab and Sind Bank,Punjab & Sind Bank,61.26,88.17,11.57,0.26,0.36,91.25,b248176f-Ecosystem-Statistics-UPI-Top-50-member-performance-2026-Feb-Remitter.xlsx,sheet title,1,Punjab & Sind Bank,True,100.0
2026-02,2026-02,35,Slice Small Finance Bank Limited,Slice Small Finance Bank,60.71,95.03,4.97,0.0,0.26,92.54,b248176f-Ecosystem-Statistics-UPI-Top-50-member-performance-2026-Feb-Remitter.xlsx,sheet title,1,Slice Small Finance Bank,True,100.0
2026-02,2026-02,36,Tamilnad Mercantile Bank Limited,Tamilnad Mercantile Bank,59.48,91.34,7.97,0.7,0.2,83.94,b248176f-Ecosystem-Statistics-UPI-Top-50-member-performance-2026-Feb-Remitter.xlsx,sheet title,1,Tamilnad Mercantile Bank,True,100.01
2026-02,2026-02,37,UJJIVAN SMALL FINANCE BANK LIMITED,Ujjivan Small Finance Bank,57.23,87.98,11.95,0.07,0.27,94.09,b248176f-Ecosystem-Statistics-UPI-Top-50-member-performance-2026-Feb-Remitter.xlsx,sheet title,1,Ujjivan Small Finance Bank,True,100.0
2026-02,2026-02,38,City Union Bank,City Union Bank,57.07,91.46,8.34,0.2,0.17,99.8,b248176f-Ecosystem-Statistics-UPI-Top-50-member-performance-2026-Feb-Remitter.xlsx,sheet title,1,City Union Bank,True,100.0
2026-02,2026-02,39,Rajasthan Marudhara Gramin Bank,Rajasthan Marudhara Gramin Bank,56.22,84.8,13.35,1.86,0.58,76.17,b248176f-Ecosystem-Statistics-UPI-Top-50-member-performance-2026-Feb-Remitter.xlsx,sheet title,1,Rajasthan Marudhara Gramin Bank,True,100.01
2026-02,2026-02,40,Karnataka Gramin Bank,Karnataka Gramin Bank,53.13,87.04,11.51,1.45,0.27,71.7,b248176f-Ecosystem-Statistics-UPI-Top-50-member-performance-2026-Feb-Remitter.xlsx,sheet title,1,Karnataka Gramin Bank,True,100.0
2026-02,2026-02,41,KERALA GRAMIN BANK,Kerala Gramin Bank,52.11,92.54,7.17,0.3,0.17,77.41,b248176f-Ecosystem-Statistics-UPI-Top-50-member-performance-2026-Feb-Remitter.xlsx,sheet title,1,Kerala Gramin Bank,True,100.01
2026-02,2026-02,42,TELANGANA GRAMEENA BANK,Telangana Grameena Bank,45.12,86.99,11.67,1.33,0.21,69.3,b248176f-Ecosystem-Statistics-UPI-Top-50-member-performance-2026-Feb-Remitter.xlsx,sheet title,1,Telangana Grameena Bank,True,99.99
2026-02,2026-02,43,CHAITANYA GODAVARI GRAMEENA BANK,Chaitanya Godavari Grameena Bank,41.7,86.75,11.64,1.61,0.34,48.07,b248176f-Ecosystem-Statistics-UPI-Top-50-member-performance-2026-Feb-Remitter.xlsx,sheet title,1,Chaitanya Godavari Grameena Bank,True,100.0
2026-02,2026-02,44,Maharashtra Gramin Bank,Maharashtra Gramin Bank,38.34,83.03,15.54,1.43,0.24,51.88,b248176f-Ecosystem-Statistics-UPI-Top-50-member-performance-2026-Feb-Remitter.xlsx,sheet title,1,Maharashtra Gramin Bank,True,100.0
2026-02,2026-02,45,ESAF SMALL FINANCE BANK LTD,ESAF Small Finance Bank,34.11,96.13,3.61,0.26,0.13,96.43,b248176f-Ecosystem-Statistics-UPI-Top-50-member-performance-2026-Feb-Remitter.xlsx,sheet title,1,ESAF Small Finance Bank,True,100.0
2026-02,2026-02,46,RBL Bank Ltd.,RBL Bank,31.46,92.52,7.07,0.41,0.12,59.65,b248176f-Ecosystem-Statistics-UPI-Top-50-member-performance-2026-Feb-Remitter.xlsx,sheet title,1,RBL Bank,True,100.0
2026-02,2026-02,47,Saraswat Co-operative Bank,Saraswat Co-operative Bank,30.91,94.12,5.51,0.37,0.1,80.1,b248176f-Ecosystem-Statistics-UPI-Top-50-member-performance-2026-Feb-Remitter.xlsx,sheet title,1,Saraswat Co-operative Bank,True,100.0
2026-02,2026-02,48,DBS Bank India Limited,DBS Bank India,29.9,91.17,8.61,0.22,0.11,76.56,b248176f-Ecosystem-Statistics-UPI-Top-50-member-performance-2026-Feb-Remitter.xlsx,sheet title,1,DBS Bank India,True,100.0
2026-02,2026-02,49,EQUITAS SMALL FINANCE BANK,Equitas Small Finance Bank,27.51,89.61,10.37,0.02,0.1,97.24,b248176f-Ecosystem-Statistics-UPI-Top-50-member-performance-2026-Feb-Remitter.xlsx,sheet title,1,Equitas Small Finance Bank,True,100.0
2026-02,2026-02,50,SARVA HARYANA GRAMIN BANK,Sarva Haryana Gramin Bank,26.06,89.86,7.47,2.66,0.38,49.96,b248176f-Ecosystem-Statistics-UPI-Top-50-member-performance-2026-Feb-Remitter.xlsx,sheet title,1,Sarva Haryana Gramin Bank,True,99.99
2026-03,2026-03,1,State Bank Of India,State Bank of India,6262.1,91.97,7.87,0.16,21.46,98.75,a8e44f30-Ecosystem-Statistics-UPI-Top-50-member-performance-2026-Mar-Remitter.xlsx,sheet title,1,State Bank of India,True,100.0
2026-03,2026-03,2,Hdfc Bank Ltd.,HDFC Bank,1703.53,93.73,6.27,0.0,4.01,97.27,a8e44f30-Ecosystem-Statistics-UPI-Top-50-member-performance-2026-Mar-Remitter.xlsx,sheet title,1,HDFC Bank,True,100.0
2026-03,2026-03,3,Bank Of Baroda,Bank of Baroda,1649.23,88.67,11.23,0.1,7.24,95.72,a8e44f30-Ecosystem-Statistics-UPI-Top-50-member-performance-2026-Mar-Remitter.xlsx,sheet title,1,Bank of Baroda,True,100.0
2026-03,2026-03,4,Union Bank Of India,Union Bank of India,1451.37,90.62,9.17,0.2,5.5,84.64,a8e44f30-Ecosystem-Statistics-UPI-Top-50-member-performance-2026-Mar-Remitter.xlsx,sheet title,1,Union Bank of India,True,99.99
2026-03,2026-03,5,Punjab National Bank,Punjab National Bank,1301.5,88.51,11.35,0.13,7.22,97.79,a8e44f30-Ecosystem-Statistics-UPI-Top-50-member-performance-2026-Mar-Remitter.xlsx,sheet title,1,Punjab National Bank,True,99.99
2026-03,2026-03,6,Canara Bank,Canara Bank,1160.95,91.33,8.49,0.19,4.46,87.34,a8e44f30-Ecosystem-Statistics-UPI-Top-50-member-performance-2026-Mar-Remitter.xlsx,sheet title,1,Canara Bank,True,100.01
2026-03,2026-03,7,Kotak Mahindra Bank,Kotak Mahindra Bank,1134.21,89.71,10.15,0.14,3.74,94.53,a8e44f30-Ecosystem-Statistics-UPI-Top-50-member-performance-2026-Mar-Remitter.xlsx,sheet title,1,Kotak Mahindra Bank,True,100.0
2026-03,2026-03,8,Axis Bank Ltd.,Axis Bank,1029.58,93.65,6.35,0.0,2.47,98.87,a8e44f30-Ecosystem-Statistics-UPI-Top-50-member-performance-2026-Mar-Remitter.xlsx,sheet title,1,Axis Bank,True,100.0
2026-03,2026-03,9,India Post Payments Bank Limited,India Post Payments Bank,884.14,83.0,16.81,0.19,6.49,92.88,a8e44f30-Ecosystem-Statistics-UPI-Top-50-member-performance-2026-Mar-Remitter.xlsx,sheet title,1,India Post Payments Bank,True,100.0
2026-03,2026-03,10,Indian Bank,Indian Bank,794.12,90.07,9.8,0.12,2.7,73.06,a8e44f30-Ecosystem-Statistics-UPI-Top-50-member-performance-2026-Mar-Remitter.xlsx,sheet title,1,Indian Bank,True,99.99
2026-03,2026-03,11,Airtel Payments Bank Limited,Airtel Payments Bank,787.26,76.37,23.4,0.23,5.62,96.21,a8e44f30-Ecosystem-Statistics-UPI-Top-50-member-performance-2026-Mar-Remitter.xlsx,sheet title,1,Airtel Payments Bank,True,100.0
2026-03,2026-03,12,Icici Bank Ltd.,ICICI Bank,768.31,95.27,4.57,0.16,1.68,92.14,a8e44f30-Ecosystem-Statistics-UPI-Top-50-member-performance-2026-Mar-Remitter.xlsx,sheet title,1,ICICI Bank,True,100.0
2026-03,2026-03,13,Bank Of India,Bank of India,725.98,91.28,8.26,0.46,3.35,87.46,a8e44f30-Ecosystem-Statistics-UPI-Top-50-member-performance-2026-Mar-Remitter.xlsx,sheet title,1,Bank of India,True,100.0
2026-03,2026-03,14,Indian Overseas Bank,Indian Overseas Bank,417.72,91.53,8.45,0.02,1.43,98.97,a8e44f30-Ecosystem-Statistics-UPI-Top-50-member-performance-2026-Mar-Remitter.xlsx,sheet title,1,Indian Overseas Bank,True,100.0
2026-03,2026-03,15,Central Bank Of India,Central Bank of India,409.5,88.5,10.61,0.89,2.59,79.93,a8e44f30-Ecosystem-Statistics-UPI-Top-50-member-performance-2026-Mar-Remitter.xlsx,sheet title,1,Central Bank of India,True,100.0
2026-03,2026-03,16,Uco Bank,UCO Bank,335.66,87.36,12.56,0.08,1.49,95.48,a8e44f30-Ecosystem-Statistics-UPI-Top-50-member-performance-2026-Mar-Remitter.xlsx,sheet title,1,UCO Bank,True,100.0
2026-03,2026-03,17,Federal Bank Ltd.,Federal Bank,293.37,91.03,8.88,0.09,0.67,99.8,a8e44f30-Ecosystem-Statistics-UPI-Top-50-member-performance-2026-Mar-Remitter.xlsx,sheet title,1,Federal Bank,True,100.0
2026-03,2026-03,18,Fino Payments Bank Ltd.,Fino Payments Bank,275.22,77.87,22.07,0.06,1.87,93.99,a8e44f30-Ecosystem-Statistics-UPI-Top-50-member-performance-2026-Mar-Remitter.xlsx,sheet title,1,Fino Payments Bank,True,100.0
2026-03,2026-03,19,Bank Of Maharashtra,Bank of Maharashtra,260.31,91.57,8.15,0.28,0.88,86.45,a8e44f30-Ecosystem-Statistics-UPI-Top-50-member-performance-2026-Mar-Remitter.xlsx,sheet title,1,Bank of Maharashtra,True,100.0
2026-03,2026-03,20,Indusind Bank Ltd.,IndusInd Bank,249.91,86.24,13.59,0.17,1.2,83.1,a8e44f30-Ecosystem-Statistics-UPI-Top-50-member-performance-2026-Mar-Remitter.xlsx,sheet title,1,IndusInd Bank,True,100.0
2026-03,2026-03,21,Idbi Bank Ltd.,IDBI Bank,228.49,91.81,7.65,0.54,0.98,69.46,a8e44f30-Ecosystem-Statistics-UPI-Top-50-member-performance-2026-Mar-Remitter.xlsx,sheet title,1,IDBI Bank,True,100.0
2026-03,2026-03,22,Yes Bank Ltd.,YES Bank,167.38,90.42,9.41,0.17,0.38,86.84,a8e44f30-Ecosystem-Statistics-UPI-Top-50-member-performance-2026-Mar-Remitter.xlsx,sheet title,1,YES Bank,True,100.0
2026-03,2026-03,23,Tri O Tech Solutions Private Limited,Tri O Tech Solutions,166.67,100.0,0.0,0.0,,0.0,a8e44f30-Ecosystem-Statistics-UPI-Top-50-member-performance-2026-Mar-Remitter.xlsx,sheet title,1,Tri O Tech Solutions,False,100.0
2026-03,2026-03,24,Idfc Bank Ltd.,IDFC FIRST Bank,163.66,92.92,7.05,0.03,0.35,95.29,a8e44f30-Ecosystem-Statistics-UPI-Top-50-member-performance-2026-Mar-Remitter.xlsx,sheet title,1,IDFC FIRST Bank,True,100.0
2026-03,2026-03,25,Karnataka Bank,Karnataka Bank,163.57,90.6,9.2,0.21,0.59,91.13,a8e44f30-Ecosystem-Statistics-UPI-Top-50-member-performance-2026-Mar-Remitter.xlsx,sheet title,1,Karnataka Bank,True,100.01
2026-03,2026-03,26,Karur Vysya Bank,Karur Vysya Bank,108.15,91.4,8.32,0.29,0.38,83.86,a8e44f30-Ecosystem-Statistics-UPI-Top-50-member-performance-2026-Mar-Remitter.xlsx,sheet title,1,Karur Vysya Bank,True,100.01
2026-03,2026-03,27,The Jammu & Kashmir Bank Limited,Jammu & Kashmir Bank,108.13,91.55,8.2,0.25,0.6,80.75,a8e44f30-Ecosystem-Statistics-UPI-Top-50-member-performance-2026-Mar-Remitter.xlsx,sheet title,1,Jammu & Kashmir Bank,True,100.0
2026-03,2026-03,28,Bandhan Bank Limited,Bandhan Bank,102.11,94.77,4.5,0.74,0.65,80.86,a8e44f30-Ecosystem-Statistics-UPI-Top-50-member-performance-2026-Mar-Remitter.xlsx,sheet title,1,Bandhan Bank,True,100.01
2026-03,2026-03,29,Jio Payments Bank Ltd,Jio Payments Bank,101.97,80.8,18.89,0.3,1.49,98.74,a8e44f30-Ecosystem-Statistics-UPI-Top-50-member-performance-2026-Mar-Remitter.xlsx,sheet title,1,Jio Payments Bank,True,99.99
2026-03,2026-03,30,Au Small Finance Bank,AU Small Finance Bank,92.46,87.14,12.76,0.1,0.4,95.24,a8e44f30-Ecosystem-Statistics-UPI-Top-50-member-performance-2026-Mar-Remitter.xlsx,sheet title,1,AU Small Finance Bank,True,100.0
2026-03,2026-03,31,Baroda U.P. Bank,Baroda UP Gramin Bank,90.1,84.79,5.05,10.17,2.77,43.14,a8e44f30-Ecosystem-Statistics-UPI-Top-50-member-performance-2026-Mar-Remitter.xlsx,sheet title,1,Baroda UP Gramin Bank,True,100.01
2026-03,2026-03,32,The South Indian Bank Limited,South Indian Bank,84.24,93.51,6.28,0.21,0.15,98.35,a8e44f30-Ecosystem-Statistics-UPI-Top-50-member-performance-2026-Mar-Remitter.xlsx,sheet title,1,South Indian Bank,True,100.0
2026-03,2026-03,33,Nsdl Payments Bank Limited,NSDL Payments Bank,78.59,75.74,22.63,1.63,1.33,90.81,a8e44f30-Ecosystem-Statistics-UPI-Top-50-member-performance-2026-Mar-Remitter.xlsx,sheet title,1,NSDL Payments Bank,True,100.0
2026-03,2026-03,34,Slice Small Finance Bank Limited + Slice Small Finance Bank Limited,Slice Small Finance Bank,136.99,92.71617928315933,6.8821220527045766,0.4016986641360683,0.48,89.14625,a8e44f30-Ecosystem-Statistics-UPI-Top-50-member-performance-2026-Mar-Remitter.xlsx,sheet title,2,Slice Small Finance Bank,True,100.0
2026-03,2026-03,35,Punjab And Sind Bank,Punjab & Sind Bank,69.58,87.47,12.25,0.28,0.4,90.35,a8e44f30-Ecosystem-Statistics-UPI-Top-50-member-performance-2026-Mar-Remitter.xlsx,sheet title,1,Punjab & Sind Bank,True,100.0
2026-03,2026-03,37,Ujjivan Small Finance Bank Limited,Ujjivan Small Finance Bank,64.24,87.46,12.29,0.25,0.3,92.18,a8e44f30-Ecosystem-Statistics-UPI-Top-50-member-performance-2026-Mar-Remitter.xlsx,sheet title,1,Ujjivan Small Finance Bank,True,100.0
2026-03,2026-03,38,Rajasthan Marudhara Gramin Bank,Rajasthan Marudhara Gramin Bank,64.16,84.83,14.49,0.68,0.48,94.64,a8e44f30-Ecosystem-Statistics-UPI-Top-50-member-performance-2026-Mar-Remitter.xlsx,sheet title,1,Rajasthan Marudhara Gramin Bank,True,100.0
2026-03,2026-03,39,City Union Bank,City Union Bank,62.47,90.59,9.03,0.38,0.19,99.85,a8e44f30-Ecosystem-Statistics-UPI-Top-50-member-performance-2026-Mar-Remitter.xlsx,sheet title,1,City Union Bank,True,100.0
2026-03,2026-03,40,Karnataka Gramin Bank,Karnataka Gramin Bank,61.01,88.01,10.86,1.14,0.36,55.12,a8e44f30-Ecosystem-Statistics-UPI-Top-50-member-performance-2026-Mar-Remitter.xlsx,sheet title,1,Karnataka Gramin Bank,True,100.01
2026-03,2026-03,41,Kerala Gramin Bank,Kerala Gramin Bank,58.84,93.23,6.54,0.23,0.16,89.49,a8e44f30-Ecosystem-Statistics-UPI-Top-50-member-performance-2026-Mar-Remitter.xlsx,sheet title,1,Kerala Gramin Bank,True,100.0
2026-03,2026-03,42,Telangana Grameena Bank,Telangana Grameena Bank,52.64,86.27,11.89,1.84,0.17,90.28,a8e44f30-Ecosystem-Statistics-UPI-Top-50-member-performance-2026-Mar-Remitter.xlsx,sheet title,1,Telangana Grameena Bank,True,100.0
2026-03,2026-03,43,Chaitanya Godavari Grameena Bank,Chaitanya Godavari Grameena Bank,49.65,84.05,14.76,1.2,0.4,42.77,a8e44f30-Ecosystem-Statistics-UPI-Top-50-member-performance-2026-Mar-Remitter.xlsx,sheet title,1,Chaitanya Godavari Grameena Bank,True,100.01
2026-03,2026-03,44,Maharashtra Gramin Bank,Maharashtra Gramin Bank,44.51,81.31,15.23,3.46,0.35,37.78,a8e44f30-Ecosystem-Statistics-UPI-Top-50-member-performance-2026-Mar-Remitter.xlsx,sheet title,1,Maharashtra Gramin Bank,True,100.0
2026-03,2026-03,45,Esaf Small Finance Bank Ltd,ESAF Small Finance Bank,38.08,95.77,3.54,0.69,0.18,91.69,a8e44f30-Ecosystem-Statistics-UPI-Top-50-member-performance-2026-Mar-Remitter.xlsx,sheet title,1,ESAF Small Finance Bank,True,100.0
2026-03,2026-03,46,Rbl Bank Ltd.,RBL Bank,35.74,92.39,7.27,0.33,0.09,76.16,a8e44f30-Ecosystem-Statistics-UPI-Top-50-member-performance-2026-Mar-Remitter.xlsx,sheet title,1,RBL Bank,True,99.99
2026-03,2026-03,47,Saraswat Co-Operative Bank,Saraswat Co-operative Bank,34.68,93.65,5.83,0.52,0.12,74.63,a8e44f30-Ecosystem-Statistics-UPI-Top-50-member-performance-2026-Mar-Remitter.xlsx,sheet title,1,Saraswat Co-operative Bank,True,100.0
2026-03,2026-03,48,Dbs Bank India Limited,DBS Bank India,33.05,90.82,9.08,0.1,0.1,94.05,a8e44f30-Ecosystem-Statistics-UPI-Top-50-member-performance-2026-Mar-Remitter.xlsx,sheet title,1,DBS Bank India,True,100.0
2026-03,2026-03,49,Equitas Small Finance Bank,Equitas Small Finance Bank,30.52,88.84,11.07,0.09,0.11,94.56,a8e44f30-Ecosystem-Statistics-UPI-Top-50-member-performance-2026-Mar-Remitter.xlsx,sheet title,1,Equitas Small Finance Bank,True,100.0
2026-03,2026-03,50,Sarva Haryana Gramin Bank,Sarva Haryana Gramin Bank,29.02,91.15,8.65,0.2,0.22,84.51,a8e44f30-Ecosystem-Statistics-UPI-Top-50-member-performance-2026-Mar-Remitter.xlsx,sheet title,1,Sarva Haryana Gramin Bank,True,100.0
2026-04,2026-04,1,State Bank Of India,State Bank of India,6183.11,91.57,8.25,0.17,17.72,96.68,3cfea816-Ecosystem-Statistics-UPI-Top-50-member-performance-2026-Apr-Remitter.xlsx,sheet title,1,State Bank of India,True,99.99
2026-04,2026-04,2,Hdfc Bank Ltd.,HDFC Bank,1669.79,93.68,6.28,0.05,3.64,96.15,3cfea816-Ecosystem-Statistics-UPI-Top-50-member-performance-2026-Apr-Remitter.xlsx,sheet title,1,HDFC Bank,True,100.01
2026-04,2026-04,3,Bank Of Baroda,Bank of Baroda,1638.53,88.32,11.62,0.06,5.46,97.86,3cfea816-Ecosystem-Statistics-UPI-Top-50-member-performance-2026-Apr-Remitter.xlsx,sheet title,1,Bank of Baroda,True,100.0
2026-04,2026-04,4,Union Bank Of India,Union Bank of India,1447.9,90.79,9.21,0.0,4.06,97.83,3cfea816-Ecosystem-Statistics-UPI-Top-50-member-performance-2026-Apr-Remitter.xlsx,sheet title,1,Union Bank of India,True,100.0
2026-04,2026-04,5,Punjab National Bank,Punjab National Bank,1315.38,88.57,11.11,0.32,6.06,98.13,3cfea816-Ecosystem-Statistics-UPI-Top-50-member-performance-2026-Apr-Remitter.xlsx,sheet title,1,Punjab National Bank,True,100.0
2026-04,2026-04,6,Canara Bank,Canara Bank,1152.59,91.22,8.52,0.26,3.84,82.05,3cfea816-Ecosystem-Statistics-UPI-Top-50-member-performance-2026-Apr-Remitter.xlsx,sheet title,1,Canara Bank,True,100.0
2026-04,2026-04,7,Kotak Mahindra Bank,Kotak Mahindra Bank,1123.84,89.68,10.31,0.01,2.89,98.66,3cfea816-Ecosystem-Statistics-UPI-Top-50-member-performance-2026-Apr-Remitter.xlsx,sheet title,1,Kotak Mahindra Bank,True,100.0
2026-04,2026-04,8,Axis Bank Ltd.,Axis Bank,1017.31,93.64,6.36,0.01,2.16,99.35,3cfea816-Ecosystem-Statistics-UPI-Top-50-member-performance-2026-Apr-Remitter.xlsx,sheet title,1,Axis Bank,True,100.01
2026-04,2026-04,9,India Post Payments Bank Limited,India Post Payments Bank,869.56,81.68,17.57,0.76,5.61,80.94,3cfea816-Ecosystem-Statistics-UPI-Top-50-member-performance-2026-Apr-Remitter.xlsx,sheet title,1,India Post Payments Bank,True,100.01
2026-04,2026-04,10,Indian Bank,Indian Bank,783.67,89.65,10.27,0.08,2.0,17.92,3cfea816-Ecosystem-Statistics-UPI-Top-50-member-performance-2026-Apr-Remitter.xlsx,sheet title,1,Indian Bank,True,100.0
2026-04,2026-04,11,Icici Bank Ltd.,ICICI Bank,775.63,95.61,4.39,0.0,1.29,98.57,3cfea816-Ecosystem-Statistics-UPI-Top-50-member-performance-2026-Apr-Remitter.xlsx,sheet title,1,ICICI Bank,True,100.0
2026-04,2026-04,12,Airtel Payments Bank Limited,Airtel Payments Bank,772.45,74.38,25.28,0.34,4.05,99.84,3cfea816-Ecosystem-Statistics-UPI-Top-50-member-performance-2026-Apr-Remitter.xlsx,sheet title,1,Airtel Payments Bank,True,100.0
2026-04,2026-04,13,Bank Of India,Bank of India,712.52,91.33,8.63,0.04,0.85,1.08,3cfea816-Ecosystem-Statistics-UPI-Top-50-member-performance-2026-Apr-Remitter.xlsx,sheet title,1,Bank of India,True,100.0
2026-04,2026-04,14,Indian Overseas Bank,Indian Overseas Bank,412.91,91.14,8.76,0.1,1.4,92.92,3cfea816-Ecosystem-Statistics-UPI-Top-50-member-performance-2026-Apr-Remitter.xlsx,sheet title,1,Indian Overseas Bank,True,100.0
2026-04,2026-04,15,Central Bank Of India,Central Bank of India,408.62,87.14,11.47,1.39,2.56,72.51,3cfea816-Ecosystem-Statistics-UPI-Top-50-member-performance-2026-Apr-Remitter.xlsx,sheet title,1,Central Bank of India,True,100.0
2026-04,2026-04,16,Uco Bank,UCO Bank,329.07,86.58,13.27,0.15,1.39,78.64,3cfea816-Ecosystem-Statistics-UPI-Top-50-member-performance-2026-Apr-Remitter.xlsx,sheet title,1,UCO Bank,True,100.0
2026-04,2026-04,17,Federal Bank Ltd.,Federal Bank,288.29,90.93,9.02,0.05,0.58,99.57,3cfea816-Ecosystem-Statistics-UPI-Top-50-member-performance-2026-Apr-Remitter.xlsx,sheet title,1,Federal Bank,True,100.0
2026-04,2026-04,18,Fino Payments Bank Ltd.,Fino Payments Bank,268.5,77.64,22.14,0.22,1.57,88.32,3cfea816-Ecosystem-Statistics-UPI-Top-50-member-performance-2026-Apr-Remitter.xlsx,sheet title,1,Fino Payments Bank,True,100.0
2026-04,2026-04,19,Bank Of Maharashtra,Bank of Maharashtra,259.61,90.76,9.09,0.15,0.78,86.62,3cfea816-Ecosystem-Statistics-UPI-Top-50-member-performance-2026-Apr-Remitter.xlsx,sheet title,1,Bank of Maharashtra,True,100.0
2026-04,2026-04,20,Indusind Bank Ltd.,IndusInd Bank,248.08,85.99,13.9,0.11,0.88,98.55,3cfea816-Ecosystem-Statistics-UPI-Top-50-member-performance-2026-Apr-Remitter.xlsx,sheet title,1,IndusInd Bank,True,100.0
2026-04,2026-04,21,Idbi Bank Ltd.,IDBI Bank,226.76,91.74,8.15,0.11,0.66,92.75,3cfea816-Ecosystem-Statistics-UPI-Top-50-member-performance-2026-Apr-Remitter.xlsx,sheet title,1,IDBI Bank,True,100.0
2026-04,2026-04,22,Tri O Tech Solutions Private Limited,Tri O Tech Solutions,180.33,100.0,0.0,0.0,,0.0,3cfea816-Ecosystem-Statistics-UPI-Top-50-member-performance-2026-Apr-Remitter.xlsx,sheet title,1,Tri O Tech Solutions,False,100.0
2026-04,2026-04,23,Yes Bank Ltd.,YES Bank,169.52,91.08,8.75,0.17,0.33,86.69,3cfea816-Ecosystem-Statistics-UPI-Top-50-member-performance-2026-Apr-Remitter.xlsx,sheet title,1,YES Bank,True,100.0
2026-04,2026-04,24,Karnataka Bank,Karnataka Bank,161.94,90.54,9.39,0.07,0.43,89.82,3cfea816-Ecosystem-Statistics-UPI-Top-50-member-performance-2026-Apr-Remitter.xlsx,sheet title,1,Karnataka Bank,True,100.0
2026-04,2026-04,25,Idfc Bank Ltd.,IDFC FIRST Bank,143.99,91.88,8.08,0.04,0.32,92.77,3cfea816-Ecosystem-Statistics-UPI-Top-50-member-performance-2026-Apr-Remitter.xlsx,sheet title,1,IDFC FIRST Bank,True,100.0
2026-04,2026-04,26,The Jammu & Kashmir Bank Limited,Jammu & Kashmir Bank,116.59,92.08,7.88,0.04,0.42,81.84,3cfea816-Ecosystem-Statistics-UPI-Top-50-member-performance-2026-Apr-Remitter.xlsx,sheet title,1,Jammu & Kashmir Bank,True,100.0
2026-04,2026-04,27,Karur Vysya Bank,Karur Vysya Bank,104.46,92.28,7.53,0.2,0.29,82.05,3cfea816-Ecosystem-Statistics-UPI-Top-50-member-performance-2026-Apr-Remitter.xlsx,sheet title,1,Karur Vysya Bank,True,100.01
2026-04,2026-04,28,Jio Payments Bank Ltd,Jio Payments Bank,102.39,80.65,18.91,0.45,1.18,96.83,3cfea816-Ecosystem-Statistics-UPI-Top-50-member-performance-2026-Apr-Remitter.xlsx,sheet title,1,Jio Payments Bank,True,100.01
2026-04,2026-04,29,Bandhan Bank Limited,Bandhan Bank,100.26,94.9,4.67,0.42,0.48,98.22,3cfea816-Ecosystem-Statistics-UPI-Top-50-member-performance-2026-Apr-Remitter.xlsx,sheet title,1,Bandhan Bank,True,99.99
2026-04,2026-04,30,Au Small Finance Bank,AU Small Finance Bank,89.99,86.59,12.79,0.62,0.34,89.3,3cfea816-Ecosystem-Statistics-UPI-Top-50-member-performance-2026-Apr-Remitter.xlsx,sheet title,1,AU Small Finance Bank,True,100.0
2026-04,2026-04,31,Baroda U.P. Bank,Baroda UP Gramin Bank,85.89,91.18,5.48,3.33,1.18,51.78,3cfea816-Ecosystem-Statistics-UPI-Top-50-member-performance-2026-Apr-Remitter.xlsx,sheet title,1,Baroda UP Gramin Bank,True,99.99
2026-04,2026-04,32,The South Indian Bank Limited,South Indian Bank,81.23,93.59,6.27,0.14,0.13,97.25,3cfea816-Ecosystem-Statistics-UPI-Top-50-member-performance-2026-Apr-Remitter.xlsx,sheet title,1,South Indian Bank,True,100.0
2026-04,2026-04,33,Nsdl Payments Bank Limited,NSDL Payments Bank,80.35,73.05,23.28,3.67,1.32,84.35,3cfea816-Ecosystem-Statistics-UPI-Top-50-member-performance-2026-Apr-Remitter.xlsx,sheet title,1,NSDL Payments Bank,True,100.0
2026-04,2026-04,34,Slice Small Finance Bank Limited,Slice Small Finance Bank,76.91,94.23,5.67,0.1,0.24,92.65,3cfea816-Ecosystem-Statistics-UPI-Top-50-member-performance-2026-Apr-Remitter.xlsx,sheet title,1,Slice Small Finance Bank,True,100.0
2026-04,2026-04,35,Punjab And Sind Bank,Punjab & Sind Bank,69.04,87.12,12.59,0.29,0.34,89.62,3cfea816-Ecosystem-Statistics-UPI-Top-50-member-performance-2026-Apr-Remitter.xlsx,sheet title,1,Punjab & Sind Bank,True,100.0
2026-04,2026-04,36,Rajasthan Marudhara Gramin Bank,Rajasthan Marudhara Gramin Bank,65.75,79.61,14.36,6.03,0.45,70.27,3cfea816-Ecosystem-Statistics-UPI-Top-50-member-performance-2026-Apr-Remitter.xlsx,sheet title,1,Rajasthan Marudhara Gramin Bank,True,100.0
2026-04,2026-04,37,Tamilnad Mercantile Bank Limited,Tamilnad Mercantile Bank,64.04,91.45,8.25,0.3,0.14,94.33,3cfea816-Ecosystem-Statistics-UPI-Top-50-member-performance-2026-Apr-Remitter.xlsx,sheet title,1,Tamilnad Mercantile Bank,True,100.0
2026-04,2026-04,38,Ujjivan Small Finance Bank Limited,Ujjivan Small Finance Bank,63.65,86.48,12.78,0.75,0.27,82.49,3cfea816-Ecosystem-Statistics-UPI-Top-50-member-performance-2026-Apr-Remitter.xlsx,sheet title,1,Ujjivan Small Finance Bank,True,100.01
2026-04,2026-04,39,Karnataka Gramin Bank,Karnataka Gramin Bank,61.4,85.98,11.44,2.58,0.66,29.74,3cfea816-Ecosystem-Statistics-UPI-Top-50-member-performance-2026-Apr-Remitter.xlsx,sheet title,1,Karnataka Gramin Bank,True,100.0
2026-04,2026-04,40,City Union Bank,City Union Bank,60.88,91.38,8.35,0.27,0.13,99.75,3cfea816-Ecosystem-Statistics-UPI-Top-50-member-performance-2026-Apr-Remitter.xlsx,sheet title,1,City Union Bank,True,100.0
2026-04,2026-04,41,Kerala Gramin Bank,Kerala Gramin Bank,57.67,92.76,6.84,0.41,0.18,73.75,3cfea816-Ecosystem-Statistics-UPI-Top-50-member-performance-2026-Apr-Remitter.xlsx,sheet title,1,Kerala Gramin Bank,True,100.01
2026-04,2026-04,42,Telangana Grameena Bank,Telangana Grameena Bank,53.21,85.61,11.3,3.09,0.16,85.05,3cfea816-Ecosystem-Statistics-UPI-Top-50-member-performance-2026-Apr-Remitter.xlsx,sheet title,1,Telangana Grameena Bank,True,100.0
2026-04,2026-04,43,Chaitanya Godavari Grameena Bank,Chaitanya Godavari Grameena Bank,48.58,86.3,12.67,1.03,0.31,49.89,3cfea816-Ecosystem-Statistics-UPI-Top-50-member-performance-2026-Apr-Remitter.xlsx,sheet title,1,Chaitanya Godavari Grameena Bank,True,100.0
2026-04,2026-04,44,Maharashtra Gramin Bank,Maharashtra Gramin Bank,44.54,83.24,15.59,1.17,0.19,59.45,3cfea816-Ecosystem-Statistics-UPI-Top-50-member-performance-2026-Apr-Remitter.xlsx,sheet title,1,Maharashtra Gramin Bank,True,100.0
2026-04,2026-04,45,Esaf Small Finance Bank Ltd,ESAF Small Finance Bank,36.72,94.62,3.69,1.69,0.22,78.64,3cfea816-Ecosystem-Statistics-UPI-Top-50-member-performance-2026-Apr-Remitter.xlsx,sheet title,1,ESAF Small Finance Bank,True,100.0
2026-04,2026-04,46,Saraswat Co-Operative Bank,Saraswat Co-operative Bank,34.24,93.48,5.89,0.63,0.11,68.64,3cfea816-Ecosystem-Statistics-UPI-Top-50-member-performance-2026-Apr-Remitter.xlsx,sheet title,1,Saraswat Co-operative Bank,True,100.0
2026-04,2026-04,47,Dbs Bank India Limited,DBS Bank India,31.89,91.08,8.72,0.2,0.08,100.0,3cfea816-Ecosystem-Statistics-UPI-Top-50-member-performance-2026-Apr-Remitter.xlsx,sheet title,1,DBS Bank India,True,100.0
2026-04,2026-04,48,Rbl Bank Ltd.,RBL Bank,30.92,90.41,8.98,0.61,0.09,71.52,3cfea816-Ecosystem-Statistics-UPI-Top-50-member-performance-2026-Apr-Remitter.xlsx,sheet title,1,RBL Bank,True,100.0
2026-04,2026-04,49,Equitas Small Finance Bank,Equitas Small Finance Bank,29.77,88.92,11.02,0.06,0.08,95.36,3cfea816-Ecosystem-Statistics-UPI-Top-50-member-performance-2026-Apr-Remitter.xlsx,sheet title,1,Equitas Small Finance Bank,True,100.0
2026-04,2026-04,50,One Mobikwik Systems Limited,One MobiKwik Systems,29.23,100.0,0.0,0.0,,0.0,3cfea816-Ecosystem-Statistics-UPI-Top-50-member-performance-2026-Apr-Remitter.xlsx,sheet title,1,One MobiKwik Systems,False,100.0
2026-05,2026-05,1,State Bank Of India,State Bank of India,6439.49,91.18,8.65,0.17,20.28,97.96,239b96ef-Ecosystem-Statistics-UPI-Top-50-member-performance-2026-May-Remitter.xlsx,sheet title,1,State Bank of India,True,100.0
2026-05,2026-05,2,Hdfc Bank Ltd.,HDFC Bank,1735.66,93.43,6.55,0.02,3.9,96.54,239b96ef-Ecosystem-Statistics-UPI-Top-50-member-performance-2026-May-Remitter.xlsx,sheet title,1,HDFC Bank,True,100.0
2026-05,2026-05,3,Bank Of Baroda,Bank of Baroda,1713.53,87.84,12.09,0.07,6.31,97.6,239b96ef-Ecosystem-Statistics-UPI-Top-50-member-performance-2026-May-Remitter.xlsx,sheet title,1,Bank of Baroda,True,100.0
2026-05,2026-05,4,Union Bank Of India,Union Bank of India,1508.82,90.47,9.52,0.01,4.66,97.92,239b96ef-Ecosystem-Statistics-UPI-Top-50-member-performance-2026-May-Remitter.xlsx,sheet title,1,Union Bank of India,True,100.0
2026-05,2026-05,5,Punjab National Bank,Punjab National Bank,1397.83,88.6,10.54,0.87,9.92,74.84,239b96ef-Ecosystem-Statistics-UPI-Top-50-member-performance-2026-May-Remitter.xlsx,sheet title,1,Punjab National Bank,True,100.01
2026-05,2026-05,6,Canara Bank,Canara Bank,1205.08,90.95,8.95,0.09,4.2,90.67,239b96ef-Ecosystem-Statistics-UPI-Top-50-member-performance-2026-May-Remitter.xlsx,sheet title,1,Canara Bank,True,99.99
2026-05,2026-05,7,Kotak Mahindra Bank,Kotak Mahindra Bank,1164.23,89.3,10.7,0.01,3.32,98.05,239b96ef-Ecosystem-Statistics-UPI-Top-50-member-performance-2026-May-Remitter.xlsx,sheet title,1,Kotak Mahindra Bank,True,100.01
2026-05,2026-05,8,Axis Bank Ltd.,Axis Bank,1056.95,93.43,6.56,0.01,2.4,99.77,239b96ef-Ecosystem-Statistics-UPI-Top-50-member-performance-2026-May-Remitter.xlsx,sheet title,1,Axis Bank,True,100.0
2026-05,2026-05,9,India Post Payments Bank Limited,India Post Payments Bank,895.96,81.48,18.1,0.42,5.65,92.35,239b96ef-Ecosystem-Statistics-UPI-Top-50-member-performance-2026-May-Remitter.xlsx,sheet title,1,India Post Payments Bank,True,100.0
2026-05,2026-05,10,Indian Bank,Indian Bank,804.65,86.16,13.32,0.52,3.42,65.49,239b96ef-Ecosystem-Statistics-UPI-Top-50-member-performance-2026-May-Remitter.xlsx,sheet title,1,Indian Bank,True,100.0
2026-05,2026-05,11,Icici Bank Ltd.,ICICI Bank,795.41,95.4,4.58,0.02,1.45,96.38,239b96ef-Ecosystem-Statistics-UPI-Top-50-member-performance-2026-May-Remitter.xlsx,sheet title,1,ICICI Bank,True,100.0
2026-05,2026-05,12,Airtel Payments Bank Limited,Airtel Payments Bank,771.76,73.99,25.73,0.28,4.57,93.47,239b96ef-Ecosystem-Statistics-UPI-Top-50-member-performance-2026-May-Remitter.xlsx,sheet title,1,Airtel Payments Bank,True,100.0
2026-05,2026-05,13,Bank Of India,Bank of India,749.48,91.15,8.8,0.05,2.86,92.37,239b96ef-Ecosystem-Statistics-UPI-Top-50-member-performance-2026-May-Remitter.xlsx,sheet title,1,Bank of India,True,100.0
2026-05,2026-05,14,Indian Overseas Bank,Indian Overseas Bank,437.45,90.73,9.25,0.02,1.52,98.78,239b96ef-Ecosystem-Statistics-UPI-Top-50-member-performance-2026-May-Remitter.xlsx,sheet title,1,Indian Overseas Bank,True,100.0
2026-05,2026-05,15,Central Bank Of India,Central Bank of India,429.9,86.54,11.91,1.54,2.9,74.49,239b96ef-Ecosystem-Statistics-UPI-Top-50-member-performance-2026-May-Remitter.xlsx,sheet title,1,Central Bank of India,True,99.99
2026-05,2026-05,16,Uco Bank,UCO Bank,343.09,87.65,12.29,0.06,1.4,95.09,239b96ef-Ecosystem-Statistics-UPI-Top-50-member-performance-2026-May-Remitter.xlsx,sheet title,1,UCO Bank,True,100.0
2026-05,2026-05,17,Federal Bank Ltd.,Federal Bank,300.98,90.58,9.38,0.04,0.72,97.95,239b96ef-Ecosystem-Statistics-UPI-Top-50-member-performance-2026-May-Remitter.xlsx,sheet title,1,Federal Bank,True,100.0
2026-05,2026-05,18,Fino Payments Bank Ltd.,Fino Payments Bank,286.37,76.41,23.09,0.5,1.92,90.48,239b96ef-Ecosystem-Statistics-UPI-Top-50-member-performance-2026-May-Remitter.xlsx,sheet title,1,Fino Payments Bank,True,100.0
2026-05,2026-05,19,Bank Of Maharashtra,Bank of Maharashtra,263.89,90.82,8.87,0.31,0.84,85.93,239b96ef-Ecosystem-Statistics-UPI-Top-50-member-performance-2026-May-Remitter.xlsx,sheet title,1,Bank of Maharashtra,True,100.0
2026-05,2026-05,20,Indusind Bank Ltd.,IndusInd Bank,258.24,85.37,14.55,0.08,1.18,80.81,239b96ef-Ecosystem-Statistics-UPI-Top-50-member-performance-2026-May-Remitter.xlsx,sheet title,1,IndusInd Bank,True,100.0
2026-05,2026-05,21,Idbi Bank Ltd.,IDBI Bank,234.77,90.84,8.39,0.77,1.07,61.05,239b96ef-Ecosystem-Statistics-UPI-Top-50-member-performance-2026-May-Remitter.xlsx,sheet title,1,IDBI Bank,True,100.0
2026-05,2026-05,22,Tri O Tech Solutions Private Limited,Tri O Tech Solutions,194.3,100.0,0.0,0.0,,0.0,239b96ef-Ecosystem-Statistics-UPI-Top-50-member-performance-2026-May-Remitter.xlsx,sheet title,1,Tri O Tech Solutions,False,100.0
2026-05,2026-05,23,Yes Bank Ltd.,YES Bank,175.62,92.12,7.75,0.13,0.35,87.56,239b96ef-Ecosystem-Statistics-UPI-Top-50-member-performance-2026-May-Remitter.xlsx,sheet title,1,YES Bank,True,100.0
2026-05,2026-05,24,Karnataka Bank,Karnataka Bank,167.31,90.05,9.74,0.21,0.6,78.38,239b96ef-Ecosystem-Statistics-UPI-Top-50-member-performance-2026-May-Remitter.xlsx,sheet title,1,Karnataka Bank,True,100.0
2026-05,2026-05,25,Idfc Bank Ltd.,IDFC FIRST Bank,167.07,92.45,7.53,0.03,0.34,92.84,239b96ef-Ecosystem-Statistics-UPI-Top-50-member-performance-2026-May-Remitter.xlsx,sheet title,1,IDFC FIRST Bank,True,100.01
2026-05,2026-05,26,The Jammu & Kashmir Bank Limited,Jammu & Kashmir Bank,126.89,92.45,7.5,0.05,0.46,90.74,239b96ef-Ecosystem-Statistics-UPI-Top-50-member-performance-2026-May-Remitter.xlsx,sheet title,1,Jammu & Kashmir Bank,True,100.0
2026-05,2026-05,27,Karur Vysya Bank,Karur Vysya Bank,109.01,92.42,7.4,0.18,0.36,88.11,239b96ef-Ecosystem-Statistics-UPI-Top-50-member-performance-2026-May-Remitter.xlsx,sheet title,1,Karur Vysya Bank,True,100.0
2026-05,2026-05,28,Jio Payments Bank Ltd,Jio Payments Bank,106.77,80.78,19.07,0.14,1.28,99.19,239b96ef-Ecosystem-Statistics-UPI-Top-50-member-performance-2026-May-Remitter.xlsx,sheet title,1,Jio Payments Bank,True,99.99
2026-05,2026-05,29,Bandhan Bank Limited,Bandhan Bank,101.98,93.76,5.3,0.93,0.66,29.16,239b96ef-Ecosystem-Statistics-UPI-Top-50-member-performance-2026-May-Remitter.xlsx,sheet title,1,Bandhan Bank,True,99.99
2026-05,2026-05,30,Au Small Finance Bank,AU Small Finance Bank,95.59,86.14,13.66,0.2,0.4,85.3,239b96ef-Ecosystem-Statistics-UPI-Top-50-member-performance-2026-May-Remitter.xlsx,sheet title,1,AU Small Finance Bank,True,100.0
2026-05,2026-05,31,Baroda U.P. Bank,Baroda UP Gramin Bank,92.52,89.42,5.67,4.91,1.57,49.12,239b96ef-Ecosystem-Statistics-UPI-Top-50-member-performance-2026-May-Remitter.xlsx,sheet title,1,Baroda UP Gramin Bank,True,100.0
2026-05,2026-05,32,Slice Small Finance Bank Limited,Slice Small Finance Bank,85.94,94.0,5.93,0.07,0.28,95.9,239b96ef-Ecosystem-Statistics-UPI-Top-50-member-performance-2026-May-Remitter.xlsx,sheet title,1,Slice Small Finance Bank,True,100.0
2026-05,2026-05,33,The South Indian Bank Limited,South Indian Bank,85.44,93.16,6.45,0.39,0.16,98.2,239b96ef-Ecosystem-Statistics-UPI-Top-50-member-performance-2026-May-Remitter.xlsx,sheet title,1,South Indian Bank,True,100.0
2026-05,2026-05,34,Nsdl Payments Bank Limited,NSDL Payments Bank,84.08,73.85,25.77,0.39,1.06,95.45,239b96ef-Ecosystem-Statistics-UPI-Top-50-member-performance-2026-May-Remitter.xlsx,sheet title,1,NSDL Payments Bank,True,100.01
2026-05,2026-05,35,Punjab And Sind Bank,Punjab & Sind Bank,73.48,87.01,12.63,0.37,0.4,86.12,239b96ef-Ecosystem-Statistics-UPI-Top-50-member-performance-2026-May-Remitter.xlsx,sheet title,1,Punjab & Sind Bank,True,100.01
2026-05,2026-05,36,Rajasthan Marudhara Gramin Bank,Rajasthan Marudhara Gramin Bank,67.91,84.03,15.26,0.71,0.42,91.26,239b96ef-Ecosystem-Statistics-UPI-Top-50-member-performance-2026-May-Remitter.xlsx,sheet title,1,Rajasthan Marudhara Gramin Bank,True,100.0
2026-05,2026-05,37,Tamilnad Mercantile Bank Limited,Tamilnad Mercantile Bank,67.33,90.84,8.44,0.72,0.22,88.17,239b96ef-Ecosystem-Statistics-UPI-Top-50-member-performance-2026-May-Remitter.xlsx,sheet title,1,Tamilnad Mercantile Bank,True,100.0
2026-05,2026-05,38,Ujjivan Small Finance Bank Limited,Ujjivan Small Finance Bank,66.55,86.03,13.73,0.23,0.28,92.89,239b96ef-Ecosystem-Statistics-UPI-Top-50-member-performance-2026-May-Remitter.xlsx,sheet title,1,Ujjivan Small Finance Bank,True,99.99
2026-05,2026-05,39,City Union Bank,City Union Bank,63.65,91.5,8.45,0.05,0.16,99.68,239b96ef-Ecosystem-Statistics-UPI-Top-50-member-performance-2026-May-Remitter.xlsx,sheet title,1,City Union Bank,True,100.0
2026-05,2026-05,40,Karnataka Gramin Bank,Karnataka Gramin Bank,63.58,86.81,11.5,1.69,0.52,39.42,239b96ef-Ecosystem-Statistics-UPI-Top-50-member-performance-2026-May-Remitter.xlsx,sheet title,1,Karnataka Gramin Bank,True,100.0
2026-05,2026-05,41,Kerala Gramin Bank,Kerala Gramin Bank,61.29,92.72,6.98,0.3,0.2,79.55,239b96ef-Ecosystem-Statistics-UPI-Top-50-member-performance-2026-May-Remitter.xlsx,sheet title,1,Kerala Gramin Bank,True,100.0
2026-05,2026-05,42,Telangana Grameena Bank,Telangana Grameena Bank,54.81,86.71,11.72,1.57,0.31,47.99,239b96ef-Ecosystem-Statistics-UPI-Top-50-member-performance-2026-May-Remitter.xlsx,sheet title,1,Telangana Grameena Bank,True,100.0
2026-05,2026-05,43,Chaitanya Godavari Grameena Bank,Chaitanya Godavari Grameena Bank,50.14,88.36,11.0,0.64,0.21,77.23,239b96ef-Ecosystem-Statistics-UPI-Top-50-member-performance-2026-May-Remitter.xlsx,sheet title,1,Chaitanya Godavari Grameena Bank,True,100.0
2026-05,2026-05,44,Maharashtra Gramin Bank,Maharashtra Gramin Bank,46.28,83.38,15.54,1.08,0.19,60.34,239b96ef-Ecosystem-Statistics-UPI-Top-50-member-performance-2026-May-Remitter.xlsx,sheet title,1,Maharashtra Gramin Bank,True,100.0
2026-05,2026-05,45,Esaf Small Finance Bank Ltd,ESAF Small Finance Bank,38.36,95.1,3.4,1.5,0.19,66.09,239b96ef-Ecosystem-Statistics-UPI-Top-50-member-performance-2026-May-Remitter.xlsx,sheet title,1,ESAF Small Finance Bank,True,100.0
2026-05,2026-05,46,Saraswat Co-Operative Bank,Saraswat Co-operative Bank,35.29,92.46,6.54,1.0,0.15,58.76,239b96ef-Ecosystem-Statistics-UPI-Top-50-member-performance-2026-May-Remitter.xlsx,sheet title,1,Saraswat Co-operative Bank,True,100.0
2026-05,2026-05,47,Sarva Haryana Gramin Bank,Sarva Haryana Gramin Bank,32.85,84.69,14.23,1.08,0.22,79.48,239b96ef-Ecosystem-Statistics-UPI-Top-50-member-performance-2026-May-Remitter.xlsx,sheet title,1,Sarva Haryana Gramin Bank,True,100.0
2026-05,2026-05,48,Dbs Bank India Limited,DBS Bank India,32.61,90.71,9.21,0.08,0.1,92.92,239b96ef-Ecosystem-Statistics-UPI-Top-50-member-performance-2026-May-Remitter.xlsx,sheet title,1,DBS Bank India,True,100.0
2026-05,2026-05,49,Equitas Small Finance Bank,Equitas Small Finance Bank,30.79,88.2,11.48,0.32,0.11,86.46,239b96ef-Ecosystem-Statistics-UPI-Top-50-member-performance-2026-May-Remitter.xlsx,sheet title,1,Equitas Small Finance Bank,True,100.0
2026-05,2026-05,50,One Mobikwik Systems Limited,One MobiKwik Systems,29.58,100.0,0.0,0.0,,0.0,239b96ef-Ecosystem-Statistics-UPI-Top-50-member-performance-2026-May-Remitter.xlsx,sheet title,1,One MobiKwik Systems,False,100.0
2026-06,2026-06,1,State Bank of India,State Bank of India,6316.41,91.07,8.68,0.24,21.46,98.75,e43ed290-Ecosystem-Statistics-UPI-Top-50-member-performance-2026-Jun-Remitter.xlsx,sheet title,1,State Bank of India,True,99.99
2026-06,2026-06,2,Bank of Baroda,Bank of Baroda,1693.24,86.69,12.73,0.59,7.24,95.72,e43ed290-Ecosystem-Statistics-UPI-Top-50-member-performance-2026-Jun-Remitter.xlsx,sheet title,1,Bank of Baroda,True,100.01
2026-06,2026-06,3,HDFC Bank Ltd.,HDFC Bank,1674.91,93.23,6.76,0.01,4.01,97.27,e43ed290-Ecosystem-Statistics-UPI-Top-50-member-performance-2026-Jun-Remitter.xlsx,sheet title,1,HDFC Bank,True,100.0
2026-06,2026-06,4,Union Bank of India,Union Bank of India,1482.26,90.03,9.86,0.12,5.5,84.64,e43ed290-Ecosystem-Statistics-UPI-Top-50-member-performance-2026-Jun-Remitter.xlsx,sheet title,1,Union Bank of India,True,100.01
2026-06,2026-06,5,Punjab National Bank,Punjab National Bank,1386.96,88.52,10.64,0.85,7.22,97.79,e43ed290-Ecosystem-Statistics-UPI-Top-50-member-performance-2026-Jun-Remitter.xlsx,sheet title,1,Punjab National Bank,True,100.01
2026-06,2026-06,6,Canara Bank,Canara Bank,1184.48,90.72,9.12,0.15,4.46,87.34,e43ed290-Ecosystem-Statistics-UPI-Top-50-member-performance-2026-Jun-Remitter.xlsx,sheet title,1,Canara Bank,True,99.99
2026-06,2026-06,7,Kotak Mahindra Bank,Kotak Mahindra Bank,1134.44,88.99,11.0,0.01,3.74,94.53,e43ed290-Ecosystem-Statistics-UPI-Top-50-member-performance-2026-Jun-Remitter.xlsx,sheet title,1,Kotak Mahindra Bank,True,100.0
2026-06,2026-06,8,Axis Bank Ltd.,Axis Bank,1027.17,93.24,6.75,0.01,2.47,98.87,e43ed290-Ecosystem-Statistics-UPI-Top-50-member-performance-2026-Jun-Remitter.xlsx,sheet title,1,Axis Bank,True,100.0
2026-06,2026-06,9,India Post Payments Bank Limited,India Post Payments Bank,880.55,82.0,17.95,0.06,6.49,92.88,e43ed290-Ecosystem-Statistics-UPI-Top-50-member-performance-2026-Jun-Remitter.xlsx,sheet title,1,India Post Payments Bank,True,100.01
2026-06,2026-06,10,Indian Bank,Indian Bank,783.26,88.52,11.25,0.23,2.7,73.06,e43ed290-Ecosystem-Statistics-UPI-Top-50-member-performance-2026-Jun-Remitter.xlsx,sheet title,1,Indian Bank,True,100.0
2026-06,2026-06,11,ICICI Bank Ltd.,ICICI Bank,766.11,95.22,4.74,0.04,1.68,92.14,e43ed290-Ecosystem-Statistics-UPI-Top-50-member-performance-2026-Jun-Remitter.xlsx,sheet title,1,ICICI Bank,True,100.0
2026-06,2026-06,12,Airtel Payments Bank Limited,Airtel Payments Bank,743.43,73.99,25.85,0.17,5.62,96.21,e43ed290-Ecosystem-Statistics-UPI-Top-50-member-performance-2026-Jun-Remitter.xlsx,sheet title,1,Airtel Payments Bank,True,100.01
2026-06,2026-06,13,Bank Of India,Bank of India,736.01,90.73,8.96,0.31,3.35,87.46,e43ed290-Ecosystem-Statistics-UPI-Top-50-member-performance-2026-Jun-Remitter.xlsx,sheet title,1,Bank of India,True,100.0
2026-06,2026-06,14,Indian Overseas Bank,Indian Overseas Bank,439.77,89.55,9.42,1.03,1.43,98.97,e43ed290-Ecosystem-Statistics-UPI-Top-50-member-performance-2026-Jun-Remitter.xlsx,sheet title,1,Indian Overseas Bank,True,100.0
2026-06,2026-06,15,Central Bank of India,Central Bank of India,427.37,87.59,11.73,0.68,2.59,79.93,e43ed290-Ecosystem-Statistics-UPI-Top-50-member-performance-2026-Jun-Remitter.xlsx,sheet title,1,Central Bank of India,True,100.0
2026-06,2026-06,16,UCO Bank,UCO Bank,341.95,87.57,12.34,0.09,1.49,95.48,e43ed290-Ecosystem-Statistics-UPI-Top-50-member-performance-2026-Jun-Remitter.xlsx,sheet title,1,UCO Bank,True,100.0
2026-06,2026-06,17,Federal Bank Ltd.,Federal Bank,291.75,89.92,10.04,0.03,0.67,99.8,e43ed290-Ecosystem-Statistics-UPI-Top-50-member-performance-2026-Jun-Remitter.xlsx,sheet title,1,Federal Bank,True,99.99
2026-06,2026-06,18,Fino Payments Bank Ltd.,Fino Payments Bank,279.67,76.13,23.33,0.54,1.87,93.99,e43ed290-Ecosystem-Statistics-UPI-Top-50-member-performance-2026-Jun-Remitter.xlsx,sheet title,1,Fino Payments Bank,True,100.0
2026-06,2026-06,19,Bank of Maharashtra,Bank of Maharashtra,258.36,90.7,8.96,0.33,0.88,86.45,e43ed290-Ecosystem-Statistics-UPI-Top-50-member-performance-2026-Jun-Remitter.xlsx,sheet title,1,Bank of Maharashtra,True,99.99
2026-06,2026-06,20,Indusind Bank Ltd.,IndusInd Bank,254.5,85.11,14.82,0.07,1.2,83.1,e43ed290-Ecosystem-Statistics-UPI-Top-50-member-performance-2026-Jun-Remitter.xlsx,sheet title,1,IndusInd Bank,True,100.0
2026-06,2026-06,21,IDBI Bank Ltd.,IDBI Bank,229.43,91.3,8.55,0.15,0.98,69.46,e43ed290-Ecosystem-Statistics-UPI-Top-50-member-performance-2026-Jun-Remitter.xlsx,sheet title,1,IDBI Bank,True,100.0
2026-06,2026-06,22,Tri O Tech Solutions Private Limited,Tri O Tech Solutions,192.35,100.0,0.0,0.0,,0.0,e43ed290-Ecosystem-Statistics-UPI-Top-50-member-performance-2026-Jun-Remitter.xlsx,sheet title,1,Tri O Tech Solutions,False,100.0
2026-06,2026-06,23,Yes Bank Ltd.,YES Bank,169.88,91.98,7.85,0.17,0.38,86.84,e43ed290-Ecosystem-Statistics-UPI-Top-50-member-performance-2026-Jun-Remitter.xlsx,sheet title,1,YES Bank,True,100.0
2026-06,2026-06,24,IDFC Bank Ltd.,IDFC FIRST Bank,164.31,92.53,7.42,0.05,0.35,95.29,e43ed290-Ecosystem-Statistics-UPI-Top-50-member-performance-2026-Jun-Remitter.xlsx,sheet title,1,IDFC FIRST Bank,True,100.0
2026-06,2026-06,25,Karnataka Bank,Karnataka Bank,162.68,90.01,9.93,0.05,0.59,91.13,e43ed290-Ecosystem-Statistics-UPI-Top-50-member-performance-2026-Jun-Remitter.xlsx,sheet title,1,Karnataka Bank,True,99.99
2026-06,2026-06,26,The Jammu & Kashmir Bank Limited,Jammu & Kashmir Bank,121.65,91.93,7.97,0.1,0.6,80.8,e43ed290-Ecosystem-Statistics-UPI-Top-50-member-performance-2026-Jun-Remitter.xlsx,sheet title,1,Jammu & Kashmir Bank,True,100.0
2026-06,2026-06,27,Karur Vysya Bank,Karur Vysya Bank,108.75,92.38,7.46,0.16,0.38,83.86,e43ed290-Ecosystem-Statistics-UPI-Top-50-member-performance-2026-Jun-Remitter.xlsx,sheet title,1,Karur Vysya Bank,True,100.0
2026-06,2026-06,28,JIO PAYMENTS BANK LTD,Jio Payments Bank,102.76,78.3,21.57,0.14,1.49,98.74,e43ed290-Ecosystem-Statistics-UPI-Top-50-member-performance-2026-Jun-Remitter.xlsx,sheet title,1,Jio Payments Bank,True,100.01
2026-06,2026-06,29,BANDHAN BANK LIMITED,Bandhan Bank,100.63,94.25,5.58,0.17,0.65,80.86,e43ed290-Ecosystem-Statistics-UPI-Top-50-member-performance-2026-Jun-Remitter.xlsx,sheet title,1,Bandhan Bank,True,100.0
2026-06,2026-06,30,AU small Finance Bank,AU Small Finance Bank,94.61,86.13,13.65,0.23,0.4,95.24,e43ed290-Ecosystem-Statistics-UPI-Top-50-member-performance-2026-Jun-Remitter.xlsx,sheet title,1,AU Small Finance Bank,True,100.01
2026-06,2026-06,31,Baroda U.P. Bank,Baroda UP Gramin Bank,93.81,89.93,6.43,3.65,2.77,43.14,e43ed290-Ecosystem-Statistics-UPI-Top-50-member-performance-2026-Jun-Remitter.xlsx,sheet title,1,Baroda UP Gramin Bank,True,100.01
2026-06,2026-06,32,Slice Small Finance Bank Limited + Slice Small Finance Bank Limited,Slice Small Finance Bank,155.82,90.86963226800154,8.977269926838659,0.15309780515979976,0.59,90.32694915254237,e43ed290-Ecosystem-Statistics-UPI-Top-50-member-performance-2026-Jun-Remitter.xlsx,sheet title,2,Slice Small Finance Bank,True,100.0
2026-06,2026-06,33,The South Indian Bank Limited,South Indian Bank,84.02,93.25,6.67,0.08,0.15,98.35,e43ed290-Ecosystem-Statistics-UPI-Top-50-member-performance-2026-Jun-Remitter.xlsx,sheet title,1,South Indian Bank,True,100.0
2026-06,2026-06,34,NSDL Payments Bank Limited,NSDL Payments Bank,81.77,75.17,23.96,0.87,1.33,90.81,e43ed290-Ecosystem-Statistics-UPI-Top-50-member-performance-2026-Jun-Remitter.xlsx,sheet title,1,NSDL Payments Bank,True,100.0
2026-06,2026-06,35,Punjab and Sind Bank,Punjab & Sind Bank,72.31,84.08,12.81,3.11,0.4,90.35,e43ed290-Ecosystem-Statistics-UPI-Top-50-member-performance-2026-Jun-Remitter.xlsx,sheet title,1,Punjab & Sind Bank,True,100.0
2026-06,2026-06,36,Rajasthan Marudhara Gramin Bank,Rajasthan Marudhara Gramin Bank,69.82,83.28,15.2,1.52,0.48,94.64,e43ed290-Ecosystem-Statistics-UPI-Top-50-member-performance-2026-Jun-Remitter.xlsx,sheet title,1,Rajasthan Marudhara Gramin Bank,True,100.0
2026-06,2026-06,37,Tamilnad Mercantile Bank Limited,Tamilnad Mercantile Bank,67.91,90.39,8.49,1.12,0.19,90.27,e43ed290-Ecosystem-Statistics-UPI-Top-50-member-performance-2026-Jun-Remitter.xlsx,sheet title,1,Tamilnad Mercantile Bank,True,100.0
2026-06,2026-06,39,City Union Bank,City Union Bank,63.42,91.38,8.42,0.2,0.19,99.85,e43ed290-Ecosystem-Statistics-UPI-Top-50-member-performance-2026-Jun-Remitter.xlsx,sheet title,1,City Union Bank,True,100.0
2026-06,2026-06,40,Karnataka Gramin Bank,Karnataka Gramin Bank,62.32,87.17,11.42,1.42,0.36,55.12,e43ed290-Ecosystem-Statistics-UPI-Top-50-member-performance-2026-Jun-Remitter.xlsx,sheet title,1,Karnataka Gramin Bank,True,100.01
2026-06,2026-06,41,KERALA GRAMIN BANK,Kerala Gramin Bank,61.2,91.97,7.1,0.92,0.16,89.49,e43ed290-Ecosystem-Statistics-UPI-Top-50-member-performance-2026-Jun-Remitter.xlsx,sheet title,1,Kerala Gramin Bank,True,99.99
2026-06,2026-06,42,TELANGANA GRAMEENA BANK,Telangana Grameena Bank,57.9,79.86,14.07,6.07,0.17,90.28,e43ed290-Ecosystem-Statistics-UPI-Top-50-member-performance-2026-Jun-Remitter.xlsx,sheet title,1,Telangana Grameena Bank,True,100.0
2026-06,2026-06,43,CHAITANYA GODAVARI GRAMEENA BANK,Chaitanya Godavari Grameena Bank,51.04,88.65,11.22,0.14,0.4,42.77,e43ed290-Ecosystem-Statistics-UPI-Top-50-member-performance-2026-Jun-Remitter.xlsx,sheet title,1,Chaitanya Godavari Grameena Bank,True,100.01
2026-06,2026-06,44,Maharashtra Gramin Bank,Maharashtra Gramin Bank,44.47,81.9,15.1,3.0,0.35,37.78,e43ed290-Ecosystem-Statistics-UPI-Top-50-member-performance-2026-Jun-Remitter.xlsx,sheet title,1,Maharashtra Gramin Bank,True,100.0
2026-06,2026-06,45,ESAF SMALL FINANCE BANK LTD,ESAF Small Finance Bank,37.65,94.55,3.42,2.03,0.18,91.69,e43ed290-Ecosystem-Statistics-UPI-Top-50-member-performance-2026-Jun-Remitter.xlsx,sheet title,1,ESAF Small Finance Bank,True,100.0
2026-06,2026-06,46,Saraswat Co-operative Bank,Saraswat Co-operative Bank,34.51,92.58,6.34,1.08,0.12,74.63,e43ed290-Ecosystem-Statistics-UPI-Top-50-member-performance-2026-Jun-Remitter.xlsx,sheet title,1,Saraswat Co-operative Bank,True,100.0
2026-06,2026-06,47,DBS Bank India Limited,DBS Bank India,31.84,90.61,9.33,0.05,0.1,94.05,e43ed290-Ecosystem-Statistics-UPI-Top-50-member-performance-2026-Jun-Remitter.xlsx,sheet title,1,DBS Bank India,True,99.99
2026-06,2026-06,48,SARVA HARYANA GRAMIN BANK,Sarva Haryana Gramin Bank,30.99,88.74,9.62,1.64,0.22,84.51,e43ed290-Ecosystem-Statistics-UPI-Top-50-member-performance-2026-Jun-Remitter.xlsx,sheet title,1,Sarva Haryana Gramin Bank,True,100.0
2026-06,2026-06,49,EQUITAS SMALL FINANCE BANK,Equitas Small Finance Bank,29.99,87.82,11.73,0.45,0.11,94.56,e43ed290-Ecosystem-Statistics-UPI-Top-50-member-performance-2026-Jun-Remitter.xlsx,sheet title,1,Equitas Small Finance Bank,True,100.0
2026-06,2026-06,50,One Mobikwik Systems Limited,One MobiKwik Systems,27.63,100.0,0.0,0.0,,0.0,e43ed290-Ecosystem-Statistics-UPI-Top-50-member-performance-2026-Jun-Remitter.xlsx,sheet title,1,One MobiKwik Systems,False,100.0
2026-07,2026-07,1,State Bank of India,State Bank of India,6622.022189,90.29,9.02,0.68,21.131154,94.89,926c689a-Ecosystem-Statistics-UPI-Top-50-member-performance-2026-Jul-Remitter.xlsx,sheet title,1,State Bank of India,True,99.99
2026-07,2026-07,2,Bank of Baroda,Bank of Baroda,1774.42922,85.83,13.95,0.22,6.926482,92.49,926c689a-Ecosystem-Statistics-UPI-Top-50-member-performance-2026-Jul-Remitter.xlsx,sheet title,1,Bank of Baroda,True,100.0
2026-07,2026-07,3,HDFC Bank Ltd.,HDFC Bank,1737.216436,93.0,6.99,0.01,3.989746,97.89,926c689a-Ecosystem-Statistics-UPI-Top-50-member-performance-2026-Jul-Remitter.xlsx,sheet title,1,HDFC Bank,True,100.0
2026-07,2026-07,4,Union Bank of India,Union Bank of India,1544.225883,89.6,10.39,0.01,5.468006,89.35,926c689a-Ecosystem-Statistics-UPI-Top-50-member-performance-2026-Jul-Remitter.xlsx,sheet title,1,Union Bank of India,True,100.0
2026-07,2026-07,5,Punjab National Bank,Punjab National Bank,1470.120376,88.2,11.1,0.7,10.411048,79.22,926c689a-Ecosystem-Statistics-UPI-Top-50-member-performance-2026-Jul-Remitter.xlsx,sheet title,1,Punjab National Bank,True,100.0
2026-07,2026-07,6,Canara Bank,Canara Bank,1251.608031,90.48,9.28,0.24,4.517958,86.52,926c689a-Ecosystem-Statistics-UPI-Top-50-member-performance-2026-Jul-Remitter.xlsx,sheet title,1,Canara Bank,True,100.0
2026-07,2026-07,7,Kotak Mahindra Bank,Kotak Mahindra Bank,1173.985567,88.69,11.27,0.03,3.50576,95.15,926c689a-Ecosystem-Statistics-UPI-Top-50-member-performance-2026-Jul-Remitter.xlsx,sheet title,1,Kotak Mahindra Bank,True,99.99
2026-07,2026-07,8,Axis Bank Ltd.,Axis Bank,1056.594416,92.94,7.05,0.0,2.489288,99.07,926c689a-Ecosystem-Statistics-UPI-Top-50-member-performance-2026-Jul-Remitter.xlsx,sheet title,1,Axis Bank,True,99.99
2026-07,2026-07,9,India Post Payments Bank Limited,India Post Payments Bank,923.913461,80.82,18.85,0.34,6.665711,94.79,926c689a-Ecosystem-Statistics-UPI-Top-50-member-performance-2026-Jul-Remitter.xlsx,sheet title,1,India Post Payments Bank,True,100.01
2026-07,2026-07,10,Indian Bank,Indian Bank,839.975814,88.54,11.4,0.06,2.714405,96.94,926c689a-Ecosystem-Statistics-UPI-Top-50-member-performance-2026-Jul-Remitter.xlsx,sheet title,1,Indian Bank,True,100.0
2026-07,2026-07,11,ICICI Bank Ltd.,ICICI Bank,794.711223,94.95,4.88,0.17,1.968607,89.57,926c689a-Ecosystem-Statistics-UPI-Top-50-member-performance-2026-Jul-Remitter.xlsx,sheet title,1,ICICI Bank,True,100.0
2026-07,2026-07,12,Airtel Payments Bank Limited,Airtel Payments Bank,789.121996,72.56,26.97,0.47,5.037122,88.88,926c689a-Ecosystem-Statistics-UPI-Top-50-member-performance-2026-Jul-Remitter.xlsx,sheet title,1,Airtel Payments Bank,True,100.0
2026-07,2026-07,13,Bank of India,Bank of India,764.090044,89.98,9.34,0.68,3.71618,77.17,926c689a-Ecosystem-Statistics-UPI-Top-50-member-performance-2026-Jul-Remitter.xlsx,sheet title,1,Bank of India,True,100.0
2026-07,2026-07,14,Indian Overseas Bank,Indian Overseas Bank,466.803121,90.18,9.74,0.08,1.734096,91.66,926c689a-Ecosystem-Statistics-UPI-Top-50-member-performance-2026-Jul-Remitter.xlsx,sheet title,1,Indian Overseas Bank,True,100.0
2026-07,2026-07,15,Central Bank of India,Central Bank of India,453.774908,86.12,12.25,1.63,3.393959,69.02,926c689a-Ecosystem-Statistics-UPI-Top-50-member-performance-2026-Jul-Remitter.xlsx,sheet title,1,Central Bank of India,True,100.0
2026-07,2026-07,16,Uco Bank,UCO Bank,359.225624,87.06,12.86,0.09,1.597402,94.96,926c689a-Ecosystem-Statistics-UPI-Top-50-member-performance-2026-Jul-Remitter.xlsx,sheet title,1,UCO Bank,True,100.01
2026-07,2026-07,17,Federal Bank Ltd.,Federal Bank,305.65965,89.93,9.98,0.09,0.752935,98.78,926c689a-Ecosystem-Statistics-UPI-Top-50-member-performance-2026-Jul-Remitter.xlsx,sheet title,1,Federal Bank,True,100.0
2026-07,2026-07,18,Fino Payments Bank Ltd.,Fino Payments Bank,294.376352,76.13,23.64,0.23,2.68665,80.85,926c689a-Ecosystem-Statistics-UPI-Top-50-member-performance-2026-Jul-Remitter.xlsx,sheet title,1,Fino Payments Bank,True,100.0
2026-07,2026-07,19,Indusind Bank Ltd.,IndusInd Bank,267.270229,84.68,14.93,0.39,1.438499,77.18,926c689a-Ecosystem-Statistics-UPI-Top-50-member-performance-2026-Jul-Remitter.xlsx,sheet title,1,IndusInd Bank,True,100.0
2026-07,2026-07,20,Bank of Maharashtra,Bank of Maharashtra,263.628283,89.71,10.27,0.02,0.804032,96.13,926c689a-Ecosystem-Statistics-UPI-Top-50-member-performance-2026-Jul-Remitter.xlsx,sheet title,1,Bank of Maharashtra,True,100.0
2026-07,2026-07,21,IDBI Bank Ltd.,IDBI Bank,235.99438,89.98,9.18,0.85,1.106899,60.2,926c689a-Ecosystem-Statistics-UPI-Top-50-member-performance-2026-Jul-Remitter.xlsx,sheet title,1,IDBI Bank,True,100.01
2026-07,2026-07,22,Tri O Tech Solutions Private Limited,Tri O Tech Solutions,202.881109,100.0,0.0,0.0,,0.0,926c689a-Ecosystem-Statistics-UPI-Top-50-member-performance-2026-Jul-Remitter.xlsx,sheet title,1,Tri O Tech Solutions,False,100.0
2026-07,2026-07,23,Yes Bank Ltd.,YES Bank,178.473671,91.91,7.95,0.14,0.366474,87.7,926c689a-Ecosystem-Statistics-UPI-Top-50-member-performance-2026-Jul-Remitter.xlsx,sheet title,1,YES Bank,True,100.0
2026-07,2026-07,24,IDFC Bank Ltd.,IDFC FIRST Bank,178.365633,92.65,7.3,0.05,0.361448,89.75,926c689a-Ecosystem-Statistics-UPI-Top-50-member-performance-2026-Jul-Remitter.xlsx,sheet title,1,IDFC FIRST Bank,True,100.0
2026-07,2026-07,25,Karnataka Bank,Karnataka Bank,168.237518,89.28,10.54,0.18,0.425999,93.23,926c689a-Ecosystem-Statistics-UPI-Top-50-member-performance-2026-Jul-Remitter.xlsx,sheet title,1,Karnataka Bank,True,100.0
2026-07,2026-07,26,The Jammu & Kashmir Bank Limited,Jammu & Kashmir Bank,129.458828,92.09,7.72,0.19,0.52491,76.47,926c689a-Ecosystem-Statistics-UPI-Top-50-member-performance-2026-Jul-Remitter.xlsx,sheet title,1,Jammu & Kashmir Bank,True,100.0
2026-07,2026-07,27,Karur Vysya Bank,Karur Vysya Bank,115.216589,92.32,7.51,0.17,0.368035,91.88,926c689a-Ecosystem-Statistics-UPI-Top-50-member-performance-2026-Jul-Remitter.xlsx,sheet title,1,Karur Vysya Bank,True,100.0
2026-07,2026-07,28,Bandhan Bank Limited,Bandhan Bank,107.123257,93.41,6.2,0.4,0.626151,45.8,926c689a-Ecosystem-Statistics-UPI-Top-50-member-performance-2026-Jul-Remitter.xlsx,sheet title,1,Bandhan Bank,True,100.01
2026-07,2026-07,29,Jio Payments Bank Ltd,Jio Payments Bank,104.70889,75.73,24.17,0.1,1.208445,99.26,926c689a-Ecosystem-Statistics-UPI-Top-50-member-performance-2026-Jul-Remitter.xlsx,sheet title,1,Jio Payments Bank,True,100.0
2026-07,2026-07,30,Baroda U.P. Bank,Baroda UP Gramin Bank,101.39901,90.17,7.88,1.95,1.197093,67.94,926c689a-Ecosystem-Statistics-UPI-Top-50-member-performance-2026-Jul-Remitter.xlsx,sheet title,1,Baroda UP Gramin Bank,True,100.0
2026-07,2026-07,31,AU Small Finance Bank,AU Small Finance Bank,100.425014,85.69,14.09,0.22,0.426506,88.31,926c689a-Ecosystem-Statistics-UPI-Top-50-member-performance-2026-Jul-Remitter.xlsx,sheet title,1,AU Small Finance Bank,True,100.0
2026-07,2026-07,32,Slice Small Finance Bank Limited,Slice Small Finance Bank,99.923222,94.09,5.8,0.11,0.32034,98.25,926c689a-Ecosystem-Statistics-UPI-Top-50-member-performance-2026-Jul-Remitter.xlsx,sheet title,1,Slice Small Finance Bank,True,100.0
2026-07,2026-07,33,The South Indian Bank Limited,South Indian Bank,89.367662,92.65,7.25,0.1,0.187439,98.98,926c689a-Ecosystem-Statistics-UPI-Top-50-member-performance-2026-Jul-Remitter.xlsx,sheet title,1,South Indian Bank,True,100.0
2026-07,2026-07,34,NSDL Payments Bank Limited,NSDL Payments Bank,86.463984,74.94,24.53,0.53,1.285579,91.94,926c689a-Ecosystem-Statistics-UPI-Top-50-member-performance-2026-Jul-Remitter.xlsx,sheet title,1,NSDL Payments Bank,True,100.0
2026-07,2026-07,35,Punjab And Sind Bank,Punjab & Sind Bank,74.633656,86.27,13.24,0.49,0.415218,84.62,926c689a-Ecosystem-Statistics-UPI-Top-50-member-performance-2026-Jul-Remitter.xlsx,sheet title,1,Punjab & Sind Bank,True,100.0
2026-07,2026-07,36,Rajasthan Marudhara Gramin Bank,Rajasthan Marudhara Gramin Bank,74.239417,79.34,15.03,5.63,0.711008,60.59,926c689a-Ecosystem-Statistics-UPI-Top-50-member-performance-2026-Jul-Remitter.xlsx,sheet title,1,Rajasthan Marudhara Gramin Bank,True,100.0
2026-07,2026-07,37,Tamilnad Mercantile Bank Limited,Tamilnad Mercantile Bank,71.616039,90.32,8.67,1.01,0.210397,84.82,926c689a-Ecosystem-Statistics-UPI-Top-50-member-performance-2026-Jul-Remitter.xlsx,sheet title,1,Tamilnad Mercantile Bank,True,100.0
2026-07,2026-07,38,Ujjivan Small Finance Bank Limited,Ujjivan Small Finance Bank,68.946963,85.65,14.01,0.33,0.321385,85.24,926c689a-Ecosystem-Statistics-UPI-Top-50-member-performance-2026-Jul-Remitter.xlsx,sheet title,1,Ujjivan Small Finance Bank,True,99.99
2026-07,2026-07,39,City Union Bank,City Union Bank,67.169037,91.24,8.59,0.17,0.150414,98.82,926c689a-Ecosystem-Statistics-UPI-Top-50-member-performance-2026-Jul-Remitter.xlsx,sheet title,1,City Union Bank,True,100.0
2026-07,2026-07,40,Kerala Gramin Bank,Kerala Gramin Bank,65.992002,92.44,7.31,0.25,0.254518,84.11,926c689a-Ecosystem-Statistics-UPI-Top-50-member-performance-2026-Jul-Remitter.xlsx,sheet title,1,Kerala Gramin Bank,True,100.0
2026-07,2026-07,41,Karnataka Gramin Bank,Karnataka Gramin Bank,65.726068,87.53,12.06,0.41,0.374598,62.64,926c689a-Ecosystem-Statistics-UPI-Top-50-member-performance-2026-Jul-Remitter.xlsx,sheet title,1,Karnataka Gramin Bank,True,100.0
2026-07,2026-07,42,Telangana Grameena Bank,Telangana Grameena Bank,60.035447,81.18,15.02,3.8,0.576903,32.86,926c689a-Ecosystem-Statistics-UPI-Top-50-member-performance-2026-Jul-Remitter.xlsx,sheet title,1,Telangana Grameena Bank,True,100.0
2026-07,2026-07,43,Chaitanya Godavari Grameena Bank,Chaitanya Godavari Grameena Bank,55.300059,88.44,11.45,0.11,0.205451,94.77,926c689a-Ecosystem-Statistics-UPI-Top-50-member-performance-2026-Jul-Remitter.xlsx,sheet title,1,Chaitanya Godavari Grameena Bank,True,100.0
2026-07,2026-07,44,Maharashtra Gramin Bank,Maharashtra Gramin Bank,44.747514,82.98,15.52,1.5,0.226285,55.85,926c689a-Ecosystem-Statistics-UPI-Top-50-member-performance-2026-Jul-Remitter.xlsx,sheet title,1,Maharashtra Gramin Bank,True,100.0
2026-07,2026-07,45,Esaf Small Finance Bank Ltd,ESAF Small Finance Bank,38.877461,94.59,4.53,0.88,0.169896,83.06,926c689a-Ecosystem-Statistics-UPI-Top-50-member-performance-2026-Jul-Remitter.xlsx,sheet title,1,ESAF Small Finance Bank,True,100.0
2026-07,2026-07,46,Saraswat Co-Operative Bank,Saraswat Co-operative Bank,34.528678,92.66,6.7,0.64,0.120071,77.35,926c689a-Ecosystem-Statistics-UPI-Top-50-member-performance-2026-Jul-Remitter.xlsx,sheet title,1,Saraswat Co-operative Bank,True,100.0
2026-07,2026-07,47,Dbs Bank India Limited,DBS Bank India,32.914432,90.27,9.53,0.19,0.095339,94.18,926c689a-Ecosystem-Statistics-UPI-Top-50-member-performance-2026-Jul-Remitter.xlsx,sheet title,1,DBS Bank India,True,99.99
2026-07,2026-07,48,Sarva Haryana Gramin Bank,Sarva Haryana Gramin Bank,32.554147,87.84,11.89,0.27,0.188747,92.62,926c689a-Ecosystem-Statistics-UPI-Top-50-member-performance-2026-Jul-Remitter.xlsx,sheet title,1,Sarva Haryana Gramin Bank,True,100.0
2026-07,2026-07,49,Equitas Small Finance Bank,Equitas Small Finance Bank,30.911022,87.97,11.95,0.08,0.113429,82.74,926c689a-Ecosystem-Statistics-UPI-Top-50-member-performance-2026-Jul-Remitter.xlsx,sheet title,1,Equitas Small Finance Bank,True,100.0
2026-07,2026-07,50,One Mobikwik Systems Limited,One MobiKwik Systems,28.81611,100.0,0.0,0.0,,0.0,926c689a-Ecosystem-Statistics-UPI-Top-50-member-performance-2026-Jul-Remitter.xlsx,sheet title,1,One MobiKwik Systems,False,100.0
2026-08,2026-08,1,State Bank of India,State Bank of India,6845.842221,90.78,9.11,0.1,18.327216,96.6,59ceb41a-Ecosystem-Statistics-UPI-Top-50-member-performance-2026-Aug-Remitter.xlsx,filename (title mismatch),1,State Bank of India,True,99.99
2026-08,2026-08,2,Bank of Baroda,Bank of Baroda,1831.426252,86.18,13.79,0.04,5.375081,95.15,59ceb41a-Ecosystem-Statistics-UPI-Top-50-member-performance-2026-Aug-Remitter.xlsx,filename (title mismatch),1,Bank of Baroda,True,100.01
2026-08,2026-08,3,HDFC Bank Ltd.,HDFC Bank,1786.328061,93.07,6.93,0.0,3.144154,100.0,59ceb41a-Ecosystem-Statistics-UPI-Top-50-member-performance-2026-Aug-Remitter.xlsx,filename (title mismatch),1,HDFC Bank,True,100.0
2026-08,2026-08,4,Union Bank of India,Union Bank of India,1601.832921,89.49,10.32,0.2,5.128456,80.39,59ceb41a-Ecosystem-Statistics-UPI-Top-50-member-performance-2026-Aug-Remitter.xlsx,filename (title mismatch),1,Union Bank of India,True,100.01
2026-08,2026-08,5,Punjab National Bank,Punjab National Bank,1539.539118,88.81,11.08,0.11,8.938511,93.39,59ceb41a-Ecosystem-Statistics-UPI-Top-50-member-performance-2026-Aug-Remitter.xlsx,filename (title mismatch),1,Punjab National Bank,True,100.0
2026-08,2026-08,6,Canara Bank,Canara Bank,1282.886433,90.23,9.12,0.65,4.474664,79.63,59ceb41a-Ecosystem-Statistics-UPI-Top-50-member-performance-2026-Aug-Remitter.xlsx,filename (title mismatch),1,Canara Bank,True,100.0
2026-08,2026-08,7,Kotak Mahindra Bank,Kotak Mahindra Bank,1213.960245,88.72,11.26,0.02,0.191465,2.88,59ceb41a-Ecosystem-Statistics-UPI-Top-50-member-performance-2026-Aug-Remitter.xlsx,filename (title mismatch),1,Kotak Mahindra Bank,True,100.0
2026-08,2026-08,8,Axis Bank Ltd.,Axis Bank,1071.072905,92.81,7.19,0.0,2.161123,93.93,59ceb41a-Ecosystem-Statistics-UPI-Top-50-member-performance-2026-Aug-Remitter.xlsx,filename (title mismatch),1,Axis Bank,True,100.0
2026-08,2026-08,9,India Post Payments Bank Limited,India Post Payments Bank,950.234819,81.42,18.44,0.13,6.308893,96.28,59ceb41a-Ecosystem-Statistics-UPI-Top-50-member-performance-2026-Aug-Remitter.xlsx,filename (title mismatch),1,India Post Payments Bank,True,99.99
2026-08,2026-08,10,Indian Bank,Indian Bank,868.942048,88.19,11.47,0.34,3.036626,91.66,59ceb41a-Ecosystem-Statistics-UPI-Top-50-member-performance-2026-Aug-Remitter.xlsx,filename (title mismatch),1,Indian Bank,True,100.0
2026-08,2026-08,11,ICICI Bank Ltd.,ICICI Bank,829.389043,95.14,4.83,0.03,0.082955,1.73,59ceb41a-Ecosystem-Statistics-UPI-Top-50-member-performance-2026-Aug-Remitter.xlsx,filename (title mismatch),1,ICICI Bank,True,100.0
2026-08,2026-08,12,Airtel Payments Bank Limited,Airtel Payments Bank,804.875344,73.3,26.58,0.12,4.261584,95.81,59ceb41a-Ecosystem-Statistics-UPI-Top-50-member-performance-2026-Aug-Remitter.xlsx,filename (title mismatch),1,Airtel Payments Bank,True,100.0
2026-08,2026-08,13,Bank Of India,Bank of India,791.934482,90.62,9.26,0.12,2.838504,89.18,59ceb41a-Ecosystem-Statistics-UPI-Top-50-member-performance-2026-Aug-Remitter.xlsx,filename (title mismatch),1,Bank of India,True,100.0
2026-08,2026-08,14,Indian Overseas Bank,Indian Overseas Bank,483.833034,90.29,9.65,0.06,1.817572,90.19,59ceb41a-Ecosystem-Statistics-UPI-Top-50-member-performance-2026-Aug-Remitter.xlsx,filename (title mismatch),1,Indian Overseas Bank,True,100.0
2026-08,2026-08,15,Central Bank of India,Central Bank of India,478.279993,84.06,13.6,2.34,5.173571,55.15,59ceb41a-Ecosystem-Statistics-UPI-Top-50-member-performance-2026-Aug-Remitter.xlsx,filename (title mismatch),1,Central Bank of India,True,100.0
2026-08,2026-08,16,UCO Bank,UCO Bank,373.505414,87.38,12.49,0.14,1.557674,90.34,59ceb41a-Ecosystem-Statistics-UPI-Top-50-member-performance-2026-Aug-Remitter.xlsx,filename (title mismatch),1,UCO Bank,True,100.01
2026-08,2026-08,17,Federal Bank Ltd.,Federal Bank,312.603681,89.64,9.8,0.55,0.711999,93.6,59ceb41a-Ecosystem-Statistics-UPI-Top-50-member-performance-2026-Aug-Remitter.xlsx,filename (title mismatch),1,Federal Bank,True,99.99
2026-08,2026-08,18,Fino Payments Bank Ltd.,Fino Payments Bank,303.469763,76.37,23.28,0.35,0.063892,8.86,59ceb41a-Ecosystem-Statistics-UPI-Top-50-member-performance-2026-Aug-Remitter.xlsx,filename (title mismatch),1,Fino Payments Bank,True,100.0
2026-08,2026-08,19,Indusind Bank Ltd.,IndusInd Bank,275.943604,84.64,15.02,0.34,1.298108,73.32,59ceb41a-Ecosystem-Statistics-UPI-Top-50-member-performance-2026-Aug-Remitter.xlsx,filename (title mismatch),1,IndusInd Bank,True,100.0
2026-08,2026-08,20,Bank of Maharashtra,Bank of Maharashtra,274.233912,90.49,9.45,0.06,0.818516,88.71,59ceb41a-Ecosystem-Statistics-UPI-Top-50-member-performance-2026-Aug-Remitter.xlsx,filename (title mismatch),1,Bank of Maharashtra,True,100.0
2026-08,2026-08,21,IDBI Bank Ltd.,IDBI Bank,243.236917,90.59,9.21,0.19,0.655216,85.71,59ceb41a-Ecosystem-Statistics-UPI-Top-50-member-performance-2026-Aug-Remitter.xlsx,filename (title mismatch),1,IDBI Bank,True,99.99
2026-08,2026-08,22,Tri O Tech Solutions Private Limited,Tri O Tech Solutions,219.489392,100.0,0.0,0.0,,0.0,59ceb41a-Ecosystem-Statistics-UPI-Top-50-member-performance-2026-Aug-Remitter.xlsx,filename (title mismatch),1,Tri O Tech Solutions,False,100.0
2026-08,2026-08,23,IDFC Bank Ltd.,IDFC FIRST Bank,180.558173,92.63,7.34,0.03,0.301195,89.79,59ceb41a-Ecosystem-Statistics-UPI-Top-50-member-performance-2026-Aug-Remitter.xlsx,filename (title mismatch),1,IDFC FIRST Bank,True,100.0
2026-08,2026-08,24,Yes Bank Ltd.,YES Bank,178.173167,92.02,7.88,0.1,0.295644,90.23,59ceb41a-Ecosystem-Statistics-UPI-Top-50-member-performance-2026-Aug-Remitter.xlsx,filename (title mismatch),1,YES Bank,True,100.0
2026-08,2026-08,25,Karnataka Bank Ltd.,Karnataka Bank,171.821945,89.3,10.56,0.14,0.388535,84.7,59ceb41a-Ecosystem-Statistics-UPI-Top-50-member-performance-2026-Aug-Remitter.xlsx,filename (title mismatch),1,Karnataka Bank,True,100.0
2026-08,2026-08,26,The Jammu & Kashmir Bank Limited,Jammu & Kashmir Bank,134.160522,92.34,7.57,0.08,0.416584,83.59,59ceb41a-Ecosystem-Statistics-UPI-Top-50-member-performance-2026-Aug-Remitter.xlsx,filename (title mismatch),1,Jammu & Kashmir Bank,True,99.99
2026-08,2026-08,27,Karur Vysya Bank,Karur Vysya Bank,117.080579,92.19,7.61,0.2,0.333016,83.9,59ceb41a-Ecosystem-Statistics-UPI-Top-50-member-performance-2026-Aug-Remitter.xlsx,filename (title mismatch),1,Karur Vysya Bank,True,100.0
2026-08,2026-08,28,slice Small Finance Bank Limited,Slice Small Finance Bank,111.853209,94.25,5.72,0.03,0.324593,100.0,59ceb41a-Ecosystem-Statistics-UPI-Top-50-member-performance-2026-Aug-Remitter.xlsx,filename (title mismatch),1,Slice Small Finance Bank,True,100.0
2026-08,2026-08,29,Bandhan Bank Limited,Bandhan Bank,110.416792,92.71,6.7,0.59,0.287036,0.79,59ceb41a-Ecosystem-Statistics-UPI-Top-50-member-performance-2026-Aug-Remitter.xlsx,filename (title mismatch),1,Bandhan Bank,True,100.0
2026-08,2026-08,30,Baroda U.P. Bank,Baroda UP Gramin Bank,109.671881,88.6,8.96,2.44,1.398315,58.86,59ceb41a-Ecosystem-Statistics-UPI-Top-50-member-performance-2026-Aug-Remitter.xlsx,filename (title mismatch),1,Baroda UP Gramin Bank,True,100.0
2026-08,2026-08,31,AU small Finance Bank,AU Small Finance Bank,104.430043,85.48,14.44,0.08,0.316509,100.0,59ceb41a-Ecosystem-Statistics-UPI-Top-50-member-performance-2026-Aug-Remitter.xlsx,filename (title mismatch),1,AU Small Finance Bank,True,100.0
2026-08,2026-08,32,Jio Payments Bank Ltd,Jio Payments Bank,101.649976,78.02,21.64,0.34,1.218987,98.65,59ceb41a-Ecosystem-Statistics-UPI-Top-50-member-performance-2026-Aug-Remitter.xlsx,filename (title mismatch),1,Jio Payments Bank,True,100.0
2026-08,2026-08,33,The South Indian Bank Limited,South Indian Bank,91.450743,92.98,6.84,0.18,0.188043,81.59,59ceb41a-Ecosystem-Statistics-UPI-Top-50-member-performance-2026-Aug-Remitter.xlsx,filename (title mismatch),1,South Indian Bank,True,100.0
2026-08,2026-08,34,NSDL Payments Bank Limited,NSDL Payments Bank,85.056548,75.87,22.96,1.17,1.251143,84.1,59ceb41a-Ecosystem-Statistics-UPI-Top-50-member-performance-2026-Aug-Remitter.xlsx,filename (title mismatch),1,NSDL Payments Bank,True,100.0
2026-08,2026-08,35,Rajasthan Marudhara Gramin Bank,Rajasthan Marudhara Gramin Bank,78.463399,83.38,15.44,1.18,0.586023,39.28,59ceb41a-Ecosystem-Statistics-UPI-Top-50-member-performance-2026-Aug-Remitter.xlsx,filename (title mismatch),1,Rajasthan Marudhara Gramin Bank,True,100.0
2026-08,2026-08,36,Punjab and Sind Bank,Punjab & Sind Bank,76.938847,85.18,12.88,1.95,0.696423,55.94,59ceb41a-Ecosystem-Statistics-UPI-Top-50-member-performance-2026-Aug-Remitter.xlsx,filename (title mismatch),1,Punjab & Sind Bank,True,100.01
2026-08,2026-08,37,Tamilnad Mercantile Bank Limited,Tamilnad Mercantile Bank,72.541164,90.91,8.73,0.36,0.161119,85.75,59ceb41a-Ecosystem-Statistics-UPI-Top-50-member-performance-2026-Aug-Remitter.xlsx,filename (title mismatch),1,Tamilnad Mercantile Bank,True,100.0
2026-08,2026-08,38,Ujjivan Small Finance Bank Limited,Ujjivan Small Finance Bank,70.348319,85.77,14.02,0.21,0.216709,100.0,59ceb41a-Ecosystem-Statistics-UPI-Top-50-member-performance-2026-Aug-Remitter.xlsx,filename (title mismatch),1,Ujjivan Small Finance Bank,True,100.0
2026-08,2026-08,39,Kerala Gramin Bank,Kerala Gramin Bank,68.614167,91.87,7.29,0.84,0.093073,0.08,59ceb41a-Ecosystem-Statistics-UPI-Top-50-member-performance-2026-Aug-Remitter.xlsx,filename (title mismatch),1,Kerala Gramin Bank,True,100.0
2026-08,2026-08,40,City Union Bank,City Union Bank,67.953163,91.23,8.7,0.07,0.004532,14.34,59ceb41a-Ecosystem-Statistics-UPI-Top-50-member-performance-2026-Aug-Remitter.xlsx,filename (title mismatch),1,City Union Bank,True,100.0
2026-08,2026-08,41,Karnataka Gramin Bank,Karnataka Gramin Bank,67.330569,87.91,11.86,0.23,0.452089,48.46,59ceb41a-Ecosystem-Statistics-UPI-Top-50-member-performance-2026-Aug-Remitter.xlsx,filename (title mismatch),1,Karnataka Gramin Bank,True,100.0
2026-08,2026-08,42,Chaitanya Godavari Grameena Bank,Chaitanya Godavari Grameena Bank,57.575597,89.33,10.5,0.16,0.19142,84.42,59ceb41a-Ecosystem-Statistics-UPI-Top-50-member-performance-2026-Aug-Remitter.xlsx,filename (title mismatch),1,Chaitanya Godavari Grameena Bank,True,99.99
2026-08,2026-08,43,Telangana Grameena Bank,Telangana Grameena Bank,56.382922,87.03,12.4,0.57,0.174327,72.81,59ceb41a-Ecosystem-Statistics-UPI-Top-50-member-performance-2026-Aug-Remitter.xlsx,filename (title mismatch),1,Telangana Grameena Bank,True,100.0
2026-08,2026-08,44,Maharashtra Gramin Bank,Maharashtra Gramin Bank,45.874636,84.4,14.36,1.23,0.094114,0.0,59ceb41a-Ecosystem-Statistics-UPI-Top-50-member-performance-2026-Aug-Remitter.xlsx,filename (title mismatch),1,Maharashtra Gramin Bank,True,99.99
2026-08,2026-08,45,ESAF Small Finance Bank Ltd,ESAF Small Finance Bank,41.09294,90.6,8.63,0.77,0.158943,68.14,59ceb41a-Ecosystem-Statistics-UPI-Top-50-member-performance-2026-Aug-Remitter.xlsx,filename (title mismatch),1,ESAF Small Finance Bank,True,100.0
2026-08,2026-08,46,Saraswat Co-operative Bank,Saraswat Co-operative Bank,36.432795,92.75,6.78,0.47,0.092207,87.2,59ceb41a-Ecosystem-Statistics-UPI-Top-50-member-performance-2026-Aug-Remitter.xlsx,filename (title mismatch),1,Saraswat Co-operative Bank,True,100.0
2026-08,2026-08,47,Sarva Haryana Gramin Bank,Sarva Haryana Gramin Bank,33.228492,87.53,11.79,0.68,0.037046,14.25,59ceb41a-Ecosystem-Statistics-UPI-Top-50-member-performance-2026-Aug-Remitter.xlsx,filename (title mismatch),1,Sarva Haryana Gramin Bank,True,100.0
2026-08,2026-08,48,DBS Bank India Limited,DBS Bank India,33.149834,90.28,9.56,0.16,0.007127,6.06,59ceb41a-Ecosystem-Statistics-UPI-Top-50-member-performance-2026-Aug-Remitter.xlsx,filename (title mismatch),1,DBS Bank India,True,100.0
2026-08,2026-08,49,Equitas Small Finance Bank,Equitas Small Finance Bank,31.340191,86.76,13.02,0.21,0.104175,77.13,59ceb41a-Ecosystem-Statistics-UPI-Top-50-member-performance-2026-Aug-Remitter.xlsx,filename (title mismatch),1,Equitas Small Finance Bank,True,99.99
2026-08,2026-08,50,One Mobikwik Systems Limited,One MobiKwik Systems,30.040117,100.0,0.0,0.0,,0.0,59ceb41a-Ecosystem-Statistics-UPI-Top-50-member-performance-2026-Aug-Remitter.xlsx,filename (title mismatch),1,One MobiKwik Systems,False,100.0
